Bulghakov_Blazhienstvo.txt,10131
я,263
в,231
не,220
и,216
рейн,189
вы,173
что,153
милославский,136
на,119
бунша,117
радаманов,115
это,114
аврора,105
с,100
а,89
у,74
анна,73
же,70
вас,69
мне,66
меня,65
да,63
саввич,60
вот,57
как,54
нет,54
вам,52
его,51
он,51
к,48
за,44
все,43
но,41
ну,38
ты,37
—,36
михельсон,35
так,34
по,33
то,31
ничего,30
входит,28
из,28
только,26
рейна,25
мы,25
очень,24
может,24
бы,24
милиция,23
михельсона,23
ах,23
быть,22
уходит,22
кто,21
часы,21
мой,21
если,21
они,21
время,20
мерси,20
ключ,20
сейчас,20
о,19
граббе,19
от,19
гость,18
потом,18
еще,18
человек,18
нас,18
этого,18
механизм,17
могу,17
чтобы,17
этот,16
здесь,15
где,15
ли,15
свет,15
пауза,15
их,15
тебе,15
павел,15
пожалуйста,15
иоанн,14
товарищ,14
она,14
понимаю,14
там,13
чем,13
уже,13
гражданин,12
гармонии,12
когда,12
ее,12
скажите,12
надо,12
сергеевич,12
прошу,12
дорогой,12
во,11
времени,11
рейну,11
него,11
аппарат,11
такое,11
фердинанд,11
царь,10
какой,10
простите,10
стихи,10
вами,10
эти,10
ведь,10
бросается,10
вспыхивает,10
исчезает,10
без,10
себя,10
мои,10
отец,10
институт,10
,9
евгений,9
инженер,9
соседка,9
князь,9
голова,9
день,9
пальто,9
кольцо,9
дело,9
этой,9
машину,9
есть,9
появляется,9
товарищи,9
были,9
для,9
века,9
аппарате,9
ваш,9
всего,9
радаманова,9
ни,9
николаевич,8
дверь,8
сегодня,8
или,8
знаю,8
какие,8
темно,8
до,8
хочу,8
святослав,8
значит,8
ваши,8
говорит,8
про,8
сюда,8
голову,8
раз,8
том,8
сигнал,8
сказали,8
первого,8
того,8
нам,8
им,8
убегает,8
шкаф,8
блаженство,7
секретарь,7
опричник,7
комнате,7
механизма,7
опять,7
чтоб,7
куда,7
ж,7
говорите,7
открывается,7
люди,7
читает,7
комнату,7
будете,7
моя,7
владимирович,7
нельзя,7
такие,7
вынимает,7
позвольте,7
почему,7
ней,7
черт,7
слово,7
всех,7
тут,7
бунше,7
милославскому,7
смотрит,7
тебя,7
нравится,7
что-нибудь,7
люк,7
уходят,7
ваше,7
мной,7
саввича,7
будет,7
при,6
жизни,6
юрий,6
профессор,6
сидит,6
телефону,6
несколько,6
со,6
интересно,6
нем,6
знаете,6
виноват,6
машина,6
впрочем,6
одно,6
боже,6
извиняюсь,6
золотой,6
минуту,6
портсигар,6
гаснет,6
другой,6
двадцать,6
вбегает,6
конец,6
что-то,6
оба,6
руку,6
всем,6
один,6
клептомания,6
изобретений,5
бунша-корецкий,5
института,5
услужливый,5
действие,5
комната,5
голос,5
глухие,5
нету,5
потому,5
доме,5
даже,5
теперь,5
механизму,5
замок,5
свою,5
вещи,5
квартиру,5
наш,5
эта,5
должен,5
жизнь,5
буду,5
над,5
совершенно,5
включает,5
мгновение,5
комнаты,5
под,5
гой,5
звонил,5
стало,5
момент,5
аппарата,5
три,5
господи,5
батюшки,5
мая,5
кстати,5
разрешите,5
благодарю,5
ушел,5
двадцатого,5
милый,5
тоже,5
равно,5
ума,5
людей,5
некоторое,5
возвращается,5
летим,5
кармане,5
больше,5
тем,5
кроме,5
изобретение,5
аврору,5
ваших,5
б,5
первый,5
попрошу,5
шкафа,5
хронометр,5
жорж,5
палец,5
стрелецкий,4
народный,4
комиссар,4
тот,4
вдруг,4
вашей,4
сказать,4
любовнику,4
знает,4
было,4
занят,4
пока,4
двери,4
хорошо,4
дома,4
ему,4
товарища,4
трубку,4
стол,4
затем,4
фамилия,4
ага,4
можно,4
которые,4
сын,4
дом,4
жена,4
является,4
была,4
интересная,4
своей,4
милицию,4
такой,4
какая,4
объясню,4
себе,4
сожалению,4
палата,4
пишет,4
бьет,4
месте,4
часами,4
зачем,4
какого,4
одного,4
москве,4
этим,4
одну,4
схватывает,4
вместе,4
после,4
открывает,4
та,4
делаете,4
спасибо,4
также,4
приятно,4
часов,4
столе,4
поверьте,4
моих,4
итак,4
блаженстве,4
аппарату,4
ко,4
видеть,4
удовольствием,4
внезапно,4
доктор,4
хотите,4
свой,4
аплодисмент,4
ним,4
гран,4
сию,4
обнимает,4
закусывайте,4
милиции,4
слова,4
а-а,4
друг,4
кого,4
надоел,4
место,4
этом,4
друга,4
уж,4
авророй,4
тобой,4
лучше,4
именно,4
прежде,4
прощайте,4
словах,4
сказал,4
полюбил,4
болван,4
вашем,4
полеты,4
нами,4
виду,4
саввичу,4
мэрфи,4
украсть,4
иван,3
грозный,3
прозодежде,3
работает,3
звуки,3
последний,3
голоса,3
селедки,3
скорее,3
ей,3
вчера,3
ушла,3
такого,3
никогда,3
нему,3
сценой,3
службе,3
надпись,3
взламывает,3
большое,3
первым,3
долгом,3
нужно,3
кладет,3
страшно,3
выпивает,3
берет,3
богат,3
начинает,3
голове,3
дамская,3
шляпа,3
посмотрите,3
надел,3
государство,3
будут,3
платить,3
говорю,3
документы,3
кучера,3
пантелея,3
стоит,3
понятно,3
нее,3
немедленно,3
вообще,3
например,3
насчет,3
машины,3
лицо,3
пять,3
минус,3
какой-то,3
где-то,3
вскакивает,3
сгинь,3
ох,3
бежит,3
банном,3
переулке,3
палату,3
руках,3
исчезают,3
слышал,3
хоть,3
михельсоновы,3
нашего,3
черту,3
будьте,3
обратно,3
чердаке,3
изобрел,3
я…,3
ключик,3
поднимается,3
вихрь,3
буншу,3
мечется,3
обокрали,3
гляньте,3
паники,3
ход,3
терраса,3
воздух,3
через,3
прилетела,3
утра,3
папа,3
знаешь,3
колонны,3
уверен,3
будем,3
них,3
по-видимому,3
действия,3
музыка,3
вон,3
блаженства,3
вертикаль,3
слушайте,3
сверху,3
перед,3
трое,3
откуда,3
подозрения,3
буква,3
говорить,3
покорнейше,3
мадемуазель,3
спирт,3
бокальчик,3
неужели,3
анне,3
а…,3
карточки,3
руки,3
сошел,3
сколько,3
женя,3
минутку,3
лет,3
потерял,3
милославского,3
из-за,3
вашего,3
входят,3
идет,3
вспомню,3
об,3
вина,3
катастрофа,3
полночь,3
зал,3
правда,3
уходите,3
чего,3
извините,3
хорошие,3
идемте,3
вашему,3
молча,3
садится,3
звонит,3
бойтесь,3
этих,3
трех,3
отсюда,3
мало,3
говорил,3
ком,3
угодно,3
уклон,3
сами,3
заседании,3
взгляда,3
мое,3
павловна,3
целовалась,3
физиком,3
вашу,3
шифром,3
ура,3
был,3
молчать,3
принять,3
отдал,3
принадлежит,3
ваша,3
увидеть,3
просим,3
добровольно,3
полетит,3
пенсне,3
пальцем,3
тревога,3
берите,3
васильевич,2
пьесе,2
бога,2
мертвых,2
человека,2
михаил,2
булгаков,2
инженера,2
солист,2
домоуправления,2
директор,2
происходит,2
времена,2
первое,2
весенний,2
квартира,2
маленький,2
начинают,2
селедки…,2
день…,2
топот,2
стук,2
софья,2
нашем,2
вечером,2
помню,2
совсем,2
послушайте,2
скрывается,2
слышно,2
полная,2
тишина,2
весь,2
наконец,2
слышны,2
парадная,2
переднюю,2
наверно,2
самом,2
деле,2
всегда,2
живут,2
заметил,2
наркомснаб,2
добавочный,2
девятьсот,2
ну-с,2
шкафы,2
водку,2
любит,2
стола,2
славен,2
кочубей,2
луга,2
необозримы…,2
вокруг,2
тушит,2
внуков,2
дому,2
перестану,2
ужас,2
рухнет,2
денег,2
лежат,2
какому-то,2
бросила,2
какие-нибудь,2
виды,2
неинтересно,2
сам,2
объясните,2
пользу,2
странный,2
сделали,2
говорили,2
компанию,2
сволочь,2
-,2
главное,2
обязан,2
повремените,2
просто-напросто,2
делаю,2
существует,2
которое,2
иметь,2
словом,2
никого,2
касается,2
слышен,2
шифр,2
плюс,2
колокола,2
сводчатая,2
которой,2
слышится,2
…и,2
руководителю…,2
иже…,2
руси…,2
крестится,2
крестясь,2
крестя,2
какую,2
держите,2
увидят,2
вслед,2
физик,2
разрешения,2
сделал,2
появился,2
трезвый,2
крышу,2
иоанна,2
грянул,2
послышались,2
крики,2
бердышом,2
выключает,2
стенка,2
звонили,2
твой,2
имеете,2
собой,2
чердак,2
какое,2
куда-то,2
туда,2
прямо,2
довел,2
стрелку,2
эпохи,2
оставил,2
года,2
добры,2
станьте,2
наклоняется,2
наступает,2
большой,2
бросает,2
большом,2
быстро,2
взломали,2
царя,2
ограбили,2
займите,2
которая,2
нашему,2
столом,2
входя,2
читаю,2
переодеваться,2
поздравляю,2
восемь,2
признаюсь,2
дай,2
ответ,2
назад,2
собственно,2
понравились,2
брови,2
гармонию,2
голубой,2
убедительно,2
ту,2
сторону,2
раскрывается,2
фраке,2
вручить,2
пришел,2
ответом,2
разговор,2
полуночи,2
слушаю,2
хотя,2
сделаю,2
женщина,2
делаешь,2
человеком,2
конечно,2
бывают,2
стекла,2
во-первых,2
раньше,2
во-вторых,2
одном,2
видит,2
оборачивается,2
две,2
год,2
разбил,2
он…,2
поймите,2
ночь,2
той,2
фраках,2
бальном,2
голубая,2
смотрите,2
рой,2
вертикали,2
хочет,2
хотели,2
гениальный,2
донесся,2
гул,2
вызвали,2
мире,2
устали,2
гостя,2
большим,2
скажете,2
карманам,2
суматохе,2
мыслью,2
увидим,2
задом,2
довольно,2
фраки,2
сразу,2
выходит,2
ищете,2
давайте,2
минуты,2
желаю,2
народ,2
знать,2
перестань,2
точно,2
успокаивает,2
человеку,2
кармана,2
каком,2
основании,2
шампанского,2
вопрос,2
спирту,2
выпив,2
помешать,2
ищет,2
иначе,2
спросил,2
утром,2
писать,2
смотрю,2
умер,2
хохочет,2
раздаст,2
отберет,2
пьяна,2
спирта,2
помощником,2
такая,2
история…,2
нашей,2
голубчик,2
свои,2
видел,2
сдать,2
считаю,2
понимаю…,2
добьешься,2
сердце,2
поправим,2
доброго,2
тихо,2
другое,2
самостоятельно,2
лечебнице,2
да…,2
выпейте,2
вы-то,2
женой,2
ага…,2
вы…,2
имею,2
слов,2
рождены,2
случилось,2
просто,2
верю,2
докажу,2
голосе,2
прочтете,2
условия,2
моим,2
сергеевич…,2
застенчив,2
артист,2
чьи,2
славен…,2
кочубей…,2
какие-то,2
почему-то,2
пишут,2
дайте,2
молитва,2
одна,2
аллилуйи,2
жениху,2
целует,2
громче,2
колоколами,2
вспомнить,2
спал,2
работать,2
память,2
раза,2
цифры,2
останавливается,2
бюро,2
решительно,2
ними,2
его…,2
работу,2
карман,2
считать,2
прилетели,2
улетели,2
понял,2
уберегу,2
сигналы,2
никто,2
дали,2
закрыт,2
бумагу,2
бумаг,2
проще,2
удобнее,2
невесту,2
подыскать,2
драгоценный,2
бесклассовое,2
должны,2
беречь,2
свободны,2
увидев,2
нравлюсь,2
общества,2
сего,2
третьего,2
выхватывает,2
разыскивает,2
никому,2
пробыли,2
некогда,2
академик,2
э-э-х,2
ходят,2
рот,2
колени,2
беда,2
пустить,2
скоро,2
нужны,2
уходим,2
делать,2
женечка,2
важности,2
вашим,2
передать,2
постановили,2
желания,2
этому,2
нечего,2
народных,2
комиссаров,2
дадут,2
диван,2
возле,2
поверю,2
кормить,2
пойдет,2
понимаете,2
жил,2
который,2
встретите,2
можете,2
говорят,2
сильно,2
слишком,2
дня,2
нашелся,2
уважаемый,2
последнего,2
имей,2
муж,2
кричать,2
твою,2
замолчи,2
футляр,2
девался,2
прибыл,2
закрывают,2
имейте,2
пресс-папье,2
как…,2
дороге,2
образные,2
выражения,2
преступник,2
хорошенького,2
профессора,2
нужен,2
оскорбили,2
придется,2
оскорбил,2
попадался,2
говори,2
дал,2
ненавижу,2
отпадает,2
анюта,2
боюсь,2
летательный,2
стальная,2
стена,2
скорей,2
взрыв,2
музыки,2
пистолет,2
движение,2
указав,2
прощай,2
протокол,2
вор,2
чердаке…,2
получите,2
временно,2
бойся,2
прыщ,2
поверят,2
annotation,1
ранняя,1
редакция,1
пьесы,1
написана,1
г,1
булгакова,1
публиковалась,1
ставилась,1
показано,1
воображаемое,1
будущее,1
коммунистического,1
строя,1
главе,1
народным,1
комиссаром,1
радамановым,1
сама,1
страна,1
осуществленной,1
коммуно-технократической,1
утопии,1
называется,1
пародийно,1
трансформирован,1
запечатленный,1
гомеровской,1
одиссее,1
древнегреческий,1
миф,1
златовласом,1
радаманфе,1
сыне,1
зевса,1
судье,1
царстве,1
которому,1
подвластен,1
элизиум,1
елисейские,1
поля,1
блаженное,1
царство,1
пробегают,1
светло,1
беспечальные,1
дни,1
сон,1
действующие,1
лица,1
прозвищу,1
дочь,1
медицины,1
разные,1
московская,1
передняя,1
телефоном,1
большая,1
полном,1
беспорядке,1
рядом,1
гражданина,1
обильно,1
меблированная,1
подставке,1
чертежи,1
инструмент,1
промасленной,1
небрит,1
бессонен,1
удается,1
настроить,1
слышаться,1
долетающие,1
издали,1
приятные,1
музыкальные,1
мягкие,1
шумы,1
триста,1
шестьдесят,1
четыре…,1
звук…,1
больше…,1
сценою,1
возбужденный,1
соседки,1
ног,1
войдя,1
петровна,1
петр…,1
супруге,1
кооперативе,1
второму,1
талону,1
дают,1
шла,1
пошла,1
какому,1
петр,1
иванович,1
илья,1
петрович,1
серой,1
шляпе,1
беспартийный,1
оригинальный,1
пропадут,1
придет,1
беспартийного-то,1
страдаете,1
ну…,1
дела,1
ушла…,1
хлопанье,1
мерзавки,1
обращается,1
сначала,1
терпение,1
выберу,1
ряд,1
постепенно,1
убывает,1
дальние,1
певучие,1
беззвучно,1
одетый,1
похожий,1
артиста,1
прислушиваясь,1
патефон,1
починяет,1
сергеи,1
евгеньевич,1
курьезный,1
учреждении,1
думает,1
чудный,1
повесил,1
плохой,1
прекрасная,1
обстановка,1
холостые,1
прилично,1
э,1
телефон,1
отдельный,1
удобство,1
позвонить,1
изменив,1
бонжур,1
конца,1
угадайте,1
артистка,1
знакома,1
безумно,1
познакомиться,1
четырех,1
позвоню,1
настойчивая,1
удивился,1
начнем,1
письменный,1
выбирает,1
ценные,1
шифоньерки,1
ампир,1
аккуратный,1
снимает,1
стенные,1
надевает,1
меряет,1
шляпу,1
номер,1
устал,1
достает,1
буфета,1
графинчик,1
закуску,1
настаивает,1
прелестная,1
водка,1
полынь,1
уютно,1
почитать,1
книгу,1
красивые,1
настаиваете,1
таинственная,1
сюрприз,1
выйдет,1
удивляется,1
угасает,1
набирается,1
воздухе,1
возникать,1
слабо,1
мерцающее,1
светится,1
иное,1
провалились,1
проклятые,1
улыбается,1
серьезно,1
головной,1
убор,1
зеркала,1
шляпку,1
лидии,1
васильевны,1
рассеянный,1
годы,1
сидеть,1
нянчить,1
целый,1
бродите,1
книгой,1
ходить,1
произойдет,1
думают,1
двору,1
прохожу,1
содрогаюсь,1
окна,1
раскрыты,1
подоконниках,1
рассказывают,1
рассказывать,1
запрещено,1
лечиться,1
доказал,1
называйте,1
князем,1
упорства,1
бумаги,1
удостоверяющие,1
мама,1
изменяла,1
папе,1
похож,1
потрудитесь,1
прочесть,1
заклинаю,1
заплатите,1
луковкин,1
черную,1
доску,1
попадет,1
петру,1
ильичу,1
развалина,1
истязает,1
мне-то,1
заявили,1
волнует,1
имели,1
выписать,1
выехала,1
интересовался,1
узнаю,1
выпишу,1
присяду,1
незачем,1
присаживаться,1
объяснить,1
тревожить,1
работы,1
недавно,1
лекция,1
колоссальную,1
получил,1
читали,1
венерические,1
болезни,1
наша,1
полезная,1
понимают,1
красное,1
дерево,1
покупает,1
платит,1
туго,1
бредите,1
обращаюсь,1
мольбой,1
заявите,1
зарегистрировать,1
четырнадцатой,1
квартире,1
строите,1
из-под,1
советской,1
власти,1
улететь,1
погибнете,1
говорила,1
племянница,1
чертовы,1
ведьмы,1
болтают,1
чепуху,1
виноваты,1
старый,1
зуда,1
шляетесь,1
всему,1
подглядываете,1
ябедничаете,1
врете,1
занимающее,1
официальный,1
пост,1
наблюдать,1
тревожит,1
вынужден,1
сообщить,1
ради,1
идите,1
опыты,1
изучением,1
фикция,1
прошедшего,1
будущего…,1
идею,1
пространстве,1
измерений,1
одним,1
вдолбите,1
безобидно,1
невредно,1
взорвется,1
возьмем,1
включим,1
прошлое,1
светиться,1
певучий,1
звук,1
идиот,1
изобретатель,1
кретин,1
обратный,1
включить,1
цифру,1
наоборот,1
поворачивает,1
наново,1
ослабевает,1
раздается,1
удар,1
вместо,1
посохом,1
черной,1
рясе,1
диктует,1
диктовку,1
парчовой,1
одежде,1
поверх,1
накинута,1
ряса,1
церковное,1
складное,1
пение,1
тягучий,1
колокольный,1
звон,1
замирают,1
…к,1
пренебесному,1
селению,1
преподобному,1
игумену,1
козме,1
…козме,1
…о,1
христе,1
братиею…,1
братиею,1
великий,1
всея,1
…всея,1
…челом,1
услышав,1
поворачивают,1
головы,1
дико,1
вскрикнув,1
пятится,1
увы,1
грешному,1
горе,1
окаянному,1
скверному,1
душегубцу,1
исступлении,1
стены,1
иоанном,1
передней,1
дежурного,1
городу,1
домкома,1
десятого,1
жакта,1
банный,1
переулок,1
снимаю,1
ответственность,1
согласен,1
отвечать,1
ждем,1
нетерпением,1
вешает,1
вбегая,1
чердака,1
хода,1
палатой,1
затявкал,1
набатный,1
колокол,1
выстрел,1
врывается,1
псы,1
басурманские,1
взмахивает,1
возьми,1
прекращается,1
шум,1
остается,1
небольшой,1
темный,1
провал,1
видали,1
постойте,1
честное,1
старая,1
паскудный,1
права…,1
кому-нибудь,1
выскочит,1
захлопнул,1
счастье,1
селедками,1
унес,1
провала,1
встревоженный,1
шумом,1
мышкой,1
вышел,1
провалилась,1
пройти,1
улицу,1
стойте,1
очевидно,1
нуля,1
тьфу,1
зовут,1
милославекий,1
документ,1
даче,1
государственных,1
театров,1
вышли,1
коверкотовое,1
циферблат,1
отправлю,1
движет,1
оказия,1
заело,1
штука,1
волнуйтесь,1
попали…,1
пугайтесь,1
налажу,1
фикция…,1
приходило,1
том-то,1
механизм…,1
богатая,1
вещь,1
отвертку,1
возьму,1
отворачивается,1
инструменту,1
машине,1
меняется,1
вихрь…,1
тронул,1
караул,1
подхватывает,1
втаскивает,1
схватывается,1
занавеску,1
обрывает,1
увлекаемый,1
вихрем,1
кольце,1
вышло,1
влетает,1
механизмом,1
паузы,1
десять…,1
парадном,1
ходе,1
начинаются,1
энергичные,1
звонки,1
числе,1
слава,1
поспели,1
стенку,1
костюмы,1
свете,1
сидоров,1
черный,1
часть,1
москвы,1
великой,1
носит,1
название,1
чудовищной,1
высоте,1
землей,1
громадная,1
колоннадой,1
мрамор,1
сложная,1
малозаметная,1
незнакомая,1
аппаратура,1
домашнем,1
костюме,1
блаженством,1
необъятный,1
закат,1
пора,1
четверть,1
часа,1
вынув,1
наступающим,1
девять,1
мучить,1
мучьте,1
ломился,1
спрашивал,1
думаешь,1
осчастливить,1
откровенно,1
безразлично,1
какой-нибудь,1
последнее,1
будто,1
разочаровалась,1
помнится,1
месяц,1
стояла,1
отнимала,1
рассказывая,1
возможно,1
померещилось,1
понять,1
прельстил,1
поразил,1
теорией,1
гармония,1
папа…,1
прости,1
саввича…,1
аппаратуре,1
подымется,1
кончайте,1
другую,1
ухожу,1
ослепительно,1
одет,1
цветами,1
дорогая,1
удивляйтесь,1
гостей,1
цветы,1
садитесь,1
дадите,1
отложим,1
собраться,1
мыслями,1
готов,1
ждать,1
измениться,1
союз,1
неизбежен,1
гармоническая,1
пара,1
силах,1
счастливы,1
откланяться,1
явлюсь,1
начнется,1
праздник,1
рады,1
полуодет,1
дала,1
ответа,1
всякая,1
немного,1
капризна,1
извини,1
вовсе,1
интересна,1
кажется,1
стороны,1
бровях,1
сила,1
самые,1
ерундовские,1
интересный…,1
грохот,1
разбитых,1
стекол,1
террасу,1
влетают,1
занесло,1
артисты,1
бьете,1
съемках,1
предупреждать,1
ответьте,1
простите…,1
погоди,1
карнавальная,1
шутка,1
костюмированы,1
все-таки,1
галерее…,1
остроумно…,1
москва,1
парапету,1
город,1
безумным,1
лицом,1
светящийся,1
календарь,1
четыре,1
двойки,1
тысячи,1
двести,1
второй,1
третий,1
век,1
теряет,1
сознание,1
по-настоящему,1
упал,1
обморок,1
поднимитесь,1
какая-то,1
чертовщина,1
воды,1
помер,1
вылетает,1
полуодетый,1
приводит,1
чувство,1
очнувшись,1
слушайте…,1
верьте…,1
проникновения,1
время…,1
слова…,1
второе,1
иллюминированная,1
террасе,1
буфет,1
шампанским,1
стоят,1
отдалении,1
платье,1
слышна,1
мощная,1
видите,1
кончается,1
район,1
стеклянные,1
башни,1
поднялся,1
огней,1
жители,1
летят,1
возражаете,1
освещаясь,1
приветствую,1
голубую,1
праздника,1
мимо,1
террасы,1
летит,1
светляков,1
заливает,1
пронзивший,1
сообщения,1
телеграммах,1
правильны,1
светляки,1
возбуждение,1
аппараты,1
гаснут,1
действительно,1
гениален,1
полон,1
сил,1
вдунул,1
лекарством,1
злоупотреблять,1
познакомились,1
взглянуть,1
танцуют,1
проводите,1
поводу,1
поражен,1
последствия,1
пророк,1
хлопает,1
папиросы,1
засунул,1
похлопав,1
вообразите,1
забыл,1
новенькое,1
поклонник,1
примиритесь,1
свалились,1
четвертого,1
измерения,1
ж…,1
поживем,1
курить,1
кем-то,1
раскланиваясь,1
выбриты,1
oчень,1
странно,1
социализм,1
веселиться,1
бал,1
устроили,1
произносят,1
ого-го-го…,1
самое,1
прописали,1
ижицу,1
вглядеться,1
разочаровываешься,1
пропишет,1
уединения,1
уйду,1
хотелось,1
пожать,1
спутникам,1
великого,1
каких,1
мастер,1
московской,1
водонапорной,1
станции,1
трудящийся,1
там…,1
рукопожатие,1
всякие…,1
поцелуемся,1
счастлив,1
польщен,1
забуду,1
обнять,1
обязательно,1
хорошего,1
удаляется,1
приятный,1
простой,1
претензий,1
доверчивый,1
фрак,1
общее,1
собрание,1
посмотрел,1
происхождения,1
гудеть,1
ухо,1
даешь,1
сообразить,1
сообразил,1
поделиться,1
своими,1
соображениями,1
появились,1
возникают,1
кое-какие,1
подходит,1
столу,1
котором,1
принесенные,1
xx,1
занавеска,1
выцарапана,1
выцарапал,1
чужую,1
фамилию,1
выцарапывать,1
понравилась,1
красивая,1
сцарапываю,1
выцарапываю,1
новую,1
подозреваю,1
тоска,1
обеспеченному,1
посредственные,1
часы…,1
р,1
видишь,1
можешь,1
скучаете,1
одни,1
выпьемте,1
нескромный,1
спиртику,1
выпить,1
виде,1
исключения,1
пьете,1
откажется,1
подают,1
кран,1
течет,1
чистый,1
оборудованы,1
жжется,1
попробуйте,1
даме,1
ой,1
смущенный,1
стараясь,1
обронил,1
медальон,1
цепочкой,1
э-э,1
жалко,1
посмотрю,1
зале.(уходит,1
славные,1
здоровье,1
опьянею,1
спирту-то,1
мировой,1
паштет,1
рассказывал,1
твоим,1
пантелеем,1
происхождение,1
играет,1
роли,1
навести,1
справочку,1
профсоюзе,1
состоите,1
выразиться,1
взносы,1
смеется,1
срамишь,1
выдумал,1
пропишут,1
улыбаюсь,1
кем,1
прошлой,1
жакте,1
делали,1
должности,1
карточками,1
занимался,1
работа,1
проводили,1
встаешь,1
чаю,1
напьешься,1
кооператив,1
сажусь,1
лишаю,1
встанет,1
начнет,1
живых,1
запишет,1
выкинет,1
неделя,1
пройдет,1
новые,1
напишет,1
напишет…,1
шутите,1
сойти,1
закружилась,1
опьянеть,1
талию,1
поддержу,1
наше,1
рыцарский,1
подход,1
женщине,1
столько,1
интимный,1
соседа,1
случайно,1
проезжал,1
трамвае,1
думаю,1
зайду,1
говорит…,1
рейн…,1
слетаем,1
ли…,1
летим…,1
помолчи,1
вот-с,1
поцеловать,1
обожаю,1
смелых,1
работе,1
несмелым,1
оробеешь,1
каяться,1
будешь,1
поищу,1
радаманов…,1
хотел,1
прописки,1
балу,1
веселимся,1
непрописанные,1
предупредить,1
потом…,1
расхлябанный,1
толку,1
наконец-то,1
нашел,1
беспокоится,1
полета,1
груди,1
выслушивает,1
пили,1
лимонад,1
порядке,1
поясница,1
болит,1
вечерам,1
стул,1
затрудненный,1
позвольте-ка,1
пульсик,1
часы-то,1
выронил,1
выронили,1
неважно,1
сошли,1
обхохочешься,1
эпидемия,1
два,1
данный,1
необъяснимый,1
случай…,1
растут…,1
пройдемся,1
ногах,1
стою,1
опирайтесь,1
пошел,1
иди,1
веселись,1
таскаешься,1
схватившись,1
он-то,1
двух,1
остался,1
схватили,1
вернее,1
психиатрической,1
прихожу,1
несомненно,1
взяла,1
воображаю,1
бесполезно,1
исправишь,1
тревожьте,1
верно,1
пьет,1
ц,1
отвести,1
глаз,1
отдаете,1
отчет,1
восстановите,1
важную,1
деталь,1
выяснится…,1
личная,1
женаты,1
убежала,1
кому,1
семену,1
петровичу,1
точно…,1
обнищал,1
нечем,1
бальных,1
жених,1
знакомы,1
удовольствие,1
поговорить,1
позволите,1
явился,1
назначили,1
встает,1
далеко,1
сердитесь,1
забудьте,1
аврора…,1
грустная,1
ошибка,1
разглядела,1
вижу,1
ошиблись,1
считая,1
гармонической,1
парой,1
одумаетесь,1
ошибается,1
верит,1
зовет,1
кончен,1
налейте,1
пойдемте,1
покашливает,1
право,1
поцелую,1
принимаю,1
подставляет,1
наврали,1
пьяный,1
извиняюсь…,1
сделайте,1
одолжение,1
прочтите,1
гостям,1
репертуара,1
говорится,1
превосходно,1
признаться,1
стихах,1
смыслю,1
доставят,1
наслаждение,1
пожалуйте,1
передадим,1
залы,1
горе…,1
похоже,1
освещают,1
внимание,1
прочтет,1
читать,1
собственного,1
сочинения,1
мрачен,1
пол,1
богат…,1
мда…,1
поля…,1
необозримы,1
дальше,1
недоуменное,1
молчание,1
браво,1
браво…,1
стишки,1
коротенькие,1
отношу,1
достоинству,1
стиха,1
длиннее,1
угодил,1
повторяю,1
поэзии,1
восторг,1
аплодируют,1
юрия,1
кланяться,1
чему,1
тотчас,1
доносится,1
бурная,1
овация,1
гостю,1
нездоровится,1
пустяки,1
одиночестве,1
бокала,1
ползает,1
полу,1
дурацкие…,1
поймешь,1
противно,1
пишет…,1
зажигает,1
филармония,1
найдите,1
пластинку,1
названием,1
аллилуйя,1
бальный,1
другого,1
танцует…,1
минута…,1
танец,1
двадцатых,1
годов,1
начало,1
устала,1
толпы,1
проводить,1
хочется,1
дверях,1
входите,1
гораздо,1
пушечную,1
стрельбу,1
громовые,1
пальбой,1
держать,1
второго,1
третье,1
раннее,1
утро,1
встревожен,1
вспоминает,1
тихонько,1
никогда…,1
мучь,1
отдохни,1
целуются,1
сознавайся,1
всю,1
смей,1
ночам,1
переутомишься,1
потеряешь,1
самой,1
просыпалась,1
снятся,1
цифры…,1
тес…,1
показалось,1
кто-то,1
ходит…,1
прийти,1
сигнала,1
одержима,1
улетим,1
подумаю,1
кружится,1
голова…,1
опасностей,1
полетов,1
понимаешь,1
куда-нибудь,1
отдохнуть,1
переодеться,1
вздор,1
около,1
долго,1
добрый,1
области,1
чудес,1
потерь,1
искало,1
неприятно…,1
неприятно,1
ищите,1
поживает,1
вспомнили,1
вспоминаются,1
кочубея…,1
древние,1
великолепно,1
ладно,1
погружается,1
замечает,1
замечая,1
машинально,1
берется,1
вход,1
свободен,1
садиться,1
плохо,1
выглядите,1
помолчать,1
пришли,1
о-хо-хо…,1
согласитесь,1
отец…,1
и…,1
исчерпанным,1
кофейку,1
выпьем,1
пугаете,1
пояснее,1
преисподнюю,1
единогласно,1
утверждают,1
преисподней,1
непросто,1
наоборот…,1
остались,1
значение,1
прибора,1
комиссариат,1
заботиться,1
сохранить,1
позаботиться,1
чужие,1
нарушили,1
позабочусь,1
нарушат,1
предсказываю,1
наших,1
которую,1
лучшим,1
украшением,1
цените,1
-хо-хо…,1
дела…,1
закройте,1
входил,1
сидел,1
подняв,1
подняться,1
удобный,1
дергал…,1
дергать,1
полезен,1
подает,1
жалобой,1
приняты,1
всячески,1
избегаем,1
жалуетесь,1
жалуюсь,1
огорчил,1
жениться,1
впервые,1
слышу,1
помилосердствуйте,1
сваха,1
изучает,1
род,1
человеческий,1
заботится,1
чистоте,1
стремится,1
создать,1
идеальный,1
подбор,1
вмешивается,1
брачные,1
отношения,1
лишь,1
крайних,1
случаях,1
могут,1
угрожать,1
каким-нибудь,1
вредом,1
обществу,1
общество,1
угадали,1
как-нибудь,1
выходной,1
задумаетесь,1
осторожны,1
теориях,1
признателен,1
вернемся,1
вопросу,1
поставит,1
препятствия,1
новому,1
потолкуем,1
переходный,1
период,1
знал,1
объясняться,1
дамами,1
бесклассовом,1
обществе…,1
классовом,1
деньги,1
ибо,1
давно,1
овдовев,1
чувствую,1
склонности,1
семейной,1
блажь,1
пришла,1
вроде,1
взгляда…,1
нравлюсь…,1
беседовать,1
ждут,1
поговорите,1
анной,1
меня…,1
бюрократ,1
парень,1
таких,1
сер…,1
оригинально,1
лестно,1
тронута,1
занято,1
никаких,1
много,1
отказываете,1
отказываю,1
видела,1
подобного,1
терять,1
блин,1
комом,1
отца,1
присядьте,1
основание,1
полагать,1
щеку,1
хлопнув,1
щеке,1
дурак,1
зарываетесь,1
ударим,1
рукам,1
зарвавшегося,1
члена,1
павла,1
сергеевича,1
пару,1
записочку,1
таинственно,1
директору,1
половине,1
ночи,1
рейном,1
числа,1
означенная,1
причем,1
произнесла,1
нижеследующие,1
улетим…,1
нуждаюсь,1
сообщениях,1
бунши,1
бумажку,1
рвет,1
щекам,1
хлестать,1
секретарей,1
домкомов,1
скучно,1
хочешь,1
подарю,1
условии,1
строжайший,1
секрет,1
вынимать,1
показывать,1
узнавать,1
сувенир,1
предпочитаешь,1
открытые,1
изобилие,1
наводит,1
страшные,1
размышления,1
поделись,1
кем-нибудь,1
этими,1
размышлениями,1
попробуй,1
получай,1
x,1
инициалы,1
капризов,1
магазин,1
прячь,1
повезли,1
индию,1
осматривать,1
интересного,1
пяти,1
минут,1
одной,1
черта,1
аэроплане,1
рассказывали,1
полное,1
однообразие,1
помолчали,1
разнообразием,1
пользовались,1
домкоме,1
направляется,1
своему,1
собираетесь,1
душой,1
стоять,1
отправляйтесь,1
какое-нибудь,1
индия,1
машиной,1
любезны,1
доставить,1
взяли,1
шофер,1
жертвы,1
случая,1
произошла,1
оказались,1
миллионы,1
мечтают,1
перенесли,1
такую,1
миллиону,1
применения,1
рассказываете,1
читаете,1
стихов,1
смотрят,1
осточертевшего,1
кочубея,1
крана,1
разбивает,1
стакан,1
хамство,1
шевельните,1
мозгами,1
почините,1
машинку,1
трамваи,1
суетится,1
весело,1
театре,1
утренник,1
буфете,1
давка,1
антракт,1
тоскую.(становится,1
становится,1
парусах,1
отлучился,1
эмигрант,1
увезите,1
прекратите,1
цирк,1
случилась,1
выскочил,1
мидоелавский,1
молчал,1
недели,1
отвяжитесь,1
цифр,1
вспоминать,1
шарит,1
карманах,1
волшебство,1
цепь,1
подозрений,1
замкнется,1
показывает,1
подкосились,1
ноги…,1
кармане…,1
сутки,1
отрегулировать,1
метаться,1
глазами,1
работайте,1
отвлекайтесь,1
указаний,1
найден,1
покойны,1
ни-ни-ни…,1
следуй,1
буншей,1
выглянув,1
просил,1
отвлекаться…,1
пардон,1
ушел…,1
проверил,1
регулирует,1
мерцать,1
слышишь,1
гудит,1
прячет,1
тсс…,1
здравствуйте,1
прерву,1
исключительной,1
услугам,1
заседания,1
посвящено,1
поручили,1
сверхгосударственной,1
автора,1
изобретения,1
решено,1
поставить,1
исключительные,1
потребности,1
удовлетворяться,1
полностью,1
независимо,1
пожелали,1
добавлять,1
совету,1
мою,1
величайшую,1
признательность,1
благодарность,1
гостеприимство,1
которым,1
приняли,1
случайных,1
спутников,1
передам,1
все…,1
польщен…,1
ожидал,1
большего,1
ответил,1
дар,1
помыслить,1
могло,1
начинаю,1
понимать,1
восстановлю,1
машину…,1
говоря,1
сомневаюсь,1
возможность,1
совершать,1
ясно,1
возьмите,1
предупреждаю,1
лягу,1
шагу,1
контролер,1
сделаете,1
умрете,1
самый,1
короткий,1
срок,1
перестанете,1
поистине,1
иного,1
ешьте,1
настанет,1
еда,1
зачахнете,1
совершивший,1
совершили,1
лечь,1
ветхая,1
древность,1
вашими,1
устами,1
принадлежала,1
единственным,1
земле,1
иной,1
отпустить,1
случайный,1
безумцем,1
назвал,1
никакая,1
эпоха,1
отпустила,1
отпустит,1
понадобилась,1
верится,1
производите,1
впечатления,1
неразвитого,1
поворот,1
винта,1
закончился,1
этот…,1
василий,1
грозный…,1
девятнадцатом,1
веке,1
шестнадцатом,1
звали,1
прощения,1
плоховато,1
историю,1
специальность,1
авроры,1
оставили,1
кутерьму,1
кинетесь,1
шестой,1
век…,1
шестом,1
непременно,1
третьем,1
поручится,1
притащите,1
загадочной,1
плечах,1
представляете,1
принесем,1
огда,1
проникнем,1
иные,1
четыреста,1
примерно,1
бесконечности,1
замерзающую,1
землю,1
потухающее,1
солнце,1
служу,1
пленник,1
отпустите,1
осуществите,1
контроль,1
милиционера,1
приставите,1
единственный,1
милиционер,1
которого,1
стеклом,1
музее,1
лишком,1
сто,1
приятель,1
выпивши,1
посетил,1
музей,1
проливал,1
слезы,1
умиления,1
всякого,1
вкус…,1
мозг,1
развит,1
учить,1
азов,1
откажитесь,1
своего,1
нашим,1
гражданином,1
приглащает,1
совершить,1
совершим,1
сдаю,1
убедили,1
жмет,1
щкафа,1
храниться,1
постановлено,1
саваичу,1
выбран,1
вторым,1
контролером,1
завтрашнего,1
дам,1
специалистов,1
восстановлению,1
памяти,1
найдете,1
ручаюсь,1
подождите,1
закрывать,1
специалисты,1
завтра,1
отдай,1
наделал,1
знала,1
нужна,1
нянька,1
сошла,1
подслушивала,1
расстаться,1
мечтанием,1
любим,1
стали,1
мужем,1
задумался,1
сделать,1
частное,1
авроре,1
исполняться,1
повторить,1
летела,1
по-мужски,1
решу,1
требуй,1
полет,1
подайте,1
ивана,1
грозного,1
нею,1
летать,1
справился,1
каков,1
характер,1
кончил,1
инженеру,1
совет,1
мира,1
показывал,1
хлопал,1
ладоши,1
восторга,1
условлено,1
закрывайте,1
совершу,1
постановление,1
исследования,1
мозга,1
лиц,1
постановил,1
изолировать,1
лечения,1
опасны,1
пропажи,1
объяснены,1
похищены,1
компанией,1
неполноценны,1
разлучаем,1
полюбуйся,1
директора,1
посмотри-ка,1
бешенстве,1
оскорбляйте,1
исполнил,1
долг,1
жить,1
пропаж,1
положите,1
приказываю,1
жалею,1
опускается,1
ждите,1
успокойтесь,1
беру,1
задним,1
скажи,1
что…,1
готова,1
подать,1
надписью,1
лежит,1
перешли,1
уверенность,1
остерегся,1
попасться,1
четвертое,1
площадка,1
страдаю,1
чем-нибудь,1
облегчить,1
переживания,1
милославскии,1
стукните,1
кирпичом,1
вредного,1
настоящих,1
образных,1
слышали,1
эх,1
выругаться,1
легче,1
ругайтесь,1
думаете,1
неудобно,1
как-то,1
приличная,1
обстановка…,1
поверит,1
нравитесь,1
женщинам,1
жестокость,1
анеточка,1
пошли,1
послушали,1
толкаешь,1
хочешь…,1
пускай,1
погибну,1
ослепительной,1
надежде…,1
твои,1
иду,1
подслушал,1
удалось,1
колонну,1
влез,1
заметили,1
осел,1
отчаянии,1
войти,1
милости,1
поручил,1
ознакомить,1
нашими,1
исследованиями,1
лечение,1
вручает,1
конверту,1
одолжите,1
минуточку,1
разберу,1
это…,1
означает…,1
болезненное,1
влечение,1
воровству,1
одолжить,1
деменция,1
слабоумие,1
возвращает,1
имени,1
обоих,1
гад,1
делал,1
исследование,1
мировая,1
знаменитость,1
лондоне,1
лондон,1
переводчик,1
паразит,1
закрывает,1
снимали,1
отпечатывали,1
ленинграде,1
ростове-на-дону,1
начальники,1
уголовного,1
розыска,1
единодушно,1
таким,1
фельдшер,1
коновал…,1
одумайтесь,1
повлияйте,1
приятеля…,1
отказываюсь,1
лечить,1
передайте,1
какому-нибудь,1
другому,1
врачу,1
раскаяться,1
лучшего,1
моего,1
святослава,1
владимировича,1
буншу-корецкого,1
бывшего,1
князя,1
секретаря,1
спрашиваю,1
шепотом,1
пропадать,1
золотые,1
вещи…,1
наискосок,1
запирать,1
молодой,1
портсигары,1
расшвыриваете,1
столам,1
грех,1
вводите,1
страдать,1
приходится,1
наука,1
дактилоскопия,1
дочитали,1
клептоманию,1
выучили,1
рассматривали,1
муре,1
отделов,1
сбежались,1
смотреть,1
коснуться,1
чужого,1
подавись,1
швыряет,1
хорошую,1
привез,1
попадается,1
чужой,1
вещью,1
доброте,1
пытается,1
защитить,1
ухудшили,1
свое,1
положение,1
думал,1
успокоится,1
твоей,1
речи,1
раздражился,1
вбегают,1
кровно,1
замолчать,1
слушать,1
ерунду,1
выйдите,1
посоветоваться,1
оскорбления,1
смываются,1
кровью,1
бежать,1
обмануть,1
бежим,1
позволю,1
распоряжались,1
думай,1
даю,1
секунд,1
покинуть,1
вероятно,1
навсегда,1
вернешься,1
надоели,1
надоело,1
испытывала,1
опасности,1
вкус,1
бунща,1
появляются,1
ключи,1
не…,1
оставайся,1
…украсть,1
пустят,1
открыть,1
любой,1
тройным,1
кухонным,1
замком,1
стрему,1
впустишь,1
кого-нибудь,1
убью,1
благоволите,1
перочинный,1
ножичек,1
нож,1
вскрывает,1
рейну).ты,1
спишь,1
часах,1
оторву,1
наетежь,1
постановили…,1
ана,1
безумен,1
государственный,1
секретный,1
правду,1
ша,1
настраивает,1
останови,1
образумь,1
бегу,1
анюточка,1
едем,1
страшное,1
преступление,1
суде,1
держись,1
смело,1
вали,1
судья,1
формулу,1
скидку,1
видеть!(убегает,1
мальчик,1
назови,1
жоржем,1
честь,1
складайся,1
смейте,1
брать,1
аппаратик,1
прихвачу,1
начались,1
тревожные,1
вдали,1
падает,1
отрезает,1
путь,1
площадки,1
послышался,1
театр,1
последнему,1
действию,1
поспеем,1
схватив,1
официальное,1
одному,1
вспоминай,1
бегут,1
пытаясь,1
автоматический,1
стреляет,1
выпускает,1
предупредил,1
попадались,1
застрелю,1
гнусное,1
насилие,1
безоружен,1
берегитесь,1
убийца,1
застрелит,1
задержать,1
вооружен,1
задерживать,1
кассу,1
поблагодарите,1
возвращаю,1
права,1
увидимся,1
свиданья,1
супруги,1
наскучат,1
возвращайтесь,1
нажимает,1
кнопку,1
вверх,1
открывая,1
колоннаду,1
сцена,1
темноте,1
ответите,1
вернись,1
час,1
наши,1
герои,1
вылетали,1
сцене,1
расстроенный,1
подозрение,1
воры,1
мошенники,1
контрреволюционеры,1
списку,1
флигель,1
дворе,1
населен,1
преступниками,1
донизу,1
список,1
проживает,1
гражданка,1
подрезкова,1
воровка,1
пострадавший,1
хватайте,1
вернувшийся,1
исполнению,1
своих,1
обязанностей,1
занести,1
спас,1
ващи,1
бунще,1
взялись,1
задержаны,1
наслаждением,1
передаю,1
родной,1
важное,1
заявление,1
гром,1
подоконник,1
распахивает,1
окно,1
срывает,1
отнесите,1
барахолку,1
карманные,1
папиросницу,1
видели,1
папиросницы,1
польта,1
пиши,1
ростов,1
жоржик,1
отдайся,1
чистосердечно,1
раскайся,1
оревуар,1
разворачивает,1
улетает,1
улетел,1
впоследствии,1
являются,1
шайки,1
успокойся,1
шлемах,1
рейя,1
будущем,1
поосторожнее,1
испугать,1
пугать,1
делом,1
мостовой,1
жудилов,1
отшатываются,1
состоянии,1
тихого,1
помешательства,1
претягчайщая,1
господие,1
отцы,1
молю,1
исполу,1
есмь,1
чернец,1
глядеть,1
мутно,1
поглядев,1
собака,1
смертный,1
сделают,1
отправь,1
набат,1
возникла,1
стрельцы,1
гей,1
сотник,1
иоанну,1
арестованы,1
следуйте,1
добрая,1
моей,1
краже,1
кража,1
поважнее,1
кражи,1
уводят,1
некоторого,1
отупения,1
папиросница,1
пальто…,1
тут…,1
произошло,1
расскажи,1
знакомым,1
нипочем,1
