Bulghakov_D'iavoliada.txt,11344
—,645
и,509
в,342
коротков,202
на,202
не,154
с,142
он,142
я,102
,90
что,85
как,77
за,63
короткова,59
у,58
а,58
к,57
по,57
из,55
это,47
же,46
его,45
вы,41
кальсонер,41
но,39
товарищ,38
все,33
меня,32
от,29
так,28
то,24
через,24
ты,24
дверь,24
сказал,23
себе,22
ним,19
до,18
было,18
со,18
короткову,18
него,18
вот,18
потом,17
она,17
ему,17
да,16
ответил,16
двери,16
вас,16
вниз,16
о,15
ах,15
ни,15
затем,15
они,15
только,15
мне,14
ну,14
ее,14
под,14
тотчас,14
опять,14
нее,13
нет,13
т,13
тут,13
три,13
перед,13
глаз,13
уже,13
себя,12
руку,12
крикнул,12
теперь,12
лицо,12
вам,12
был,12
голос,12
без,12
когда,12
пантелеймон,12
кальсонера,12
старичок,12
булгаков,11
там,11
еще,11
спросил,11
рукой,11
быть,11
совершенно,10
над,10
голова,10
пять,10
лица,10
глаза,10
стал,10
очень,10
делопроизводитель,10
ничего,10
минуту,10
или,10
документы,10
первый,9
мой,9
побежал,9
их,9
лестнице,9
колобков,9
украли,9
есть,9
м,9
дыркин,8
дьяволиада,8
блондин,8
будет,8
портфель,8
вышел,8
голосом,8
всех,8
куда,8
чем,8
боже,8
где,8
комнату,8
надписью,8
бросился,8
ногами,8
увидал,8
бумагу,8
позвольте,8
раз,8
альпийской,8
кинулся,8
нельзя,8
ж,8
немного,8
женщина,8
начал,8
-й,8
уж,8
спимат,8
голову,8
хозяин,8
г,8
повесть,7
кассир,7
своей,7
свою,7
один,7
господи,7
тот,7
при,7
сказала,7
спички,7
два,7
них,7
пока,7
ли,7
того,7
этого,7
если,7
минут,7
такое,7
площадке,7
улицу,7
лифт,7
руки,7
старичка,7
что-то,7
мальчишка,7
вдруг,7
пол,7
-,7
толстяк,7
дыркина,7
i,6
вылетел,6
ночь,6
страшный,6
том,6
денег,6
завтра,6
головой,6
этот,6
пожалуйста,6
чтобы,6
которой,6
руках,6
канцелярии,6
бумаги,6
несколько,6
оказался,6
неизвестного,6
была,6
подумал,6
словами,6
дверью,6
сам,6
нужно,6
№,6
пантелеймона,6
из-за,6
розы,6
еду,6
сейчас,6
бешено,6
выбежал,6
вестибюль,6
ходу,6
словно,6
сердце,6
ними,6
голове,6
человек,6
об,6
глазами,6
может,6
бюро,6
вверх,6
брюнетка,6
коротковым,6
булгакова,6
кот,5
люди,5
ней,5
совсем,5
часа,5
стол,5
столе,5
комнаты,5
тем,5
стене,5
исчез,5
комнате,5
идите,5
стола,5
самого,5
надпись,5
чуть,5
кто,5
вошел,5
александра,5
стоял,5
ахнул,5
всю,5
спичками,5
будто,5
бы,5
очутился,5
закричал,5
возле,5
прошел,5
неожиданно,5
эти,5
мгновенно,5
кабинете,5
лидочка,5
успел,5
больше,5
часы,5
для,5
молчание,5
двадцать,5
насчет,5
свет,5
заговорил,5
руками,5
лестницы,5
выскочил,5
закрыв,5
стеклянную,5
зал,5
белая,5
нежно,5
хочу,5
вскричал,5
улыбнулся,5
стало,5
заплакал,5
воздуха,5
весь,5
коридор,5
звоном,5
мебель,5
крылатка,5
рассказ,5
„дьяволиада,5
н,5
-го,4
числа,4
ii,4
лысый,4
появился,4
вторая,4
парфорсное,4
кино,4
делопроизводителя,4
время,4
одиннадцать,4
спимата,4
ассигновку,4
часов,4
вернулся,4
четыре,4
показал,4
написано,4
левый,4
самых,4
хрустом,4
одну,4
злобно,4
радостно,4
воскликнул,4
остановился,4
рот,4
две,4
домой,4
кто-то,4
волосы,4
глухо,4
федоровна,4
пальто,4
полу,4
шесть,4
вино,4
ответила,4
треском,4
месте,4
таким,4
утро,4
заведующий,4
взял,4
коридору,4
чекушина,4
своим,4
всего,4
ноги,4
стараясь,4
надо,4
слова,4
чего,4
глазки,4
мы,4
косо,4
были,4
знаете,4
стороны,4
сел,4
яй,4
будут,4
вбежал,4
канцелярию,4
ясно,4
сквозь,4
ровно,4
лучше,4
выкрикнул,4
десять,4
никого,4
господин,4
беда,4
дорогой,4
обернувшись,4
забормотал,4
портфелем,4
коридора,4
бледный,4
задом,4
кепку,4
спину,4
наконец,4
стала,4
людей,4
огромные,4
женщин,4
увидел,4
рука,4
лифта,4
грудь,4
бородой,4
борода,4
внизу,4
бритый,4
стекла,4
равно,4
откуда,4
день,4
миг,4
бежать,4
углу,4
внезапно,4
какой-то,4
угол,4
чувствуя,4
поколебался,4
судорожно,4
оно,4
вслед,4
органом,4
черная,4
извозчик,4
серое,4
мужчина,4
нас,4
черт,4
баба,4
снизу,4
целуй,4
тебе,4
маленький,4
дяденька,4
юноша,4
октября,4
производства,3
параграф,3
первая,3
орган,3
бездна,3
близнецы,3
погубили,3
службы,3
мысль,3
мокрый,3
господа,3
большой,3
прошу,3
громче,3
кассира,3
чернилами,3
растерянно,3
живой,3
писком,3
регистраторша,3
дверей,3
ногу,3
осталась,3
дня,3
кармен,3
открыл,3
синих,3
попал,3
разглядел,3
улыбка,3
сидела,3
сорок,3
нам,3
минуты,3
коробку,3
болезненно,3
стекло,3
а-ах,3
слезы,3
немедленно,3
шар,3
секунд,3
убедился,3
прямо,3
машинисткам,3
кабинет,3
настолько,3
яйца,3
шею,3
вперед,3
лампочки,3
зеленые,3
тело,3
которого,3
каждом,3
странно,3
иду,3
видите,3
посмотрел,3
вообще,3
рук,3
прочел,3
вытащил,3
ткнул,3
де,3
руни,3
новый,3
пискнул,3
чекушин,3
вчера,3
кабинета,3
разлетелись,3
разные,3
бумаге,3
всем,3
кальсоны,3
здорово,3
сладострастно,3
лист,3
заведующему,3
точка,3
ответ,3
отношение,3
ваше,3
тире,3
подпись,3
варфоломей,3
губами,3
кого,3
сразу,3
трамвай,3
вместо,3
пробили,3
утра,3
вся,3
своих,3
стены,3
приказ,3
тов,3
сего,3
этом,3
раза,3
вмиг,3
отдалении,3
имеет,3
права,3
упало,3
коридоре,3
минутку,3
ужасе,3
понесся,3
заревел,3
оказалась,3
мотоциклетка,3
окна,3
ту,3
трамвая,3
здания,3
повернулся,3
спина,3
взлетел,3
площадку,3
секунду,3
одна,3
человека,3
телефон,3
колоннами,3
машин,3
превратилась,3
выросла,3
показалась,3
красавица,3
сердца,3
тогда,3
могу,3
огромной,3
лишь,3
отчаянии,3
слабо,3
люстриновый,3
хи,3
свой,3
помня,3
странное,3
мелькнуло,3
сказано,3
глядя,3
двое,3
усиками,3
сторону,3
пэ,3
единого,3
пущай,3
дай,3
записка,3
хочет,3
смотрел,3
вскочил,3
лице,3
стакана,3
забыл,3
деньги,3
трех,3
алексея,3
михайловича,3
превратился,3
сегодня,3
вторник,3
пятница,3
рад,3
этими,3
конечно,3
мерзавец,3
тяжело,3
понедельник,3
исходящий,3
предъявитель,3
действительно,3
зубы,3
грохотом,3
провалился,3
первым,3
странный,3
звук,3
места,3
полетел,3
зарыдал,3
видел,3
претензий,3
-я,3
взором,3
даже,3
махнул,3
белой,3
белые,3
буду,3
белый,3
тревожно,3
тебя,3
будь,3
рта,3
иркутск,3
синий,3
секретарь,3
вылез,3
эта,3
стена,3
дыркину,3
им,3
лет,3
кончено,3
сверху,3
канделябр,3
ударил,3
переулка,3
влез,3
крышу,3
нем,3
сб,3
повести,3
„дьяволиаду,3
дневнике,3
„недра,3
запись,3
следующей,3
автора,3
михаил,2
афанасьевич,2
происшествие,2
продукты,2
iii,2
iv,2
v,2
дьявольский,2
фокус,2
vi,2
vii,2
viii,2
ix,2
машинная,2
жуть,2
x,2
xi,2
комментарии,2
лосев,2
notes,2
одной,2
материалов,2
служить,2
жизни,2
шаре,2
вышло,2
сентября,2
накрылся,2
шапкой,2
половиной,2
пополудни,2
положил,2
шапку,2
четверть,2
курицей,2
курицу,2
молвил,2
женщины,2
товарищи,2
числе,2
запел,2
сипло,2
пробормотал,2
красными,2
выдать,2
ниже,2
фиолетовыми,2
остальные,2
взмахнул,2
дверях,2
каблук,2
после,2
насвистывая,2
увертюру,2
широко,2
желтых,2
взволнованный,2
третья,2
улыбаясь,2
пачки,2
тринадцать,2
отбыл,2
подъезда,2
котором,2
именно,2
выложил,2
самому,2
долго,2
нею,2
здравствуйте,2
пораженный,2
церковное,2
пуговицу,2
ведь,2
горят,2
схватил,2
огнем,2
зажег,2
та,2
выстрелила,2
огня,2
брызнули,2
перебирал,2
правда,2
левую,2
головы,2
похож,2
лежал,2
коробки,2
причем,2
комната,2
наполнилась,2
запахом,2
сон,2
огромный,2
серой,2
следующее,2
повязку,2
службу,2
среди,2
служащих,2
нашел,2
подотделом,2
укомплектования,2
заведующего,2
базой,2
обмундирование,2
глазом,2
роста,2
квадратное,2
левая,2
тоже,2
блестящей,2
угасая,2
сидели,2
серого,2
френч,2
из-под,2
такого,2
устремился,2
лысого,2
дорогу,2
вздрогнул,2
слове,2
кроме,2
показалось,2
несмотря,2
сделал,2
обиделся,2
гм,2
довольно,2
узнать,2
доклада,2
вспыхнули,2
неразвиты,2
служебных,2
много,2
шагу,2
а-а,2
последними,2
написал,2
слов,2
рявкнул,2
последний,2
лидочку,2
точно,2
шепотом,2
разве,2
зашептала,2
пальчиком,2
уволить,2
подштанники,2
спросить,2
грянул,2
такую,2
аи,2
ладно,2
одним,2
женщинам,2
своевременно,2
выданы,2
солдатские,2
запятая,2
пантелеймону,2
пожевал,2
никаких,2
страшного,2
хоть,2
стеной,2
канцелярия,2
позже,2
сбросил,2
пошел,2
маленькими,2
пешком,2
запыхавшись,2
старший,2
бухгалтер,2
дрозд,2
гитис,2
словом,2
столами,2
наступило,2
первые,2
по-видимому,2
трамвайных,2
хрустальном,2
зале,2
лопнуло,2
проволоке,2
скворец,2
батюшка,2
прочитал,2
маленькой,2
фамилию,2
пусть,2
зазвенел,2
звонок,2
объяснюсь,2
тонко,2
влево,2
вправо,2
пробежал,2
пусти,2
сию,2
захрипел,2
милый,2
говорю,2
ухнул,2
медь,2
поколебавшись,2
сказать,2
поводу,2
звякнул,2
занят,2
визгнул,2
слушая,2
ухватил,2
женщину,2
роликах,2
пит,2
закричала,2
исчезла,2
выпустил,2
проревел,2
поехал,2
другого,2
прыгнув,2
квадратную,2
синего,2
исчезло,2
упал,2
носом,2
автомобиля,2
поспешил,2
навстречу,2
квадратная,2
втором,2
задыхаясь,2
поднимался,2
мысли,2
дортуаръ,2
пепиньерокъ,2
стеклянные,2
первую,2
перегородку,2
синем,2
костюме,2
во,2
собрание,2
сочинений,2
шеллера-михайлова,2
грохот,2
пространство,2
невыносимый,2
короткове,2
радости,2
туда,2
указывала,2
маленькая,2
блестящими,2
узкой,2
пасть,2
черный,2
прокричал,2
закрыла,2
серый,2
поздно,2
мучительно,2
лифту,2
сетке,2
кровля,2
камнями,2
вышла,2
порок,2
ох,2
выговорил,2
задерживайте,2
сделать,2
пустите,2
высокую,2
новой,2
синему,2
пером,2
ужас,2
мелькнул,2
близко,2
тоненьким,2
зубами,2
рванул,2
кругом,2
стеклом,2
шестой,2
прохожие,2
открылась,2
огромным,2
напрасно,2
карандашиком,2
засмеялся,2
василий,2
павлович,2
холодный,2
лоб,2
провел,2
п,2
оба,2
место,2
спасен,2
подтвердил,2
сделаю,2
полез,2
побледнел,2
другой,2
хлопнул,2
воплем,2
обратно,2
хотел,2
нему,2
желтый,2
старичку,2
полутьме,2
пахло,2
черными,2
бормотал,2
свернул,2
переулок,2
удостоверение,2
молодой,2
кальсонеру,2
домового,2
покинул,2
улице,2
мгновение,2
побежали,2
сумерки,2
сумерках,2
здоровье,2
никто,2
бутылки,2
повалился,2
портрет,2
кромвеля,2
смутно,2
прошептал,2
самом,2
черные,2
закрыл,2
полегчало,2
мозг,2
выпил,2
висок,2
тошно,2
боли,2
стоном,2
верхнюю,2
томно,2
шептал,2
тумане,2
двор,2
домовой,2
смерти,2
добавил,2
добрался,2
свои,2
напоминая,2
соколов,2
глазах,2
качнулся,2
столом,2
дыхание,2
лысину,2
угодно,2
вежливо,2
кхм,2
здешний,2
ежели,2
помните,2
резко,2
часть,2
извините,2
впрочем,2
какое,2
грохнул,2
таз,2
жду,2
пожал,2
крыше,2
быстро,2
отрывисто,2
помощник,2
также,2
сведения,2
кальсонером,2
вздор,2
пухлый,2
пола,2
значит,2
среда,2
воскресенье,2
ухватился,2
ага,2
фуражку,2
эту,2
тоненько,2
ласково,2
подскочил,2
криком,2
курьер,2
стойте,2
стрелять,2
перила,2
желтого,2
мягко,2
захлопнулась,2
кончил,2
удар,2
ящик,2
внутри,2
шумел,2
гремел,2
пожар,2
московский,2
бледное,2
засверкали,2
победным,2
вытянулся,2
боком,2
главный,2
плавно,2
боковые,2
здание,2
взмахивая,2
клячу,2
извозчика,2
приговаривая,2
гони,2
понеслась,2
денежные,2
свистом,2
езжай,2
пустил,2
глянул,2
небо,2
этаж,2
триста,2
катушки,2
машинкой,2
тихо,2
кулаком,2
оглянувшись,2
усы,2
мраморном,2
подошел,2
ян,2
собесский,2
представьте,2
подумайте,2
всегда,2
оглянулся,2
наше,2
порадуете,2
виноват,2
машинки,2
генриетта,2
потаповна,2
персимфанс,2
сладко,2
продолжал,2
протянул,2
дух,2
понимаю,2
бороды,2
взволнованно,2
понимает,2
здесь,2
ездил,2
писать,2
будете,2
ибо,2
прекрасную,2
атласную,2
луи,2
каторз,2
чертовой,2
матери,2
следуя,2
белыми,2
смолк,2
носа,2
напротив,2
знаю,2
одно,2
лестницу,2
дробно,2
шаги,2
взоры,2
ужаса,2
меняя,2
бас,2
громом,2
черного,2
понятно,2
понял,2
коты,2
лестница,2
сидя,2
муть,2
пережду,2
мимо,2
пройдет,2
мной,2
мол,2
бам,2
горько,2
крепкое,2
прошло,2
встретил,2
озираясь,2
взобрался,2
заглянув,2
отдамся,2
ландышем,2
изо,2
зрачки,2
сзади,2
отделе,2
воротишь,2
разлился,2
овладела,2
воротничок,2
задрожал,2
полтава,2
брюки,2
сукно,2
смотрите,2
крикнула,2
полтаву,2
чудесно,2
мою,2
соглашайся,2
загремел,2
пролетел,2
все-таки,2
столы,2
стали,2
который,2
распалась,2
тридцать,2
зашептал,2
поле,2
толстый,2
арестовать,2
потому,2
гогенцоллерн,2
отвечай,2
грозен,2
вылетели,2
ножку,2
верхней,2
бей,2
больно,2
артур,2
эмеритурной,2
кассе,2
нос,2
где-то,2
бейте,2
ку-клукс-клан,2
полетели,2
цилиндр,2
руке,2
порцию,2
соткалась,2
выстрелы,2
сбоку,2
треснула,2
садись,2
веревку,2
стук,2
позицию,2
бильярдную,2
площади,2
шарами,2
запер,2
шары,2
другим,2
покрыл,2
пулемет,2
рамы,2
бильярдной,2
сдавайся,2
солнце,2
шара,2
щели,2
серые,2
неясно,2
недра,2
кн,2
роковые,2
сохранилось,2
августа,2
письме,2
л,2
читал,2
раньше,2
земской,2
написана,2
писатель,2
„недр,2
моя,2
недели,2
весьма,2
записи,2
писателя,2
раабен,2
рецензии,2
большим,2
юмором,2
далее,2
гвардия,2
см,2
д,2
фр,2
наст,2
изд,2
ср,2
текстом,2
династия,2
вильгельм,2
скакали,1
другую,1
прочно,1
служил,1
главцентрбазспимате,1
главная,1
центральная,1
база,1
спичечных,1
штатной,1
должности,1
прослужил,1
целых,1
месяцев,1
пригревшись,1
спимате,1
нежный,1
тихий,1
вытравил,1
душе,1
существуют,1
свете,1
называемые,1
превратности,1
судьбы,1
привил,1
взамен,1
уверенность,1
базе,1
окончания,1
земном,1
увы,1
года,1
противной,1
ушастой,1
уложил,1
полосатую,1
уехал,1
пополуночи,1
приехав,1
стряхнул,1
шапки,1
воду,1
напирайте,1
пошарил,1
зачем-то,1
мертвой,1
свернутой,1
шеей,1
правую,1
хором,1
закричали,1
замотал,1
послезавтра,1
налезайте,1
опрокинете,1
вскричали,1
наивный,1
граждане,1
плачущим,1
локтем,1
отмахнулся,1
кричали,1
комик,1
вытащив,1
портфеля,1
местом,1
тыкал,1
грязный,1
ноготь,1
наискось,1
субботникова,1
сенат,1
иванова,1
смирнов,1
пыхтя,1
навалились,1
заныл,1
торопливо,1
засунув,1
сунул,1
мышку,1
пропустите,1
проломив,1
брешь,1
побежала,1
бледная,1
высоких,1
заостренных,1
каблуках,1
отвалился,1
качнулась,1
подняла,1
сняла,1
туфлю,1
босая,1
описанного,1
события,1
отдельной,1
занимался,1
приоткрылась,1
женская,1
заплаканная,1
жалованье,1
получать,1
касса,1
кассирского,1
толстые,1
колонны,1
состоящие,1
пачек,1
возвышались,1
потолка,1
отвечать,1
какие,1
вопросы,1
потный,1
кнопкой,1
пришпилил,1
имелась,1
зелеными,1
продуктами,1
богоявленского,1
преображенский,1
полагаю,1
кшесинский,1
глупо,1
больших,1
маленьких,1
зеленых,1
карманах,1
коробок,1
спичек,1
прислушиваясь,1
гулу,1
изумленных,1
голосов,1
упаковал,1
огромных,1
листа,1
сегодняшней,1
газеты,1
сказавшись,1
никому,1
автомобиль,1
подъехал,1
прибыв,1
отойдя,1
полюбовался,1
глупая,1
сходила,1
взъерошил,1
белокурые,1
ну-с,1
унывать,1
нечего,1
постараемся,1
продать,1
постучался,1
соседке,1
александре,1
федоровне,1
служащей,1
губвинскладе,1
войдите,1
отозвалось,1
изумился,1
преждевременно,1
вернувшаяся,1
шапочке,1
корточках,1
строй,1
бутылок,1
пробками,1
газетной,1
наполненных,1
жидкостью,1
густого,1
красного,1
цвета,1
александры,1
федоровны,1
заплакано,1
повернулась,1
чернила,1
вымолвил,1
всхлипнув,1
соседка,1
изумилась,1
угасшим,1
закрутил,1
пиджаке,1
вскричала,1
поднимаясь,1
отряхивая,1
юбку,1
испугался,1
теряя,1
распечатал,1
чиркнул,1
спичкой,1
шипеньем,1
вспыхнула,1
зеленоватым,1
переломилась,1
погасла,1
задохнувшись,1
едкого,1
серного,1
запаха,1
закашлялся,1
вторую,1
оконное,1
второй,1
товарища,1
выронил,1
мгновений,1
горячая,1
лошадь,1
зажимал,1
ладонью,1
ужасом,1
заглянул,1
бритвенное,1
зеркальце,1
уверенный,1
лишился,1
красен,1
источал,1
расстроился,1
достал,1
комода,1
американский,1
индивидуальный,1
пакет,1
вскрыл,1
обвязал,1
половину,1
раненного,1
бою,1
гасил,1
чиркая,1
вычиркал,1
образом,1
удалось,1
зажечь,1
шестьдесят,1
врет,1
дура,1
ворчал,1
прекрасные,1
удушливым,1
серным,1
рассвете,1
уснул,1
дурацкий,1
зеленом,1
лугу,1
бильярдный,1
ножках,1
скверно,1
проснулся,1
мутной,1
мгле,1
мерещилось,1
постели,1
сильно,1
пахнет,1
пропало,1
поворочавшись,1
заснул,1
просыпался,1
сдвинув,1
почти,1
выздоровел,1
менее,1
излишне,1
осторожный,1
решил,1
снимать,1
явившись,1
крупным,1
опозданием,1
хитрый,1
возбуждать,1
кривотолков,1
низших,1
коей,1
запрашивал,1
выдано,1
прочитав,1
правым,1
отправился,1
кабинету,1
столкнулся,1
неизвестным,1
поразившим,1
видом,1
незвестный,1
маленького,1
достигал,1
высокому,1
талии,1
недостаток,1
искупался,1
чрезвычайной,1
шириной,1
плеч,1
туловище,1
сидело,1
искривленных,1
ногах,1
хромая,1
примечательнее,1
представляла,1
собою,1
точную,1
гигантскую,1
модель,1
насаженного,1
горизонтально,1
острым,1
концом,1
лысой,1
яйцо,1
темени,1
горели,1
электрические,1
крохотное,1
выбрито,1
синевы,1
маленькие,1
булавочные,1
головки,1
глубоких,1
впадинах,1
облечено,1
расстегнутый,1
сшитый,1
одеяла,1
выглядывала,1
малороссийская,1
вышитая,1
рубашка,1
штанах,1
материала,1
низеньких,1
вырезом,1
сапожках,1
гусара,1
времен,1
т-типик,1
миновать,1
загородил,1
нервный,1
медного,1
таза,1
отличался,1
тембром,1
каждого,1
слышал,1
происходило,1
вдоль,1
позвоночника,1
ощущение,1
шершавой,1
проволоки,1
пахнут,1
недальновидный,1
делать,1
коем,1
случае,1
следовало,1
бумагой,1
давно,1
знакомую,1
входить,1
докладом,1
сглупил,1
указывая,1
квадратный,1
рассердился,1
желтоватыми,1
искорками,1
оглушая,1
кастрюльными,1
звуками,1
понимаете,1
значения,1
простых,1
надписей,1
положительно,1
удивляюсь,1
служили,1
сих,1
пор,1
интересного,1
например,1
подбитые,1
приведем,1
порядок,1
про,1
дайте,1
сюда,1
неизвестный,1
вырвал,1
кармана,1
штанов,1
обгрызанный,1
химический,1
карандаш,1
приложил,1
ступайте,1
выколол,1
взвыла,1
проглотила,1
остался,1
оцепенении,1
пришел,1
сконфуженный,1
полминуты,1
вплотную,1
налетел,1
личную,1
секретаршу,1
лидочки,1
закутан,1
индивидуальным,1
материалом,1
той,1
разницей,1
концы,1
бинта,1
завязаны,1
кокетливым,1
бантом,1
раздраженно,1
проклятые,1
такой,1
убитый,1
выгнали,1
прибавила,1
ткнув,1
направлению,1
гу-усь,1
фрукт,1
противного,1
жизнь,1
видала,1
орет,1
лысые,1
добавила,1
выпучил,1
фа,1
курьера,1
секретарша,1
прилетев,1
произнес,1
речь,1
влопался,1
дельце,1
исправлять,1
хм,1
нахал,1
увидишь,1
неразвит,1
писание,1
стояли,1
кривые,1
восхищенно,1
дрогнул,1
представив,1
солдатских,1
кальсонах,1
немедля,1
чистый,1
сочинил,1
телефонограмма,1
б,1
главспимат,1
сообщает,1
позвонил,1
явившемуся,1
курьеру,1
прислушивался,1
выходя,1
расчете,1
вздумает,1
обходить,1
помещение,1
непременно,1
застал,1
погруженным,1
работу,1
звуков,1
доносилось,1
долетел,1
смутный,1
чугунный,1
угрожающий,1
кого-то,1
расслышал,1
припадал,1
ухом,1
замочной,1
скважине,1
раздался,1
уехали,1
машине,1
зашумела,1
разбежалась,1
одиночестве,1
радостью,1
нуждается,1
лечении,1
повязкой,1
поэтому,1
облегчением,1
бинт,1
похорошел,1
изменился,1
напившись,1
чаю,1
скорую,1
потушил,1
примус,1
опоздать,1
опоздал,1
пятьдесят,1
шестого,1
маршрута,1
окружным,1
путем,1
седьмому,1
заехал,1
отдаленные,1
улицы,1
домиками,1
сломался,1
одолел,1
версты,1
кухонные,1
ожидало,1
зрелище,1
необычайное,1
одиннадцати,1
милочка,1
литовцева,1
анна,1
евграфовна,1
инструктор,1
номерацкий,1
иванов,1
мушка,1
местах,1
кухонными,1
бывшего,1
ресторана,1
стояла,1
сбившись,1
тесную,1
кучку,1
гвоздем,1
прибита,1
четвертушка,1
входе,1
внезапное,1
потупились,1
зто,1
удивленный,1
короткой,1
толпа,1
молча,1
расступилась,1
четвертушке,1
строки,1
глянули,1
уверенно,1
последние,1
слезливый,1
ошеломляющий,1
туман,1
§,1
недопустимо,1
халатное,1
обязанностям,1
вызывающее,1
вопиющую,1
путаницу,1
важных,1
бумагах,1
появление,1
службе,1
безобразном,1
виде,1
разбитого,1
драке,1
увольняется,1
выдачей,1
-е,1
включительно,1
последним,1
параграфом,1
красовалась,1
крупными,1
буквами,1
пыльном,1
царило,1
идеальное,1
глубже,1
мертвеннее,1
молчал,1
зеленоватый,1
первой,1
секунде,1
прозвенел,1
разбитый,1
альпийский,1
бокал,1
фамилия,1
страшном,1
канцелярские,1
расселись,1
столам,1
вороны,1
телеграфной,1
сменило,1
гнилую,1
зеленую,1
плесень,1
пятнистый,1
пурпур,1
загудел,1
выглядывая,1
гроссбуха,1
промахнулись,1
ду-думал,1
думал,1
прохрустел,1
осколками,1
голоса,1
буквы,1
пишет,1
одену,1
успокоится,1
хрустально,1
звякнула,1
тсс,1
змеей,1
зашипел,1
нырнул,1
спрятался,1
гроссбухе,1
прикрылся,1
страницей,1
негромко,1
становясь,1
пурпурного,1
белым,1
горностай,1
нашими,1
сволочными,1
выжег,1
тише,1
побледневший,1
испытывал,1
превосходными,1
д-р-р-р-р-р-ррр,1
электрический,1
тяжелое,1
табурета,1
покатилось,1
высоко,1
спел,1
шагов,1
искаженно,1
отражаясь,1
пыльных,1
альпийских,1
зеркалах,1
вынырнул,1
тусклой,1
висящей,1
отдельные,1
кабинеты,1
страшной,1
очнулся,1
объятиях,1
беспокойно,1
велено,1
пущать,1
страшным,1
луку,1
затушил,1
решимость,1
попросил,1
видишь,1
случился,1
телефонный,1
тяжкий,1
расступились,1
распахнулась,1
фуражке,1
мышкой,1
впритруску,1
пантелеймоном,1
повороте,1
проскочил,1
обогнал,1
прерывающимся,1
минуточку,1
приказа,1
стремящийся,1
озабоченный,1
сметая,1
беге,1
прика,1
неужели,1
обратитесь,1
делопроизводителю,1
помещался,1
брошенный,1
облившись,1
выслушайте,1
сирена,1
примите,1
меры,1
чтоб,1
задерживали,1
испугавшись,1
задерживаете,1
зная,1
какую,1
меру,1
принять,1
принял,1
поперек,1
туловища,1
легонько,1
прижал,1
любимую,1
мера,1
действительной,1
ускользнул,1
скатился,1
парадную,1
стеклами,1
дымом,1
вытер,1
пот,1
бе-да,1
трясущимся,1
скорей,1
скажи,1
понимаешь,1
кажись,1
центроснаб,1
вихрем,1
сбежал,1
ворвался,1
шинельную,1
повезло,1
поравнялся,1
розой,1
удачно,1
стукаясь,1
тормозное,1
колесо,1
мешки,1
спинах,1
надежда,1
обжигала,1
почему-то,1
задержалась,1
тарахтела,1
впереди,1
терял,1
вновь,1
обретал,1
туче,1
дыма,1
колотило,1
мяло,1
центроснаба,1
закрылось,1
прохожими,1
вырвался,1
оси,1
ушиб,1
колено,1
поднял,1
покрывая,1
полы,1
мокрыми,1
пятнами,1
десятки,1
шли,1
обгоняли,1
мелькнула,1
марше,1
странной,1
неестественной,1
скоростью,1
сжималось,1
упустит,1
случилось,1
пятой,1
обессилел,1
растворилась,1
гуще,1
физиономий,1
шапок,1
портфелей,1
молния,1
колебался,1
надписи,1
золотая,1
зеленому,1
твердым,1
знаком,1
другая,1
черным,1
белому,1
твердого,1
начканцуправделснаб,1
наудачу,1
клетки,1
белокурых,1
бегавших,1
между,1
какого-то,1
весело,1
смеялся,1
отделении,1
полное,1
собрания,1
неизвестная,1
пожилая,1
платке,1
взвешивала,1
весах,1
сушеную,1
дурно,1
пахнущую,1
рыбу,1
третьем,1
царил,1
дробный,1
непрерывный,1
звоночки,1
шестью,1
машинами,1
писали,1
смеялись,1
светлых,1
мелкозубых,1
последней,1
перегородкой,1
открывалось,1
большое,1
пухлыми,1
треск,1
воздухе,1
виднелась,1
масса,1
голов,1
женских,1
мужских,1
кальсонеровой,1
запутавшись,1
завертевшись,1
остановил,1
попавшуюся,1
пробегавшую,1
зеркальцем,1
видели,1
сделав,1
уезжает,1
догоняйте,1
колонный,1
ногтями,1
проскакав,1
темноватой,1
открытую,1
освещенного,1
ушло,1
догнал,1
принимала,1
одеяльную,1
блестящий,1
окоченел,1
круги,1
большом,1
количестве,1
запрыгали,1
сетка,1
тронулся,1
повернувшись,1
богатырскую,1
узнал,1
изюминки,1
длинной,1
ассирийско-гофрированной,1
ниспадавшей,1
мозгу,1
родилась,1
ехал,1
мотоциклетке,1
фальшивая,1
временем,1
погружаться,1
сетчатую,1
бездну,1
первыми,1
скрылись,1
живот,1
выкрикнувший,1
нежные,1
теноровые,1
пятницу,1
привязной,1
стукнуло,1
коротковском,1
черепе,1
секунды,1
горела,1
вспомнив,1
никакое,1
колдовство,1
должно,1
останавливать,1
остановка,1
гибель,1
двинулся,1
поднимающаяся,1
канате,1
томная,1
волосах,1
трубы,1
коснувшись,1
спросила,1
ошеломленный,1
шагнул,1
ивану,1
финогеновичу,1
печально,1
преграждая,1
плаксиво,1
спешу,1
непреклонной,1
печальной,1
сами,1
придержала,1
выплюнул,1
закрылся,1
сеткой,1
ушел,1
вырвав,1
проклятием,1
пролетев,1
мраморных,1
маршей,1
убив,1
перекрестившуюся,1
старуху,1
наколке,1
стеклянной,1
вверху,1
серебром,1
дежурные,1
классные,1
дамы,1
справочное,1
темный,1
охватил,1
иссиня,1
прежний,1
отделенный,1
слоем,1
думать,1
медной,1
ручке,1
потряс,1
подалась,1
скрипнув,1
сияющую,1
крохотную,1
подъезд,1
сгинул,1
черной,1
нише,1
кому-то,1
шарахнулись,1
боковая,1
очках,1
списком,1
глянув,1
поверх,1
очков,1
ходите,1
зашамкал,1
ей-богу,1
послушайте,1
бросьте,1
вычеркнул,1
хи-хи,1
вычеркнули,1
остолбенел,1
известно,1
списков,1
чирк,1
готово,1
хи-кхи,1
поз,1
вольте,1
шутник,1
потрогал,1
скользкий,1
петрович,1
покинула,1
уставился,1
сухим,1
длинным,1
когтем,1
строчкам,1
путаете,1
нетерпеливо,1
вместе,1
переведены,1
выкинули,1
так-с,1
поуправлять,1
вышибли,1
ликуя,1
сжал,1
костлявую,1
когтистую,1
радость,1
померкла,1
зловещее,1
глазных,1
дырках,1
старика,1
странна,1
обнажавшая,1
сизые,1
десны,1
отогнал,1
неприятное,1
чувство,1
засуетился,1
обязательно,1
вашу,1
книжечку,1
пометочку,1
карман,1
пуще,1
карманам,1
брюк,1
заглушенным,1
сталкиваясь,1
людьми,1
отчаянный,1
верха,1
увидеть,1
красавицу,1
уродливого,1
сопливого,1
мальчишку,1
голубчик,1
бумажник,1
неправда,1
брал,1
врут,1
исподлобья,1
басом,1
прибежал,1
ручку,1
запертой,1
чуть-чуть,1
закрутились,1
метелью,1
выпрыгнула,1
новая,1
вспомнил,1
жали,1
молодых,1
худенький,1
приклеенными,1
беда-то,1
бедам,1
конца,1
небольшого,1
неприятной,1
архитектуры,1
косой,1
мрачный,1
куда-то,1
лезешь,1
вэ,1
забрать,1
могут,1
просто,1
ка,1
крыльце,1
самолично,1
придет,1
застонал,1
беспременно,1
нашем,1
районе,1
специально,1
работает,1
чайным,1
ищи,1
крыльцо,1
домовому,1
прием,1
далеко,1
рыжей,1
башне,1
портфелями,1
наступили,1
редкий,1
снег,1
неба,1
ушке,1
замка,1
торчала,1
сосед,1
уезжаю,1
маме,1
звенигород,1
оставляю,1
подарок,1
пейте,1
покупать,1
ваша,1
пайкова,1
улыбнувшись,1
прогремел,1
замком,1
рейсов,1
перетащил,1
стоящие,1
лампу,1
кепке,1
кровать,1
зачарованный,1
около,1
получаса,1
растворяющийся,1
густых,1
впал,1
припадок,1
буйного,1
характера,1
сорвав,1
швырнул,1
взмахом,1
топтать,1
провыл,1
давил,1
чертовы,1
мечтая,1
давит,1
воспоминании,1
яйцевидной,1
появилась,1
бритом,1
бородатом,1
глазам,1
стою,1
занимаюсь,1
пустяками,1
ужасно,1
двойной,1
деле,1
страх,1
пополз,1
глядеть,1
шторами,1
двойное,1
обрастая,1
обриваясь,1
выплывало,1
временам,1
углов,1
сверкая,1
зеленоватыми,1
выдержал,1
треснуть,1
напряжения,1
тихонечко,1
наплакавшись,1
получив,1
облегчение,1
поел,1
вчерашней,1
скользкой,1
картошки,1
вернувшись,1
проклятой,1
загадке,1
поплакал,1
плачу,1
залпом,1
чайного,1
сладкая,1
жидкость,1
подействовала,1
заболел,1
жгуче,1
захотелось,1
пить,1
выпив,1
воды,1
виске,1
содрал,1
одежду,1
закатывая,1
постель,1
пирамидону,1
мутный,1
сжалился,1
следующего,1
наскоро,1
вскипятил,1
чай,1
отпил,1
аппетита,1
предстоит,1
трудный,1
хлопотливый,1
перебежал,1
асфальтовый,1
флигеля,1
протянулась,1
кнопке,1
прочитали,1
случаю,1
свидетельства,1
выдаются,1
досадливо,1
неудачи,1
документами,1
разузнать,1
украдены,1
пройдя,1
направил,1
стопы,1
пороге,1
приостановился,1
приоткрыл,1
одного,1
знакомого,1
дрозда,1
анны,1
евграфовны,1
ворон,1
одинаковых,1
бритых,1
блондина,1
светло-серых,1
клетчатых,1
костюмах,1
молодая,1
мечтательными,1
бриллиантовыми,1
серьгами,1
ушах,1
молодые,1
обратили,1
никакого,1
внимания,1
продолжали,1
скрипеть,1
гроссбухах,1
сделала,1
надменно,1
улыбнулась,1
отвернулась,1
запнувшись,1
порог,1
вздохнул,1
старую,1
милую,1
померк,1
коротковских,1
легонечко,1
коротковским,1
растопырив,1
локти,1
строча,1
сидел,1
собственной,1
персоной,1
гофрированные,1
блестящие,1
закрывали,1
перехватило,1
глядел,1
лакированную,1
зеленым,1
сукном,1
нарушил,1
проворковал,1
фальцетом,1
облизнул,1
губы,1
набрал,1
узкую,1
куб,1
слышно,1
изумление,1
изменило,1
светлые,1
брови,1
поднялись,1
гармонику,1
извиняюсь,1
временная,1
немота,1
поразила,1
прошла,1
такие,1
спутал,1
хрипло,1
припомни-ка,1
число,1
тысяча,1
девятьсот,1
человеческом,1
слоновой,1
кости,1
коридорных,1
бритое,1
заслонило,1
мир,1
хорошо,1
судорога,1
свела,1
отлично,1
познакомиться,1
пододвинулся,1
встал,1
аист,1
штат,1
разверстал,1
веско,1
трое,1
указал,1
манечка,1
прежних,1
идиота,1
лакеем,1
розе,1
сбегаю,1
отдел,1
напишите,1
особенности,1
кстати,1
похожи,1
мерзавца,1
подбитый,1
качаясь,1
отвисшей,1
челюстью,1
впился,1
задышавшего,1
пробежав,1
втащил,1
заветный,1
бросил,1
кожаный,1
стул,1
уселся,1
колебание,1
съежился,1
двадцатое,1
первое,1
год,1
подписи,1
четверг,1
суббота,1
вскрссс,1
эс,1
расчеркнулся,1
печатью,1
мгновенье,1
яростно,1
зазвонил,1
трубку,1
заорал,1
приеду,1
вешалке,1
сорвал,1
прикрыл,1
ею,1
прощальными,1
ждите,1
решительно,1
помутилось,1
написанное,1
бумажке,1
штампом,1
суть,1
верно,1
о-о,1
простонал,1
роняя,1
делается,1
спела,1
визгливо,1
бороде,1
удрал,1
потух,1
а-а-а-а-а,1
взвыл,1
вытерпев,1
пытки,1
оскалив,1
изобразился,1
пожелтело,1
навалившись,1
отпер,1
удержавшись,1
корточки,1
выпрямился,1
помощь,1
опомнившись,1
загремело,1
соколы,1
вскочили,1
команде,1
мечтательные,1
взметнулись,1
машины,1
пронесся,1
истерический,1
крик,1
рванулся,1
круто,1
срезав,1
поскользнулся,1
наверно,1
разбил,1
огромная,1
кривая,1
ручка,1
торчащая,1
бока,1
подхватила,1
коротковского,1
гнилой,1
шевиот,1
тихим,1
расползся,1
бокового,1
хода,1
грандиозном,1
ящике,1
запыленными,1
медными,1
трубами,1
послышался,1
лопнул,1
стакан,1
пыльное,1
утробное,1
ворчание,1
хроматический,1
писк,1
колоколов,1
звучный,1
мажорный,1
аккорд,1
бодрящая,1
полнокровная,1
струя,1
трехъярусный,1
заиграл,1
пересыпая,1
залежи,1
застоявшегося,1
звука,1
черном,1
квадрате,1
появилось,1
произошла,1
метаморфоза,1
блеском,1
хлестнул,1
правой,1
перекинул,1
невидимую,1
салфетку,1
сорвался,1
пристяжная,1
покатил,1
округлив,1
поднос,1
чашками,1
ды-ым,1
расстилался,1
реке-е,1
наделал,1
ужаснулся,1
машина,1
провернув,1
застоявшиеся,1
волны,1
пошла,1
тысячеголовым,1
львиным,1
ревом,1
наполняя,1
пустынные,1
залы,1
стенах,1
ворот,1
кремлевских,1
вой,1
колокола,1
прорвался,1
сигнал,1
возвратился,1
вход,1
мстительный,1
грозный,1
зловещем,1
синеватом,1
сиянии,1
подниматься,1
зашевелились,1
взвившись,1
кривой,1
усеянный,1
щебнем,1
угонке,1
рокотало,1
сером,1
сюртуке,1
кнутом,1
рвал,1
бурно,1
бородатый,1
вырос,1
мостовой,1
пролетки,1
лупить,1
негодяй,1
кляча,1
рванула,1
лягать,1
жгучими,1
ударами,1
кнута,1
наполнив,1
экипажным,1
бурные,1
лакированная,1
шляпа,1
слетела,1
вьющиеся,1
бумажки,1
мальчишки,1
погнались,1
натянул,1
вожжи,1
тузить,1
заплачу,1
выкрикнув,1
отчаянно,1
эх,1
погибать,1
карьером,1
углом,1
рыдая,1
несущееся,1
пошатался,1
оставлю,1
разъясню,1
прыгнул,1
прицепился,1
дуге,1
дуга,1
пошатала,1
сбросила,1
девятиэтажного,1
зеленого,1
вбежав,1
просунул,1
четырехугольное,1
отверстие,1
деревянной,1
загородке,1
громадного,1
чайника,1
квартира,1
чайник,1
женским,1
сколько,1
бишь,1
взбегая,1
широкой,1
стоп,1
мычал,1
сороковая,1
восьмом,1
этаже,1
миновал,1
четвертой,1
черную,1
цифру,1
необъятный,1
двухсветный,1
углах,1
лежали,1
рулонной,1
усеян,1
исписанными,1
бумажными,1
обрывками,1
маячил,1
столик,1
золотистая,1
мурлыча,1
песенку,1
подперев,1
щеку,1
эстрады,1
сошла,1
ступая,1
массивная,1
фигура,1
мужчины,1
белом,1
кунтуше,1
седоватые,1
отвисшие,1
виднелись,1
необыкновенно,1
вежливой,1
безжизненной,1
гипсовой,1
улыбкой,1
щелкнув,1
каблуками,1
приятно,1
многие,1
изумляются,1
неправильными,1
ударениями,1
имею,1
что-либо,1
общее,1
этим,1
бандитом,1
горькое,1
совпадение,1
подал,1
заявление,1
утверждении,1
моей,1
фамилии,1
соцвосский,1
гораздо,1
красивее,1
опасно,1
неприятно,1
обидчиво,1
скривил,1
навязываюсь,1
найдем,1
ищут,1
помилуйте,1
начинается,1
везде,1
травленым,1
боясь,1
откуда-нибудь,1
вынырнет,1
лик,1
лысина-скорлупа,1
суконным,1
языком,1
пестрый,1
румянец,1
проступил,1
человеке,1
пожимая,1
повлек,1
столику,1
вообразите,1
негде,1
посадить,1
держат,1
загоне,1
значение,1
интриги,1
но-о,1
развернемся,1
беспокойтесь,1
новеньким,1
бледного,1
тысячу,1
познакомить,1
изящно,1
пожала,1
холодной,1
посмотрела,1
итак,1
фельетон,1
очерки,1
закатив,1
можете,1
представить,1
нужны,1
царица,1
небесная,1
туманно,1
переводя,1
э,1
произошло,1
ужасное,1
ради,1
бога,1
галлюцинации,1
ха-кха,1
попытался,1
искусственно,1
засмеяться,1
уверяю,1
пойму,1
меняет,1
грех,1
умер,1
знал,1
отозвалась,1
ужасные,1
кальсонеры,1
перебил,1
сижу,1
вот-с,1
полюбуйтесь,1
журналистике,1
будьте,1
добры,1
скажите,1
пробыл,1
замучил,1
счастье,1
федору,1
васильевичу,1
убрал,1
поставил,1
вопрос,1
остро,1
перевели,1
знает,1
воняет,1
передать,1
проклятое,1
сомневаюсь,1
наш,1
обнял,1
прохвост,1
безответственным,1
приемом,1
спихнул,1
дурацкое,1
которое,1
закроют,1
претензии,1
досадой,1
изумленно,1
окинул,1
безумными,1
кунтуш,1
подумав,1
налево,1
ища,1
бежал,1
прихотливым,1
изгибам,1
потоптался,1
рванув,1
опустел,1
машинка,1
безмолвно,1
улыбалась,1
подбежал,1
колоннаде,1
хозяина,1
пьедестале,1
улыбки,1
обиженным,1
лицом,1
попрощался,1
уха,1
отломлена,1
пятясь,1
холодея,1
незаметная,1
потайная,1
сморщенная,1
коричневая,1
пустыми,1
ведрами,1
коромысле,1
кормилец,1
бегай,1
миленький,1
найдешь,1
мыслимо,1
этажов,1
у-у,1
д-дура,1
стиснув,1
рыкнул,1
тупом,1
полутемном,1
пространстве,1
выхода,1
бросаясь,1
царапаясь,1
засыпанный,1
шахте,1
навалился,1
белое,1
пятно,1
выпустило,1
какую-то,1
стуча,1
послышались,1
тоскливое,1
беспокойство,1
сжало,1
останавливаться,1
блестящая,1
фуражка,1
одеяло,1
длинная,1
вцепился,1
одновременно,1
скрестились,1
завыли,1
тонкими,1
голосами,1
страха,1
отступать,1
попятился,1
полный,1
неизбывного,1
постойте,1
прохрипел,1
объясните,1
спасите,1
тонкий,1
медный,1
оступившись,1
затылком,1
даром,1
кота,1
фосфорными,1
стремительно,1
бархатно,1
пересек,1
сжался,1
комок,1
подоконник,1
разбитом,1
стекле,1
паутине,1
пелена,1
заволокла,1
коротковский,1
свалилась,1
необыкновенное,1
прояснение,1
тихонько,1
рассмеялся,1
вон,1
смеяться,1
гулкими,1
раскатами,1
байковой,1
кровати,1
вина,1
забыть,1
успокоиться,1
болела,1
правый,1
затылок,1
веки,1
легкая,1
поднималась,1
дна,1
желудка,1
ходила,1
волнами,1
рвало,1
свесив,1
постараюсь,1
встречаться,1
вертится,1
всюду,1
переулочке,1
тупичке,1
погонится,1
убегу,1
отстанет,1
иди,1
бог,1
тобой,1
служи,1
заведующим,1
делопроизводителем,1
обойдусь,1
оставь,1
покое,1
другое,1
местечко,1
найду,1
мирно,1
трогаю,1
подавать,1
выправлю,1
шабаш,1
начали,1
бить,1
пеструхиных,1
считать,1
полночь,1
четырнадцать,1
пятнадцать,1
часики,1
усмехнулся,1
тяжко,1
стошнило,1
церковным,1
вином,1
откинулся,1
подушку,1
непотушенная,1
лампа,1
освещала,1
подушке,1
растрепанные,1
осенний,1
расплывчато,1
боязливо,1
восьмой,1
повернул,1
наобум,1
направо,1
нарисованная,1
пальцу,1
спасительной,1
осторожно,1
столкнуться,1
кем,1
семью,1
женщинами,1
машинками,1
крайней,1
смуглой,1
матовой,1
поклонился,1
перебила,1
устремились,1
выйдем,1
матовая,1
поправила,1
прическу,1
тоскливо,1
вздохнув,1
повиновался,1
оставшихся,1
зашушукали,1
вывела,1
пустого,1
ужасны,1
спала,1
решилась,1
по-вашему,1
смуглое,1
огромными,1
издал,1
гортанный,1
закинула,1
страдальчески,1
оскалила,1
схватила,1
притянула,1
молчишь,1
соблазнитель,1
покорил,1
своею,1
храбростью,1
змий,1
скорее,1
контрольной,1
комиссии,1
пошатнулся,1
ощутил,1
губах,1
сладкое,1
мягкое,1
оказались,1
шепнуло,1
тэк-с,1
раздалось,1
обернулся,1
люстринового,1
вскрикнула,1
убежала,1
придешь,1
хват,1
выцелуете,1
командировку,1
дали,1
ехать,1
что-с,1
сухенький,1
шиш,1
заявленьице,1
подам,1
люстрин,1
да-с,1
растлили,1
главном,1
подотделов,1
добираетесь,1
ангелочки,1
плачут,1
горюют,1
бедные,1
девочки,1
ау,1
поздно-с,1
девичьей,1
чести,1
носовой,1
платок,1
оранжевыми,1
букетами,1
засморкался,1
подъемные,1
крохи,1
желаете,1
выдрать,1
затрясся,1
уронил,1
берите,1
кушайте,1
беспартийный,1
сочувствующий,1
голоду,1
помирает,1
дорога,1
старой,1
собаке,1
пророчески,1
грозным,1
налился,1
колоколами,1
пойдут,1
впрок,1
денежки,1
сатанинские,1
колом,1
горле,1
станут,1
буйных,1
рыданиях,1
истерика,1
затопал,1
больной,1
разнесся,1
сводам,1
отлезь,1
рвать,1
высох,1
следующий,1
каркнула,1
миновав,1
рослым,1
изящным,1
блондином,1
кивнул,1
покороче,1
разом,1
счета,1
дико,1
растерзанный,1
никогда,1
дрался,1
преследовать,1
посмотрю,1
дадим,1
рубахи,1
простыни,1
полушубок,1
подержанный,1
короче,1
музыкально,1
ключом,1
замке,1
выдвинул,1
приветливо,1
пожалте,1
сергей,1
николаевич,1
ясеневого,1
ящика,1
выглянула,1
причесанная,1
светлая,1
лен,1
синие,1
бегающие,1
изогнулась,1
змеиная,1
шея,1
хрустнул,1
крахмальный,1
показался,1
пиджак,1
законченный,1
доброе,1
красное,1
встряхнулся,1
выкупавшийся,1
пес,1
соскочил,1
заправил,1
поглубже,1
манжеты,1
вынул,1
карманчика,1
патентованное,1
перо,1
застрочил,1
отшатнулся,1
жалобно,1
естественно,1
лежать,1
пора,1
хронометраж,1
взволновался,1
брюнеткина,1
вынырнула,1
возбужденно,1
заслала,1
тетка,1
полтаве,1
градусом,1
широты,1
-м,1
долготы,1
надоела,1
волынка,1
блуждая,1
отдаваться,1
терпеть,1
верните,1
священную,1
восстановите,1
брачующихся,1
запищал,1
можем,1
дурашка,1
воскликнула,1
выглянув,1
кричала,1
суфлерским,1
скрывалась,1
появлялась,1
размазывая,1
лицу,1
умоляю,1
другом,1
всеми,1
фибрами,1
души,1
уйду,1
монастырь,1
истерики,1
конкретно,1
абстрактно,1
изложите,1
письменно,1
устно,1
срочно,1
секретно,1
отнимайте,1
занятого,1
коридорам,1
ходить,1
плевать,1
курить,1
разменом,1
затруднять,1
выйдя,1
рукопожатия,1
отменяются,1
кукарекнул,1
здравствуют,1
объятия,1
страстно,1
шепнула,1
дуновение,1
пронеслась,1
обдав,1
заповеди,1
тринадцатой,1
входи,1
ближнему,1
твоему,1
прошамкал,1
воздуху,1
полами,1
крылатки,1
вхожу,1
вхожу-с,1
бумажку,1
подброшу,1
хлоп,1
подпишешь,1
любую,1
скамье,1
подсудимых,1
выкинул,1
широкого,1
рукава,1
пачку,1
белых,1
листов,1
усеяли,1
чайки,1
скалы,1
берегу,1
заходила,1
качаться,1
плакал,1
истомленный,1
застрели,1
выправь,1
какой,1
документик,1
поцелую,1
мути,1
пухнуть,1
вырастать,1
переставая,1
подписывать,1
старичковы,1
листки,1
швырять,1
секретарю,1
ловил,1
радостным,1
урчаньем,1
машинистки,1
гей,1
столах,1
звякнув,1
звоночками,1
заиграли,1
фокстрот,1
колыша,1
бедрами,1
поводя,1
плечами,1
взбрасывая,1
кремовыми,1
белую,1
пену,1
парадом-алле,1
двинулись,1
пошли,1
вокруг,1
столов,1
змеи,1
полезли,1
пасти,1
свиваться,1
раскраиваться,1
сшиваться,1
вылезли,1
лампасами,1
какая-нибудь,1
шантрапа,1
надевай,1
и-и-и-и,1
заскулил,1
биться,1
блондинова,1
чье-то,1
слезах,1
метнулось,1
валерьянки,1
потолке,1
птица,1
спасенье,1
пятое,1
отделение,1
запахло,1
эфиром,1
вынесли,1
полутемный,1
обняла,1
повлекла,1
шепча,1
хихикая,1
удружил,1
подсыпал,1
каждому,1
достанется,1
меньше,1
пяти,1
поражением,1
сражения,1
порхнула,1
потянуло,1
ветром,1
сыростью,1
сетки,1
уходящей,1
пропасть,1
зеркальная,1
кабина,1
падать,1
коротковых,1
упали,1
второго,1
зеркале,1
кабины,1
прохладный,1
розовый,1
цилиндре,1
арестую,1
сатанинским,1
смехом,1
неизвестно,1
женить,1
поеду,1
поглядел,1
оседать,1
назад,1
арестуй-ка,1
толстяку,1
дрожащий,1
язык,1
пахнущий,1
валерьянкой,1
арестуешь,1
документов,1
фига,1
иисусе,1
трясущейся,1
перекрестился,1
розового,1
попадался,1
толстун,1
никак,1
желтую,1
окраску,1
серенькую,1
иначе,1
пролепетал,1
самое,1
лучшее,1
ух,1
подходи,1
сломал,1
нынче,1
залихватски,1
сплюнул,1
подымай,1
ушибите,1
уполномоченный,1
подсаживая,1
попался,1
шестнадцати,1
страшно,1
стой,1
съежившись,1
проходи,1
сиятельство,1
скамеечке,1
подожду,1
жутко,1
темную,1
переднюю,1
пустынный,1
распростерт,1
голубой,1
вытертый,1
ковер,1
уютно,1
обставленном,1
малиновым,1
часами,1
пружине,1
вздыбив,1
м-молчать,1
покрылось,1
улыбковыми,1
морщинами,1
артурыч,1
слушай,1
металлическим,1
пузыреву,1
учредил,1
единоличную,1
диктатуру,1
попер,1
эмеритурные,1
майские,1
паршивая,1
сволочь,1
колдовски,1
превращаясь,1
грозного,1
добряка,1
диктатурыч,1
раздельно,1
покачал,1
взмахнув,1
треснул,1
уху,1
блин,1
тарелку,1
машинально,1
охнул,1
застыл,1
всякому,1
негодяю,1
позволит,1
совать,1
мои,1
дела,1
внушительно,1
погрозив,1
прощание,1
красным,1
стояло,1
подвески,1
канделябрах,1
звякали,1
проехавшего,1
грузовика,1
усмехнувшись,1
добрый,1
униженный,1
награда,1
усердие,1
ночей,1
недосыпаешь,1
недоедаешь,1
недопиваешь,1
результат,1
морде,1
пришли,1
морда,1
видно,1
казенная,1
канделябрик,1
возьмите,1
соблазнительно,1
выставил,1
пухлые,1
щеки,1
письменного,1
понимая,1
застенчиво,1
свечами,1
закапала,1
кровь,1
крикнув,1
караул,1
убежал,1
внутреннюю,1
ку-ку,1
лесная,1
кукушка,1
выскочила,1
нюренбергского,1
разрисованного,1
домика,1
лысую,1
запишем,1
работников,1
лупите,1
ярость,1
канделябром,1
ответили,1
брызгами,1
золотых,1
стрелок,1
белого,1
петушка,1
юркнул,1
внутренними,1
дверями,1
вопль,1
лови,1
разбойника,1
тяжкие,1
сторон,1
площадки,1
скакнул,1
кабину,1
забросился,1
сетками,1
изгрызенной,1
таком,1
порядке,1
толстяка,1
петух,1
петухом,1
пролетевший,1
вершке,1
острой,1
головкой,1
шестнадцатилетний,1
револьвером,1
какие-то,1
топочущие,1
подкованными,1
сапогами,1
застонала,1
бронзовым,1
захлопали,1
площадках,1
свесился,1
верхнего,1
этажа,1
рупор,1
какая,1
секция,1
переезжает,1
несгораемую,1
кассу,1
забыли,1
женский,1
бандиты,1
обогнав,1
заглотав,1
огромную,1
раскаленного,1
петушок,1
землю,1
оставив,1
серный,1
запах,1
поплелась,1
рядом,1
тонким,1
протяжным,1
артельщиков,1
бьют,1
пути,1
сворачивали,1
вползали,1
подворотни,1
вспыхивали,1
гасли,1
короткие,1
свистки,1
порскал,1
улюлюкал,1
загорались,1
тревожные,1
сиплые,1
крики,1
держи,1
дробным,1
опускались,1
железные,1
шторы,1
хромой,1
трамвайной,1
линии,1
визжал,1
началось,1
летели,1
частые,1
веселые,1
елочные,1
хлопушки,1
пули,1
жикали,1
рычащий,1
кузнечный,1
мех,1
стремился,1
гиганту,1
одиннадцатиэтажному,1
зданию,1
выходящему,1
фасадом,1
тесный,1
стеклянная,1
вывеска,1
restoran,1
pivo,1
звездой,1
пожилой,1
пересел,1
козел,1
мостовую,1
томным,1
выражением,1
братцы,1
попало,1
выбежавший,1
попытку,1
ухватить,1
пиджака,1
завернул,1
саженей,1
зеркальное,1
вестибюля,1
мальчик,1
галунах,1
золоченых,1
пуговках,1
отскочил,1
дядя,1
сироту,1
вонзился,1
зеленый,1
диван,1
задышал,1
рыба,1
песке,1
всхлипывая,1
вестибюле,1
загремели,1
завертелись,1
шел,1
успокоившись,1
утирал,1
покрал,1
любопытством,1
всматриваясь,1
растерзанного,1
атакуем,1
отвечал,1
наступление,1
перешел,1
самый,1
верх,1
бильярдные,1
посоветовал,1
отсидишься,1
маузером,1
давай,1
наверх,1
согласился,1
распахнул,1
шмыгнув,1
вылазь,1
сыпь,1
выпрыгнул,1
осмотрелся,1
прислушался,1
донесся,1
нарастающий,1
поднимающийся,1
гул,1
костяных,1
шаров,1
мелькали,1
встревоженные,1
шмыгнул,1
заперся,1
орлиным,1
окинув,1
боевым,1
кличем,1
замелькали,1
лоснящимися,1
бледные,1
бухнул,1
оглушительном,1
эхо,1
выстрел,1
посыпались,1
сигналу,1
игроки,1
побросали,1
кии,1
гуськом,1
топоча,1
кинулись,1
мотнувшись,1
крюк,1
входную,1
ведущую,1
вооружился,1
сверкнул,1
огонь,1
полопались,1
перегородке,1
перекатывающийся,1
оглушительная,1
зингеровская,1
швейка,1
завыл,1
затряс,1
вырезало,1
части,1
ножом,1
тучей,1
пудры,1
штукатурка,1
всей,1
удержать,1
разбежавшись,1
третью,1
стену,1
начиналась,1
плоская,1
асфальтированная,1
громады,1
высыпалась,1
бушующим,1
выкинуть,1
пирамид,1
разбежались,1
асфальту,1
отрубленные,1
вовремя,1
вырезал,1
нижнюю,1
донеслось,1
открылось,1
худосочное,1
самой,1
бледненькое,1
ветерок,1
промерзший,1
асфальт,1
снаружи,1
город,1
дал,1
знать,1
тревожным,1
смягченным,1
гулом,1
попрыгав,1
асфальте,1
подхватив,1
парапету,1
замерло,1
открылись,1
кровли,1
домов,1
казавшихся,1
приплюснутыми,1
площадь,1
ползали,1
трамваи,1
жучки-народ,1
серенькие,1
фигурки,1
проплясавшие,1
подъезду,1
тяжелую,1
игрушку,1
усеянную,1
золотыми,1
сияющими,1
головками,1
окружили,1
пожарные,1
перегнувшись,1
парапет,1
прицелился,1
взвились,1
описав,1
дугу,1
ухнули,1
подхватил,1
тройку,1
размахнувшись,1
сверкнули,1
серебряные,1
снизившись,1
превратились,1
исчезли,1
жучки,1
забегали,1
встревоженно,1
залитой,1
солнцем,1
наклонился,1
подхватить,1
снарядов,1
несмолкающим,1
стекол,1
проломе,1
показались,1
сыпались,1
горох,1
выскакивая,1
фуражки,1
шинели,1
верхнее,1
касаясь,1
земли,1
грозно,1
выкатился,1
старинным,1
мушкетоном,1
завыло,1
спереди,1
оглушающий,1
кастрюльный,1
бой,1
проигран,1
та-та-та,1
трубный,1
отбой,1
отвага,1
хлынула,1
душу,1
цепляясь,1
балансируя,1
столб,1
парапета,1
покачнулся,1
рост,1
смерть,1
позор,1
преследователи,1
двух,1
шагах,1
протянутые,1
выскочило,1
пламя,1
солнечная,1
поманила,1
захватило,1
пронзительным,1
кликом,1
подпрыгнул,1
перерезало,1
дырами,1
взрыва,1
взлетело,1
поднялся,1
которая,1
кровяное,1
видал,1
впервые,1
альманах,1
рига,1
печатается,1
истории,1
написания,1
ю,1
слезкину,1
сообщал,1
вряд,1
где-нибудь,1
лежнев,1
отказался,1
взять,1
записывает,1
толстому,1
дачу,1
хвалил,1
берет,1
петербург,1
пристроить,1
журнал,1
„звезда,1
предисловием,1
меня-то,1
удовлетворяет,1
найдены,1
объясняющие,1
ненапечатание,1
звезде,1
исключено,1
договорился,1
выпуске,1
сочинения,1
недрах,1
ангарского,1
косвенно,1
свидетельствует,1
сожалению,1
датированная,1
сестре,1
продал,1
мнению,1
летом,1
делает,1
короткую,1
ответа,1
„дьяволиады,1
неделю,1
детализирует,1
дороге,1
„гудка,1
заходил,1
зайцеву,1
принята,1
дают,1
руб,1
дурацкая,1
черту,1
годная,1
вересаеву,1
редакторов,1
понравилась,1
характерна,1
указывает,1
требовательность,1
произведениям,1
последующие,1
представляют,1
немалый,1
интерес,1
гарнитур,1
мебели,1
решили,1
тасей,1
купить,1
согласятся,1
отсрочить,1
платеж,1
выяснится,1
риск,1
неделе,1
„недрах,1
должны,1
уплатить,1
андрей,1
земский,1
говорил,1
жанр,1
редкая,1
стремительная,1
фабула,1
февраля,1
вечером,1
получил,1
петра,1
никаноровича,1
свежий,1
номер,1
архиве,1
сохранился,1
оттиск,1
недр,1
дарственной,1
машинистке,1
ирине,1
сергеевне,1
память,1
нашей,1
совместной,1
кропотливой,1
работы,1
откликов,1
примечательны,1
евгений,1
замятин,1
целом,1
одобрительно,1
высказался,1
несомненно,1
верный,1
инстинкт,1
выборе,1
композиционной,1
установки,1
фантастика,1
корнями,1
врастающая,1
быт,1
быстрая,1
смена,1
картин,1
главное,1
растущий,1
талант,1
можно,1
ждать,1
хороших,1
работ,1
русский,1
современник,1
дневниковой,1
дьяволиаде,1
олеша,1
„звезде,1
„написано,1
„дьяволиады“,1
обрыв,1
текста,1
звезда,1
отмечалось,1
устаревшей,1
теме,1
сатира,1
советскую,1
является,1
повесть-гротеск,1
написанная,1
живо,1
зрения,1
критиков,1
попала,1
значительно,1
вышли,1
сборники,1
рассказов,1
повестей,1
рассматриваться,1
контексте,1
творчества,1
собр,1
соч,1
любимейшая,1
опера,1
французским,1
композитором,1
бизе,1
ресторан,1
альпийская,1
роза,1
находился,1
софийке,1
пушечная,1
ул,1
тексту,1
назван,1
скворцом,1
dortoi,1
спальня,1
девочек,1
закрытого,1
учебного,1
заведения,1
рepiniere,1
питомник,1
рассадник,1
популярный,1
-80-е,1
гг,1
xixв,1
александр,1
константинович,1
шеллер-михайлов,1
москва,1
-х,1
годов,1
году,1
лифтах,1
могли,1
ездить,1
пороком,1
кромвель,1
оливер,1
вождь,1
английской,1
буржуазной,1
революции,1
жестокий,1
диктатор,1
сосредоточивший,1
власть,1
романа,1
потертые,1
ковры,1
пестрые,1
малиновые,1
соколом,1
песня-романс,1
соколова,1
обыгрывается,1
имя,1
польского,1
короля,1
яна,1
собеского,1
бессмертным,1
собесом,1
подразумевается,1
журналист,1
август,1
потоцкий,1
бывший,1
польский,1
граф,1
ставший,1
большевиком,1
ироническое,1
сочетание,1
европейского,1
имени,1
русским,1
отчеством,1
фамилией,1
означавшей,1
симфонический,1
ансамбль,1
дирижера,1
французская,1
стиле,1
эпохи,1
людовика,1
xiv,1
гогенцоллерны,1
знаменитая,1
немецкая,1
существовавшая,1
xv,1
наиболее,1
яркие,1
представители,1
фридрих,1
имела,1
ответвления,1
румынскую,1
русскую,1
эмеритура,1
лат,1
emeritus,1
заслуженный,1
единовременные,1
пособия,1
государственным,1
служащим,1
средств,1
кассы,1
накопленных,1
отчислений,1
зарплаты,1
самих,1
реакционная,1
организация,1
сша,1
созданная,1
якобы,1
защиты,1
чистоты,1
расы,1
parforce,1
применением,1
силы,1
взято,1
охотничьей,1
терминологии,1
означает,1
гон,1
погоню,1
сталину,1
писал,1
поступили,1
волком,1
гнали,1
правилам,1
литературной,1
садки,1
огороженном,1
дворе,1
мастера,1
маргариты,1
гл,1
знойный,1
воздух,1
сгустился,1
соткался,1
прозрачный,1
гражданин,1
престранного,1
вида,1
