Bulghakov_Rokovyie iaitsa.txt,21237
и,927
–,877
в,715
на,413
не,271
что,255
с,208
персиков,180
он,174
а,128
как,124
,123
по,116
его,113
я,112
к,109
вы,101
у,98
профессор,96
из,95
это,93
но,90
же,78
за,75
было,71
все,69
панкрат,68
от,61
они,56
их,53
так,52
да,48
персикова,47
то,47
был,47
ну,46
александр,45
семенович,45
под,42
только,41
профессора,40
уже,38
него,37
ни,37
ответил,37
ему,36
луч,35
сказал,35
нет,33
ее,33
совершенно,32
вот,32
иванов,32
вам,32
еще,31
затем,31
были,31
глаза,31
рокк,30
при,29
человек,29
яйца,28
до,28
во,28
бы,28
кабинете,28
о,28
через,28
над,28
ничего,27
где,27
даже,26
была,25
очень,25
ведь,25
такое,25
со,25
ты,24
тут,24
камеры,24
глава,23
говорил,23
мне,23
раз,23
теперь,23
спросил,23
когда,22
всех,22
потом,22
ли,22
щукин,22
этот,21
этого,21
несколько,21
того,21
владимир,21
что-то,21
она,21
кур,21
них,20
себя,20
ипатьич,20
вдруг,20
чтобы,20
меня,20
дело,20
руки,19
или,19
тот,19
там,19
нем,19
быть,19
тотчас,19
года,18
кабинет,18
весь,18
голос,18
черт,18
луча,18
института,17
просто,17
может,17
три,17
потому,17
стал,16
ночь,16
красный,16
надо,16
жизни,15
нужно,15
степановна,15
молодой,15
словно,15
два,15
день,15
профессору,15
вас,15
году,14
если,14
гадов,14
-го,14
время,14
глазах,14
двери,14
знает,14
без,14
бронский,14
александра,14
семеновича,14
яиц,13
улице,13
себе,13
глазами,13
марья,13
ж,13
вообще,13
можно,13
глядя,13
персикову,13
тем,12
москве,12
голова,12
лицо,12
перед,12
больше,12
наконец,12
вновь,12
чем,12
после,12
стекла,12
этом,12
кабинета,12
сам,12
один,12
начал,12
москва,12
известно,12
телефон,12
чего,12
полайтис,12
ученый,11
шар,11
голосом,11
который,11
институт,11
сидел,11
стало,11
будет,11
какие-то,11
дня,11
страшно,11
закричал,11
здесь,11
герцена,10
эти,10
окна,10
панкрата,10
известия,10
дверь,10
головой,10
слова,10
никто,10
опять,10
калоши,10
голову,10
мы,10
конечно,10
полу,10
стол,10
двор,10
яйцами,10
могу,10
для,10
маня,10
охранитель,10
оранжереи,10
москву,9
свой,9
именно,9
читал,9
всю,9
петр,9
степанович,9
институте,9
-м,9
лишь,9
микроскопа,9
руках,9
течение,9
часа,9
поднялся,9
им,9
заговорил,9
долго,9
поверх,9
молвил,9
хотел,9
гм,9
луче,9
почему,9
откуда,9
такой,9
господин,9
есть,9
котелок,9
куриных,8
глазки,8
которых,8
вышел,8
впрочем,8
мало,8
появился,8
знаете,8
столе,8
нельзя,8
глаз,8
вся,8
ним,8
солнце,8
оно,8
нее,8
продолжал,8
человека,8
второй,8
прямо,8
газеты,8
занят,8
этих,8
трубку,8
толпа,8
кто-то,8
одна,8
точно,8
куры,8
сквозь,8
вон,8
знаю,8
где-то,8
товарищ,8
дуня,8
змея,8
совхозом,7
зажег,7
тогда,7
кроме,7
мир,7
сразу,7
куда-то,7
которую,7
пожалуйста,7
прислали,7
светом,7
минуту,7
ноги,7
кругом,7
вестибюле,7
увидал,7
ногах,7
окно,7
исчез,7
заметил,7
самого,7
завыл,7
свою,7
всем,7
ночи,7
между,7
камеру,7
которой,7
опыты,7
суток,7
кто,7
согласился,7
будто,7
петух,7
вой,7
мимо,7
трубка,7
сейчас,7
показалось,7
куриные,7
белые,7
зелени,7
рокка,7
совхозе,7
флейту,7
агенты,7
из-за,6
ящики,6
совхоз,6
вечером,6
университета,6
этой,6
палец,6
почти,6
оставив,6
лягушки,6
жизнь,6
буду,6
голых,6
сторож,6
таким,6
пришлось,6
почему-то,6
дальше,6
стекол,6
раза,6
смотрел,6
движение,6
месте,6
об,6
том,6
лягушек,6
микроскоп,6
хорошо,6
забыл,6
вернулся,6
света,6
поэтому,6
республике,6
огни,6
дверью,6
очков,6
спать,6
одного,6
третий,6
подумал,6
действительно,6
которого,6
другой,6
ах,6
попадья,6
правда,6
карточку,6
альфред,6
вместо,6
более,6
машины,6
голоса,6
бронского,6
крыше,6
кричали,6
головы,6
лица,6
губернии,6
улицы,6
сказать,6
никогда,6
тихо,6
взял,6
гость,6
куда,6
бросился,6
понять,6
ангел,6
немедленно,6
крайне,6
меры,6
немного,6
можете,6
сторону,6
всего,6
лист,6
добавил,6
смоленской,6
оранжерее,6
осторожно,6
концовке,6
наборщики,6
анаконда,6
змеи,5
начало,5
очки,5
среди,5
уверенно,5
вне,5
своей,5
жена,5
удалось,5
той,5
одно,5
углу,5
моховой,5
террариях,5
жабы,5
последние,5
белый,5
лежал,5
во-первых,5
помощи,5
поймал,5
спрашивал,5
вероятно,5
тверской,5
получил,5
тоже,5
надел,5
далеко,5
рядом,5
храма,5
пальцами,5
амеб,5
хотите,5
кровь,5
тяжко,5
нежно,5
понимаю,5
шторы,5
повторил,5
солнца,5
газ,5
послышалось,5
ученого,5
мой,5
утром,5
лице,5
прекрасно,5
повернулся,5
секунд,5
левую,5
какая,5
одной,5
стороны,5
уж,5
благодаря,5
лежали,5
поколение,5
иванова,5
показал,5
хотя,5
гляньте,5
получить,5
времени,5
начали,5
всему,5
нему,5
говорить,5
дроздова,5
собой,5
газету,5
увы,5
лицом,5
рукой,5
чуть,5
ними,5
штаны,5
никакого,5
пока,5
верно,5
мелькнула,5
толстяк,5
альфреда,5
нам,5
хоть,5
пречистенку,5
тротуара,5
куриная,5
история,5
ответила,5
слово,5
люди,5
землю,5
вокруг,5
часов,5
вечера,5
людей,5
насчет,5
вечеру,5
надписью,5
белом,5
лоб,5
пришел,5
никого,5
передней,5
чтоб,5
телефону,5
будут,5
мгновение,5
мог,5
скажете,5
крикнул,5
разве,5
шли,5
пришелец,5
выведу,5
назад,5
дверей,5
револьвер,5
камер,5
небо,5
мороз,5
мани,5
которые,4
размеров,4
iv,4
вошел,4
катастрофы,4
вечер,4
имел,4
ибо,4
области,4
т,4
е,4
одну,4
профессором,4
которая,4
своего,4
-й,4
/,4
издохли,4
обыкновенных,4
смерти,4
образом,4
калошах,4
иванову,4
убить,4
неделю,4
диване,4
пасть,4
свете,4
кончился,4
зоологический,4
стали,4
панкрату,4
тому,4
москвы,4
узнать,4
столы,4
произошло,4
цветной,4
христа,4
момент,4
лягушка,4
табурет,4
пальцы,4
одним,4
длинные,4
минут,4
кого,4
неизвестно,4
мать,4
подошел,4
чудовищно,4
угу,4
друг,4
понял,4
зоолог,4
свои,4
глядел,4
правую,4
усмехнулся,4
снял,4
боже,4
раньше,4
придется,4
женщина,4
посмотрел,4
изо,4
тысячу,4
странные,4
какая-то,4
яростно,4
клочья,4
приват-доцент,4
эта,4
ужасе,4
двумя,4
чрезвычайно,4
которым,4
пробормотал,4
как-то,4
сотрудник,4
извиняюсь,4
держал,4
блокноте,4
какие,4
ваших,4
новой,4
какой,4
новые,4
пишете,4
икры,4
около,4
вижу,4
какую-то,4
моментально,4
позвольте,4
вдовы,4
глянул,4
садитесь,4
ненавистью,4
столб,4
шепнул,4
воздухе,4
толпы,4
эй,4
кулаками,4
ныне,4
бывшего,4
ей,4
куроводство,4
дела,4
матрешка,4
настолько,4
пыль,4
остановился,4
засим,4
квартиру,4
мор,4
зачем,4
интересно,4
какой-нибудь,4
звук,4
пусть,4
стеклянный,4
случае,4
кремля,4
концерт,4
трех,4
пальцем,4
знать,4
искры,4
лучше,4
нигде,4
рупор,4
комиссия,4
товарища,4
белыми,4
выли,4
больших,4
порядке,4
пели,4
своими,4
странным,4
две,4
работал,4
комиссии,4
стала,4
желтых,4
бумагой,4
бумаги,4
бумагу,4
стоял,4
шереметевых,4
замелькали,4
совхоза,4
собаки,4
этому,4
электрический,4
стояли,4
тени,4
токи,4
первой,4
спал,4
цыплята,4
четверть,4
щукина,4
ответ,4
направлению,4
квартирах,4
громадные,4
шеренги,4
сообщалось,4
вместе,3
живых,3
этим,3
вследствие,3
невероятных,3
зоологии,3
государственного,3
матовый,3
считать,3
равно,3
лет,3
бокам,3
вперед,3
вечно,3
маленькие,3
блестящие,3
такую,3
правой,3
крючок,3
пречистенке,3
квартире,3
комнат,3
заявил,3
марье,3
степановне,3
университете,3
иначе,3
касается,3
исключением,3
год,3
события,3
часы,3
стену,3
дома,3
знаменитого,3
экземпляров,3
жаб,3
та,3
власа,3
свое,3
дворе,3
действие,3
смертей,3
особенности,3
просвещения,3
своему,3
острой,3
насквозь,3
зале,3
градусов,3
сколько,3
весной,3
пресмыкающихся,3
отвечал,3
бодро,3
кричал,3
первом,3
—,3
порою,3
тысячи,3
воду,3
новых,3
шары,3
числе,3
завиток,3
тысяч,3
высоко,3
бледный,3
кремальеру,3
табурета,3
прошел,3
стеклянном,3
страха,3
глазом,3
окуляру,3
очевидно,3
ивановым,3
словами,3
заглянул,3
видел,3
женский,3
поле,3
правый,3
насторожился,3
горе,3
сидела,3
пять,3
запер,3
послышался,3
стены,3
поля,3
полное,3
белое,3
утро,3
покинул,3
окну,3
нажал,3
кнопку,3
обращаясь,3
поднял,3
брови,3
пропал,3
вдохновенно,3
шипящие,3
радостно,3
поднимая,3
кверху,3
легонько,3
животом,3
лег,3
работе,3
горелки,3
столу,3
пятнах,3
коридорах,3
завтра,3
отчего,3
моего,3
слушаю-с,3
пальто,3
шляпу,3
про,3
уставился,3
пошел,3
двое,3
ярко,3
видно,3
волхонке,3
туда,3
рта,3
особенно,3
скажем,3
зеркала,3
амебы,3
полтора,3
вяло,3
красной,3
ней,3
другом,3
место,3
шло,3
части,3
организмы,3
новое,3
валялись,3
борьбе,3
во-вторых,3
движения,3
гораздо,3
шипел,3
ясно,3
никем,3
первое,3
словом,3
любовно,3
вверху,3
возьми,3
кем,3
посмотрите,3
вами,3
дни,3
кончилось,3
уловил,3
отдать,3
справедливость,3
лучом,3
дали,3
-х,3
головастиков,3
половина,3
завывали,3
огня,3
ужас,3
почувствовал,3
чуть-чуть,3
изумительно,3
тоном,3
имя,3
бог,3
известие,3
заголовком,3
фамилия,3
напечатано,3
карточке,3
чертовой,3
матери,3
прошу,3
сюда,3
острым,3
мгновенно,3
поклонился,3
бок,3
обязан,3
газетах,3
чепуху,3
возможно,3
окончательно,3
тип,3
молодого,3
страницу,3
миллиона,3
количества,3
побагровел,3
загорелись,3
вопрос,3
странное,3
левая,3
онемел,3
простите,3
никак,3
мягко,3
кошмарное,3
дроздовой,3
автомобиль,3
газета,3
развернул,3
рисунком,3
небе,3
результатами,3
рукав,3
слезами,3
мои,3
тоскливо,3
толстяка,3
механический,3
никакой,3
автомобили,3
го-го-го,3
нравится,3
восхищенно,3
ландо,3
читали,3
толпе,3
ту,3
бывшем,3
сером,3
вдова,3
громко,3
прогневался,3
господь,3
глянь,3
слез,3
отца,3
рук,3
артели,3
хохлатка,3
двору,3
воды,3
пить,3
гостья,3
видала,3
места,3
спину,3
председатель,3
никуда,3
лошадь,3
третьем,3
сидело,3
нас,3
вниз,3
оттуда,3
странную,3
невозможно,3
альфредом,3
трамвае,3
мигая,3
выскочила,3
надпись,3
зубы,3
марьи,3
степановны,3
звонок,3
лупу,3
произнес,3
прошла,3
открыл,3
например,3
сию,3
расписку,3
черный,3
успокоился,3
эту,3
гостей,3
пенсне,3
маленький,3
отнесся,3
держа,3
из-под,3
руку,3
все-таки,3
семь,3
телефона,3
театре,3
следующий,3
какой-то,3
однако,3
курил,3
любопытством,3
почтительно,3
дорогой,3
сел,3
винтящийся,3
специалист,3
птиц,3
хвост,3
перья,3
№,3
ну-с,3
индии,3
всей,3
рисунок,3
что-нибудь,3
прыгали,3
пишут,3
зеленые,3
чрезвычайная,3
чумой,3
заведующего,3
полосами,3
ходили,3
трупов,3
горели,3
делать,3
плакаты,3
белая,3
извините,3
отряды,3
республик,3
пророк,3
вошли,3
границей,3
катастрофа,3
концу,3
камере,3
самое,3
животноводства,3
птаха,3
сделать,3
колонной,3
смутно,3
пучок,3
швам,3
вошедшего,3
столицы,3
конце,3
впечатление,3
смотрели,3
сверху,3
выразить,3
пришла,3
цыплят,3
значит,3
первую,3
подняли,3
указал,3
знаешь,3
пятнадцать,3
самом,3
готово,3
асбестовом,3
станции,3
возле,3
воин,3
превосходно,3
слой,3
мыть,3
д,3
валялась,3
месяца,3
наглухо,3
руками,3
мной,3
угол,3
звуками,3
рощи,3
фойе,3
вполне,3
шел,3
проклятые,3
манечка,3
решительно,3
странный,3
александру,3
семеновичу,3
тишина,3
пруд,3
стояла,3
спиной,3
одном,3
смотреть,3
таки,3
цып,3
начала,3
кричать,3
каждые,3
дворец,3
лопухов,3
бревно,3
сердце,3
бой,3
задыхаясь,3
вальс,3
аршин,3
дороги,3
мотоцикл,3
страшная,3
слушайте,3
совхозу,3
отозвался,3
оранжерея,3
полайтиса,3
успел,3
выстрелить,3
выстрелил,3
оливковая,3
выпускающий,3
метранпаж,3
кутерьма,3
трубками,3
серый,3
беда,3
стаями,3
змей,3
панику,3
августа,3
армия,3
ура,3
ich,3
роковые,2
духом,2
языке,2
заведующий,2
границы,2
крокодилов,2
страусов,2
выросли,2
михаил,2
notes,2
огляделся,2
следует,2
владимира,2
ипатьевича,2
ровно,2
замечательная,2
пучками,2
торчащими,2
носило,2
носу,2
тонким,2
других,2
всегда,2
часто,2
газет,2
театр,2
ходил,2
такого,2
детей,2
любил,2
чай,2
жил,2
экономка,2
отняли,2
профессоров,2
по-русски,2
хуже,2
произошли,2
другим,2
большую,2
улицу,2
зоологического,2
экземпляр,2
суринамской,2
бессменный,2
старик,2
причина,2
пропала,2
исчезли,2
оставшиеся,2
показав,2
отношение,2
выкинуть,2
шапке,2
коридоре,2
единого,2
целыми,2
пар,2
пояса,2
комнате,2
потолка,2
книгами,2
началось,2
какое-то,2
покойного,2
большие,2
летом,2
клязьме,2
штук,2
прославился,2
студентов,2
марксист,2
осенью,2
вежливо,2
давай,2
следующего,2
ожил,2
угла,2
квартир,2
страшный,2
замечательное,2
лето,2
обратно,2
диаграммы,2
комнату,2
зеркальные,2
стеклянные,2
ламп,2
рефлекторы,2
узнал,2
вышла,2
свет,2
вопросу,2
рефлектор,2
экспериментальном,2
халат,2
какими-то,2
инструментами,2
механических,2
экипажей,2
торцам,2
гулом,2
огней,2
виден,2
серп,2
гул,2
табурете,2
обыкновенный,2
препарат,2
менял,2
кожаный,2
ассистент,2
позвал,2
бросив,2
вертя,2
папиросу,2
бежали,2
оба,2
ученые,2
потер,2
винт,2
двинул,2
бледных,2
посредине,2
похожий,2
сотни,2
видели,2
интересовался,2
мешал,2
безжалостно,2
винта,2
дрогнули,2
причиной,2
изумился,2
правом,2
глазу,2
существо,2
напрягая,2
заснул,2
уходя,2
побледнел,2
микроскопом,2
боялся,2
сила,2
крыльцо,2
дрожащими,2
черные,2
ожила,2
вдохновенный,2
террарии,2
спали,2
ответили,2
помолчал,2
потушил,2
сдвинул,2
протянул,2
поймаю,2
важно,2
косяком,2
днем,2
подоконник,2
приступил,2
стеклянным,2
кусок,2
края,2
большой,2
дико,2
уставились,2
сна,2
ходить,2
работу,2
оставил,2
ложись,2
картину,2
впервые,2
случайность,2
отозвал,2
сулит,2
калошу,2
налезать,2
хлопнув,2
крыльце,2
нашел,2
встретил,2
видал,2
тьфу,2
брезгливо,2
пречистенки,2
трое,2
коленях,2
эх,2
низким,2
сиповатым,2
левый,2
прокричал,2
отец,2
открыта,2
строго,2
шлем,2
внимание,2
жирно,2
цвета,2
разглядел,2
диске,2
беспомощно,2
ложноножки,2
сил,2
полосу,2
бешеное,2
новым,2
дать,2
полосе,2
началась,2
друга,2
трупы,2
лучшие,2
приблизительно,2
перешел,2
шаркало,2
откинулся,2
спинку,2
кресла,2
новый,2
бормотал,2
выяснилось,2
полагать,2
поглядел,2
пригласил,2
такая,2
делается,2
произошел,2
разговор,2
следующему,2
чувствуя,2
ночей,2
возился,2
механик,2
жирный,2
июня,2
жадно,2
результаты,2
вылупились,2
головастики,2
всяких,2
метать,2
институту,2
отношению,2
запахом,2
вовремя,2
дейтероплазму,2
яйцеклетку,2
джентльмен,2
перебил,2
открыли,2
неслыханное,2
видимо,2
понимаете,2
помните,2
пищу,2
известный,2
стола,2
сами,2
открытии,2
птица,2
странице,2
новости,2
техники,2
появилась,2
глухо,2
жизнедеятельность,2
певсиков,2
начались,2
вручил,2
визитную,2
робко,2
прибавил,2
журнал,2
красная,2
вечерняя,2
гони,2
карточки,2
говорять,2
бледнея,2
ухватился,2
пополам,2
принять,2
гпу,2
колен,2
ширины,2
блокнот,2
ушел,2
ответа,2
кабинету,2
поставил,2
знак,2
гостя,2
извинения,2
ваше,2
вашем,2
миру,2
такие,2
объяснения,2
застрочил,2
работы,2
торопливо,2
скажу,2
радость,2
мною,2
свойства,2
невероятная,2
ужаснулся,2
двух,2
какого,2
полуфунта,2
говорите,2
даю,2
разрешения,2
писать,2
вашему,2
ваши,2
вернем,2
честь,2
кланяться,2
пол,2
толщины,2
нога,2
бритое,2
круглое,2
выпрямился,2
незнакомец,2
приятным,2
смертного,2
капитан,2
дальнего,2
плавания,2
вестник,2
слушаю,2
зи,2
бин,2
бронной,2
вертясь,2
фонарей,2
мостовой,2
болезни,2
попадьи,2
открытие,2
попал,2
гражданин,2
толпу,2
тротуаре,2
левом,2
смазанной,2
челюстью,2
подпись,2
приветливо,2
маститый,2
взлетел,2
рупоре,2
тонкий,2
познакомить,2
московский,2
открытия,2
губы,2
вашего,2
крышу,2
черной,2
пасти,2
жаль,2
неба,2
говорю,2
дней,2
количество,2
ишь,2
человеку,2
ударил,2
желтая,2
любопытные,2
рукаве,2
черту,2
вскричал,2
таксомотор,2
конструкции,2
стараясь,2
закрывался,2
фиолетового,2
дети,2
крх,2
уезда,2
домика,2
бывшей,2
персональной,2
соборного,2
протоиерея,2
высунулась,2
платке,2
воскликнула,2
семнадцатая,2
истинное,2
неужто,2
всхлипывая,2
птичий,2
вдовьины,2
пошли,2
вдову,2
заявление,2
состав,2
сама,2
куриными,2
каждое,2
появлялись,2
масло,2
ходила,2
рвало,2
последний,2
курицы,2
член,2
чашкой,2
клювом,2
кровью,2
курица,2
басом,2
твоих,2
таких,2
курьих,2
болезней,2
словам,2
крик,2
крылья,2
распростер,2
победоносно,2
сергия,2
шесть,2
куроводства,2
торчали,2
рваный,2
вздыхая,2
вид,2
знал,2
курятнике,2
лежала,2
грудами,2
наутро,2
город,2
встал,2
громом,2
приняла,2
крайнем,2
уездный,2
те,2
часу,2
попала,2
работать,2
бронским,2
дробясь,2
зеленея,2
лез,2
цепляясь,2
экране,2
огненная,2
проскочил,2
физиономия,2
телефонов,2
звонили,2
записки,2
против,2
номеров,2
сделалось,2
принял,2
имени,2
шефа,2
светился,2
издалека,2
попросил,2
далее,2
поздно,2
хи-хи,2
всхлипывал,2
менее,2
позволил,2
деньги,2
говорится,2
мур-мур-мур,2
газетчиков,2
оживился,2
ученых,2
сегодня,2
телеграммы,2
работами,2
дыхание,2
положение,2
государство,2
помощь,2
революции,2
пиджака,2
расписки,2
галлюцинация,2
выл,2
отвечала,2
сдать,2
комитет,2
духу,2
ход,2
бушевал,2
сукин,2
сын,2
фонд,2
колесов,2
ногами,2
спрятал,2
мысль,2
благополучно,2
мнению,2
лубянку,2
кому,2
будете,2
десять,2
принимал,2
военном,2
френче,2
штатском,2
повел,2
остался,2
дыма,2
хрипло,2
рубинштейн,2
маленькому,2
хмуро,2
слов,2
вызывает,2
васенька,2
окликнул,2
лаконически,2
мгновенье,2
вовсе,2
бумаге,2
спокоен,2
безопасности,2
расстреляли,2
улыбнулся,2
искрясь,2
сияя,2
объяснил,2
внимания,2
убедительно,2
гражданина,2
ушли,2
заниматься,2
выбросил,2
предложил,2
достаточно,2
известное,2
вытер,2
загремели,2
полетели,2
большом,2
грохот,2
нежные,2
большого,2
театра,2
внимательно,2
сдирая,2
напрасно,2
борт,2
промычал,2
прошли,2
студенты,2
зоологией,2
голубчик,2
всеми,2
визгливый,2
открытое,2
слишком,2
переутомился,2
красных,2
кресле,2
хватило,2
повернул,2
ухо,2
минуточек,2
чисто,2
иронически,2
сложив,2
тыча,2
рявкнул,2
улыбаясь,2
хотели,2
рассмеялся,2
валентин,2
петрович,2
частью,2
ладно,2
вооружился,2
ко,2
португалову,2
лично,2
весьма,2
давая,2
семейства,2
фазановых,2
модель,2
португалов,2
водится,2
петуха,2
сообщить,2
португалова,2
клещ,2
болезнь,2
пятна,2
удивился,2
вытащил,2
запрыгали,2
величины,2
куриный,2
гасли,2
вспыхивали,2
трамваев,2
электрическая,2
разноцветный,2
театром,2
гигантский,2
прививки,2
вспыхивала,2
куриною,2
составе,2
плакал,2
стен,2
красными,2
рефлекторами,2
ответственности,2
должны,2
милиции,2
пожарные,2
красные,2
неживой,2
дым,2
глядели,2
завывая,2
тяжелые,2
милиционеров,2
шуршали,2
знаменитый,2
пятнами,2
распоряжению,2
жалобно,2
эстраде,2
мейерхольда,2
постановке,2
трапеции,2
электрическую,2
писателя,2
огнями,2
женским,2
телом,2
гром,2
морд,2
колес,2
цирк,2
малиновом,2
часам,2
манежа,2
столкнулся,2
человеком,2
револьвера,2
пискнул,2
неприятным,2
хороши,2
заградительные,2
принятые,2
недели,2
счастью,2
падеж,2
нескольких,2
выбили,2
приняли,2
результате,2
прекратил,2
некуда,2
море,2
владивостоке,2
пространствах,2
неслыханный,2
истории,2
правительство,2
куриной,2
появились,2
юз,2
наши,2
особого,2
понятно,2
клеенчатом,2
напролет,2
июля,2
стихла,2
числах,2
основания,2
коробки,2
метра,2
готовиться,2
таинственным,2
прежде,2
всяческое,2
содействие,2
берлин,2
идут,2
таинственный,2
причем,2
кольца,2
цекубу,2
своем,2
трубки,2
платья,2
дыша,2
величиною,2
эстраду,2
силой,2
раздраженно,2
мокрые,2
галстух,2
левым,2
белых,2
нехорошо,2
миг,2
черным,2
августовский,2
винтящегося,2
воздух,2
скрипнула,2
сочетание,2
вымолвил,2
ну-ка,2
пороге,2
плечо,2
бросилась,2
черта,2
странно,2
улицах,2
странен,2
часть,2
маузер,2
неприятное,2
нахмурился,2
винтом,2
куртки,2
приказ,2
великолепной,2
плотной,2
холодом,2
прочитал,2
махнул,2
крючочком,2
трубке,2
вверх,2
дверях,2
опере,2
изумления,2
мое,2
пришельца,2
вот-с,2
путем,2
передвижения,2
крышкой,2
погасил,2
правая,2
обиделся,2
сильно,2
величайшей,2
нужна,2
завопил,2
ей-богу,2
выйдет,2
ваш,2
слонов,2
партию,2
сумерки,2
овладела,2
слышались,2
людьми,2
ловить,2
ужа,2
глядят,2
сумерках,2
прозвучал,2
б,2
игрушку,2
моя,2
выбежал,2
разом,2
полуночи,2
скупо,2
освещенном,2
грудь,2
убил,2
уверял,2
великий,2
жены,2
деле,2
деревне,2
сидеть,2
звука,2
положительно,2
полным,2
леса,2
городе,2
густейшим,2
звездой,2
черных,2
хлопотал,2
загорелся,2
ящиках,2
ящика,2
фону,2
захлопотался,2
уборщица,2
сыпалась,2
осторожнее,2
оказались,2
головки,2
опилках,2
сдурел,2
задумчиво,2
пускай,2
волосы,2
рот,2
спрашиваете,2
говорят,2
никольского,2
сурово,2
сказала,2
грязюке,2
приват-доценту,2
вылупятся,2
кости,2
поручиться,2
заметьте,2
инструктировать,2
сделаем,2
кого-нибудь,2
стреляли,2
шутки,2
шагов,2
сто,2
наповал,2
идея,2
полями,2
зной,2
сахарный,2
лунный,2
оказалась,2
роще,2
шофер,2
шофера,2
горела,2
луну,2
флейты,2
рощами,2
колоннами,2
дворца,2
угасают,2
флейта,2
мужественной,2
щеке,2
играл,2
волшебные,2
грезы,2
туркестане,2
долгие,2
прибыл,2
должность,2
потух,2
согласились,2
стеклянными,2
пойдем,2
совсем,2
горел,2
яркий,2
контрольные,2
испещренные,2
камерах,2
беззвучно,2
цыпляток,2
сбоку,2
отверстия,2
мужики,2
жене,2
концовки,2
птицы,2
убрались,2
шереметева,2
север,2
расстроился,2
совхозовского,2
верст,2
пруда,2
толковать,2
самым,2
понадобилось,2
оставь,2
стук,2
яйцах,2
яйце,2
винтовку,2
уши,2
малиновые,2
разошлись,2
собак,2
ожидала,2
впал,2
скорлупа,2
задрал,2
заглядывать,2
углы,2
цветочные,2
вазоны,2
отзывались,2
оранжерею,2
полном,2
стекло,2
зреют,2
качая,2
пройдет,2
кровати,2
полотенцем,2
пруду,2
руке,2
заросли,2
александром,2
семеновичем,2
шорох,2
кофточка,2
пойду,2
верх,2
бревна,2
столба,2
внезапно,2
сидели,2
остались,2
четыре,2
вызванных,2
ума,2
туловище,2
одурел,2
пятно,2
визг,2
пружина,2
пыли,2
похожее,2
зубами,2
маню,2
землей,2
пятисаженным,2
слышал,2
рука,2
оторвался,2
бежать,2
каша,2
агент,2
управления,2
полайтису,2
лавке,2
огромной,2
нами,2
страшного,2
полайтисом,2
пулеметик,2
заглянули,2
увидали,2
случилось,2
эхо,2
сводами,2
вышли,2
зау-зау,2
бледно,2
револьвером,2
гигантскую,2
стрельбу,2
стрелял,2
сзади,2
лапах,2
ногу,2
огромная,2
вытянулся,2
текла,2
всмотрелся,2
уезде,2
хохотали,2
иван,2
вонифатьевич,2
телеграмма,2
интересного,2
аккуратно,2
известий,2
пакет,2
безобразие,2
лондона,2
каких-то,2
отводными,2
доброхим,2
костями,2
меньшей,2
мере,2
одиннадцати,2
слух,2
новость,2
корпус,2
потрясая,2
здание,2
экстренное,2
приложение,2
занято,2
газом,2
отвечали,2
расстрелять,2
выкрикивал,2
гудело,2
погасло,2
листы,2
несмотря,2
количестве,2
листом,2
взмахнул,2
водяной,2
удав,2
открытый,2
ящик,2
направлении,2
лес,2
таком,2
страшным,2
вопль,2
попало,2
искаженные,2
тверской-ямской,2
вокзал,2
кашей,2
ехали,2
вокзале,2
армии,2
газами,2
могли,2
остановить,2
бегали,2
колыша,2
конной,2
здравствует,2
конная,2
тротуаров,2
коней,2
конных,2
шлангами,2
рядам,2
молчал,2
погас,2
население,2
дивизия,2
можайском,2
удастся,2
удержать,2
гадами,2
убегайте,2
палки,2
разнесли,2
раздробили,2
пространства,2
эскадрильи,2
необозримые,2
tagesblatts,2
sie,2
bin,2
annotation,1
повесть,1
-,1
произведение,1
фантастическое,1
ужасающе,1
реалистичное,1
насладитесь,1
атмосферой,1
повести,1
воплощенными,1
емком,1
многогранном,1
булгаковском,1
яркой,1
игре,1
аллегорий,1
смысла,1
горьковатом,1
беспощадном,1
юморе,1
разрабатывает,1
способный,1
многократно,1
ускорять,1
развитие,1
существ,1
открытием,1
собирается,1
воспользоваться,1
выписывает,1
роковой,1
ошибки,1
присылают,1
расплодились,1
двинулись,1
булгаковглава,1
булгаков,1
куррикулюм,1
витэ,1
апреля,1
директор,1
зооинститута,1
помещающийся,1
зооинституте,1
верхний,1
ужасающей,1
заложенным,1
злосчастный,1
первопричиною,1
толкачом,1
лысая,1
желтоватых,1
волос,1
гладко,1
выбритое,1
нижняя,1
губа,1
выпячена,1
персиковское,1
капризный,1
отпечаток,1
красном,1
старомодные,1
серебряной,1
оправе,1
небольшие,1
росту,1
высокого,1
сутуловат,1
скрипучим,1
квакающим,1
странностей,1
что-либо,1
веско,1
указательный,1
превращал,1
щурил,1
эрудиция,1
феноменальная,1
появлялся,1
собеседников,1
эмбриологии,1
анатомии,1
ботаники,1
географии,1
сбежала,1
тенором,1
оперы,1
зимина,1
записку,1
содержания,1
невыносимую,1
дрожь,1
отвращения,1
возбуждают,1
твои,1
несчастна,1
женился,1
вспыльчив,1
отходчив,1
морошкой,1
занимала,1
сухенькая,1
старушка,1
ходившая,1
нянька,1
прекратят,1
безобразия,1
уеду,1
границу,1
сомнения,1
осуществил,1
план,1
легко,1
устроиться,1
кафедре,1
любом,1
мира,1
первоклассный,1
земноводных,1
равных,1
уильяма,1
веккля,1
кембридже,1
джиакомо,1
бартоломео,1
беккари,1
риме,1
языках,1
русского,1
по-французски,1
немецки,1
намерения,1
относительно,1
заграницы,1
выполнил,1
притом,1
никитскую,1
переименовали,1
врезанные,1
остановились,1
вынеся,1
пертурбаций,1
первоначально,1
великолепных,1
квакшей,1
исключительнейший,1
непосредственно,1
вслед,1
жабами,1
опустошившими,1
первый,1
отряд,1
справедливости,1
назван,1
классом,1
бесхвостых,1
переселился,1
лучший,1
влас,1
входящий,1
класс,1
бедных,1
определил,1
бескормица,1
прав,1
кормить,1
мукой,1
мучными,1
червями,1
поскольку,1
первая,1
постольку,1
вторые,1
квакш,1
попробовал,1
перевести,1
питание,1
тараканами,1
тараканы,1
провалились,1
злостное,1
военному,1
коммунизму,1
экземпляры,1
выгребные,1
ямы,1
поддается,1
описанию,1
смертях,1
целиком,1
обвинил,1
тогдашнего,1
наркома,1
стоя,1
выстывающего,1
ассистенту,1
изящнейшему,1
джентльмену,1
белокурой,1
бородкой,1
делают,1
погубят,1
бесподобный,1
самец,1
исключительный,1
пипа,1
американа,1
длиной,1
сантиметров,1
пошло,1
промерзли,1
цветистый,1
лед,1
внутренней,1
поверхности,1
кролики,1
лисицы,1
волки,1
рыбы,1
ужи,1
молчать,1
днями,1
заболел,1
воспалением,1
легких,1
умер,1
оправился,1
приходил,1
круглом,1
изменяясь,1
мороза,1
независимо,1
наушниками,1
кашне,1
выдыхая,1
слушателям,1
цикл,1
лекций,1
тему,1
пресмыкающиеся,1
жаркого,1
остальное,1
набитой,1
пледом,1
кашлял,1
огненной,1
печурки,1
золочеными,1
стульями,1
топила,1
вспоминал,1
суринамскую,1
жабу,1
кончается,1
обратное,1
подающий,1
надежды,1
топить,1
понемногу,1
вульгарных,1
закипела,1
рабфаках,1
экзаменах,1
срезал,1
гадах,1
отличаются,1
голые,1
гады,1
смешно,1
тазовых,1
почек,1
отсутствуют,1
тэк-то-с,1
стыдитесь,1
угасая,1
зарезанный,1
подобно,1
амфибии,1
оживают,1
долгой,1
засухи,1
обильном,1
дожде,1
соединенная,1
американо-русская,1
компания,1
выстроила,1
начав,1
газетного,1
переулка,1
центре,1
пятнадцатиэтажных,1
домов,1
окраинах,1
рабочих,1
коттеджей,1
каждый,1
навсегда,1
прикончив,1
смешной,1
жилищный,1
кризис,1
терзал,1
москвичей,1
годы,1
тихим,1
довольным,1
хихиканьем,1
потирал,1
вспоминая,1
жался,1
марьей,1
степановной,1
комнатах,1
расширился,1
расположил,1
книг,1
чучела,1
препараты,1
зеленую,1
лампу,1
покрыли,1
кремового,1
краской,1
провели,1
специальному,1
водопроводу,1
сменили,1
микроскопов,1
препарационные,1
отраженным,1
шкапы,1
музей,1
неожиданно,1
декабре,1
брошюра,1
размножении,1
бляшконосных,1
хитонов,1
стр,1
капитальный,1
труд,1
страниц,1
переведенный,1
языков,1
японский,1
эмбриология,1
пип,1
чесночниц,1
цена,1
рубля,1
госиздат,1
невероятное,1
ужасное,1
итак,1
длинном,1
позвенел,1
многие,1
бегавших,1
проскакивали,1
шурша,1
гладким,1
каждую,1
скрежетом,1
скатывался,1
трамвай,1
маршрута,1
отблески,1
разноцветных,1
забрасывал,1
темной,1
грузной,1
шапкой,1
туманный,1
месячный,1
весенней,1
нисколько,1
занимали,1
винтящемся,1
трехногом,1
побуревшими,1
табаку,1
вертел,1
великолепного,1
цейсовского,1
заложен,1
неокрашенный,1
свежих,1
увеличение,1
приоткрылась,1
показались,1
остренькая,1
бородка,1
нагрудник,1
установил,1
брыжейку,1
взглянуть,1
живо,1
сполз,1
полдороге,1
медленно,1
ассистента,1
полузадушенная,1
обмершая,1
боли,1
распята,1
пробковом,1
штативе,1
прозрачные,1
слюдяные,1
внутренности,1
вытянуты,1
окровавленного,1
живота,1
припал,1
интересное,1
рассмотреть,1
брыжейке,1
ладони,1
видные,1
рекам,1
сосудов,1
бойко,1
живые,1
кровяные,1
шарики,1
своих,1
амебах,1
полутора,1
очереди,1
припадал,1
стеклу,1
перебрасывались,1
оживленными,1
непонятными,1
простым,1
смертным,1
отвалился,1
заявив,1
сворачивается,1
поделаешь,1
шевельнула,1
потухающих,1
явственны,1
сволочи,1
разминая,1
затекшие,1
зевнул,1
воспаленные,1
веки,1
присев,1
наложил,1
собирался,1
двинуть,1
правым,1
мутноватый,1
диск,1
смутных,1
диска,1
локон,1
учеников,1
много,1
незачем,1
пучочек,1
наблюдению,1
показывал,1
фокусе,1
стирали,1
поворотом,1
освещая,1
ровным,1
белым,1
зоолога,1
вплотную,1
легли,1
нарезку,1
слезли,1
налился,1
тревогой,1
бездарная,1
посредственность,1
помыслы,1
сосредоточились,1
каменном,1
молчании,1
высшее,1
наблюдало,1
низшее,1
мучая,1
стоящим,1
фокуса,1
препаратом,1
молчало,1
отдалении,1
музыкально,1
прозвенели,1
шкапах,1
простонала,1
входная,1
запоздалый,1
грузовик,1
колыхнув,1
старые,1
плоская,1
стеклянная,1
чашечка,1
пинцетами,1
звякнула,1
занес,1
дитятей,1
которому,1
угрожает,1
опасность,1
могло,1
речи,1
какая-нибудь,1
посторонняя,1
вытолкнула,1
зрения,1
золотой,1
полосой,1
перерезавшей,1
кремовое,1
онемевших,1
глухие,1
закрыли,1
мудрая,1
ученая,1
желтый,1
растопырил,1
уставившись,1
паркет,1
слезящимися,1
господа,1
жабам,1
выключателю,1
напряженным,1
кустоватые,1
желтые,1
пробурчал,1
по-о-нимаю,1
сумасшедше,1
погасший,1
опустил,1
хищно,1
осклабился,1
торжественно,1
взвились,1
налицо,1
залило,1
легло,1
торцах,1
соображая,1
отходил,1
приближался,1
пританцовывая,1
важной,1
таинственной,1
колпаком,1
накрыл,1
синеватом,1
пламени,1
расплавил,1
сургуча,1
колокола,1
припечатал,1
сургучных,1
оттиснул,1
английский,1
замок,1
полусвет,1
добрался,1
комнаты,1
безуспешно,1
стучал,1
урчанье,1
цепного,1
пса,1
харканье,1
мычанье,1
полосатых,1
подштанниках,1
завязками,1
щиколотках,1
предстал,1
светлом,1
пятне,1
подвывал,1
извини,1
тебя,1
разбудил,1
сдвигать,1
у-у-у,1
по-по-понял,1
поняв,1
пошатывался,1
рычал,1
слушай,1
проснись,1
потыкал,1
ребра,1
получился,1
испуг,1
некоторая,1
тень,1
осмысленности,1
убирать,1
прихода,1
прохрипел,1
обрушился,1
постель,1
одеваться,1
серое,1
летнее,1
мягкую,1
вспомнив,1
микроскопе,1
надеть,1
полезла,1
чудовищная,1
прищурился,1
представить,1
последствий,1
презрением,1
ткнул,1
раздражала,1
желая,1
выходу,1
калоше,1
потерял,1
носовой,1
платок,1
тяжелою,1
искал,1
карманах,1
спичек,1
хлопая,1
тронулся,1
незажженной,1
папиросой,1
рту,1
задрав,1
приковался,1
золотому,1
шлему,1
сладостно,1
лизало,1
дурак,1
наклонился,1
задумался,1
разно,1
обутые,1
вернуться,1
разбудишь,1
бросить,1
подлую,1
жалко,1
нести,1
понес,1
стареньком,1
автомобиле,1
выехали,1
пьяненьких,1
раскрашенная,1
шелковых,1
шароварах,1
моде,1
папаша,1
крикнула,1
другую-то,1
калошку,1
пропил,1
альказаре,1
набрался,1
старичок,1
пьяненький,1
высунулся,1
автомобиля,1
ночная,1
выронил,1
существовании,1
пречистенском,1
бульваре,1
рождалась,1
солнечная,1
прорезь,1
пылать,1
вышло,1
приблизил,1
гениальный,1
обратил,1
разноцветном,1
завитке,1
выделялся,1
ярко-красного,1
завитка,1
выпадал,1
маленькое,1
острие,1
иголку,1
несчастье,1
приковал,1
наметанный,1
виртуоза,1
значительнее,1
важнее,1
непрочного,1
дитяти,1
случайно,1
родившегося,1
движении,1
объектива,1
пролежали,1
действием,1
получилось,1
зернистые,1
пролегал,1
заостренный,1
меч,1
происходили,1
явления,1
полосочке,1
кипела,1
серенькие,1
выпуская,1
тянулись,1
красную,1
волшебным,1
оживали,1
вдохнула,1
дух,1
лезли,1
стаей,1
боролись,1
другого,1
подобрать,1
размножение,1
ломая,1
опрокидывая,1
законы,1
известные,1
пальцев,1
почковались,1
молниеносной,1
быстротой,1
разваливались,1
каждая,1
частей,1
становилась,1
свежим,1
организмом,1
мгновений,1
достигали,1
роста,1
зрелости,1
очередь,1
тесно,1
неизбежная,1
борьба,1
рожденные,1
набрасывались,1
рвали,1
глотали,1
рожденных,1
погибших,1
существование,1
побеждали,1
сильные,1
ужасны,1
объемом,1
превышали,1
отличались,1
какою-то,1
особенной,1
злобой,1
резвостью,1
стремительны,1
длиннее,1
нормальных,1
работали,1
ими,1
преувеличения,1
спруты,1
щупальцами,1
осунувшийся,1
побледневший,1
пищи,1
взвинчивая,1
толстыми,1
самокрутками,1
изучал,1
первоисточнику,1
красному,1
лучу,1
тихонько,1
горелке,1
отравленный,1
сотой,1
папиросою,1
полузакрыв,1
винтового,1
оживил,1
исследованный,1
обнаруженный,1
выяснить,1
получается,1
электричества,1
также,1
самому,1
выразился,1
спектре,1
добыть,1
электрического,1
рассказал,1
поражен,1
раздавлен,1
простая,1
вещь,1
тоненькая,1
стрела,1
замечена,1
угодно,1
прилипая,1
растут,1
моих,1
наблюдаю,1
учеными,1
смысл,1
сводился,1
берется,1
соорудить,1
линз,1
зеркал,1
увеличенном,1
виде,1
надеется,1
уверен,1
получит,1
сомневаться,1
произошла,1
маленькая,1
заминка,1
опубликую,1
напишу,1
сооружены,1
вставил,1
заминочку,1
разрешить,1
заминочка,1
разрешилась,1
поглотил,1
худея,1
истощаясь,1
просиживал,1
половину,1
сверкающем,1
физическом,1
комбинируя,1
линзы,1
помогал,1
германии,1
запроса,1
комиссариат,1
посылки,1
содержащие,1
двояковыпуклые,1
двояковогнутые,1
выпукло-вогнутые,1
шлифованные,1
соорудил,1
мастерски,1
сантиметра,1
поперечнике,1
острый,1
сильный,1
установили,1
икрой,1
освещенной,1
потрясающие,1
икринок,1
одних,1
необычайно,1
злых,1
прожорливых,1
перелопана,1
половиной,1
зато,1
сроков,1
икру,1
всякого,1
вывели,1
бесчисленное,1
расползались,1
закоулках,1
зычные,1
хоры,1
болоте,1
боявшийся,1
испытывал,1
чувство,1
мертвенный,1
шалеет,1
наполнился,1
эфира,1
цианистого,1
калия,1
отравился,1
снявший,1
маску,1
разросшееся,1
болотное,1
перебить,1
ядами,1
кабинеты,1
проветрить,1
холодный,1
сдержанный,1
необычным,1
толкуете,1
мелких,1
деталях,1
дейтероплазме,1
будем,1
потугой,1
выдавил,1
слабая,1
краска,1
показалась,1
небритых,1
скулах,1
ну-ну-ну,1
приобретете,1
кружится,1
страстно,1
герои,1
уэльса,1
сравнению,1
вздор,1
я-то,1
думал,1
сказки,1
богов,1
роман,1
господи,1
помню,1
ножку,1
стеклянного,1
мертвую,1
лягушку,1
распухшим,1
брюхом,1
морде,1
злобное,1
выражение,1
виноват,1
сенсационные,1
передаются,1
воздуху,1
гигантской,1
кипящей,1
заговорили,1
профессоре,1
персикове,1
вскользь,1
туманно,1
чудодейственном,1
прыгало,1
подстреленная,1
светящейся,1
столице,1
исчезая,1
взвиваясь,1
половины,1
науки,1
короткая,1
заметка,1
трактующая,1
сказано,1
изобрел,1
невероятно,1
повышающий,1
низших,1
организмов,1
нуждается,1
проверке,1
переврана,1
принес,1
заметку,1
проворчал,1
возясь,1
камерой,1
свистуны,1
знают,1
перевранная,1
спасла,1
событий,1
нарушив,1
предварительно,1
постучавшись,1
явился,1
великолепнейшую,1
атласную,1
тамотко,1
изящным,1
шрифтом,1
аркадьевич,1
московских,1
журналов,1
огонек,1
перец,1
прожектор,1
монотонно,1
смахнул,1
страдальческим,1
вторым,1
экземпляром,1
смеешься,1
проскрипел,1
страшен,1
гепею,1
перервал,1
швырнул,1
пинцет,1
приписано,1
кудрявым,1
почерком,1
многоуважаемый,1
минуты,1
общественному,1
делу,1
печати,1
сатирического,1
журнала,1
„красный,1
ворон“,1
издания,1
позови-ка,1
задохнулся,1
спины,1
вынырнул,1
гладковыбритым,1
маслянистым,1
поражали,1
поднятые,1
китайца,1
секунды,1
глядящие,1
собеседнику,1
агатовые,1
одет,1
безукоризненно,1
модно,1
узкий,1
длинный,1
пиджак,1
широчайшие,1
колоколом,1
неестественной,1
лакированные,1
ботинки,1
носами,1
похожими,1
копыта,1
трость,1
верхом,1
сказали,1
колесом,1
прошлись,1
отвращением,1
эффекта,1
добился,1
неуловимы,1
глубокоуважаемый,1
врываюсь,1
отнимаю,1
драгоценное,1
мировом,1
прогремевшее,1
заставляет,1
наш,1
просить,1
каких-либо,1
объяснений,1
заныл,1
визгливо,1
пожелтев,1
давать,1
работаете,1
сладко,1
напечатать,1
намерен,1
опубликовывать,1
кончу,1
теряется,1
изобрели,1
остервенился,1
мелете,1
работаю,1
исследован,1
повышает,1
протоплазмы,1
потерялся,1
обывательские,1
вопросы,1
предположим,1
глазках,1
хищная,1
получаются,1
гигантские,1
подобного,1
полученные,1
имеют,1
некоторые,1
главное,1
величина,1
скорость,1
размножения,1
исписал,1
целую,1
перелистнул,1
пишите,1
сдаваясь,1
отчаянии,1
просипел,1
взбеленяясь,1
когда-нибудь,1
икринку,1
квакши,1
смущаясь,1
меряет,1
взять,1
полфунта,1
лягушачьей,1
пожалуй,1
бриллианты,1
взмах,1
исчеркал,1
вызовет,1
мировой,1
переворот,1
животноводстве,1
газетный,1
лицу,1
мерзость,1
вашу,1
фотографическую,1
убедительнейше,1
захлопнул,1
мою,1
журнальчики,1
чертовщиной,1
попрошу,1
старую,1
бешенстве,1
имею,1
мерное,1
скрипенье,1
кованое,1
постукиванье,1
необычайной,1
одетый,1
блузу,1
сшитые,1
одеяльного,1
драпа,1
механическая,1
щелкала,1
громыхала,1
портфель,1
налитое,1
желтоватым,1
студнем,1
являло,1
приветливую,1
улыбку,1
по-военному,1
пружинно,1
щелкнула,1
простого,1
нарушившего,1
уединение,1
репортер,1
представиться,1
промышленности,1
совете,1
народных,1
комиссаров,1
истерически,1
выкинул,1
сигнал,1
прозвенел,1
ферцайен,1
битте,1
херр,1
захрипел,1
по-немецки,1
дас,1
штёре,1
митарбейтер,1
дес,1
берлинер,1
тагеблатс,1
моменталь,1
зер,1
бешефтигт,1
унд,1
кан,1
десхальб,1
етцт,1
нихт,1
емпфанген,1
парадном,1
ходе,1
звонки,1
убийство,1
неестественные,1
сиплые,1
гуще,1
колесами,1
вспышками,1
нагретой,1
июньской,1
появление,1
портретом,1
мотнулся,1
копейки,1
мальчишка,1
вжимаясь,1
икс-луча,1
ошеломленный,1
прижался,1
фонарному,1
столбу,1
рамке,1
лысый,1
безумными,1
незрячими,1
повисшею,1
нижнею,1
плод,1
художественного,1
творчества,1
открывший,1
загадочный,1
гласила,1
ниже,1
мировая,1
загадка,1
начиналась,1
статья,1
статьей,1
красовалась,1
алонзо,1
зеленоватый,1
крышей,1
выскочили,1
огненные,1
говорящая,1
запрудила,1
моховую,1
неприятнейший,1
увеличенного,1
давно,1
пролетариат,1
тихое,1
механическое,1
скрипение,1
спиною,1
потянул,1
обернувшись,1
желтое,1
владельца,1
механической,1
увлажнены,1
вздрагивали,1
пожелали,1
изумительного,1
печально,1
глубоко,1
вздохнул,1
пропали,1
червячка,1
бесновался,1
невидимый,1
ловя,1
наглец,1
необыкновенного,1
право,1
работаешь,1
врываются,1
описание,1
вашей,1
дадите,1
заискивающе,1
скорбно,1
вылупляется,1
возможности,1
сосчитать,1
ревел,1
невидимка,1
ту-ту,1
шуршала,1
задирая,1
каков,1
мерзавец,1
дрожа,1
негодования,1
зашипел,1
механическому,1
жаловаться,1
возмутительно,1
ослепительнейший,1
фиолетовый,1
вспыхнуло,1
фонарный,1
торцовой,1
стена,1
повис,1
гиря,1
застрекотало,1
выдираясь,1
гирей,1
облупленная,1
старенькая,1
машина,1
заклокотала,1
полез,1
отцепиться,1
мешаете,1
оруть,1
детишками,1
зарезали,1
малой,1
никаких,1
детишек,1
нету,1
сукины,1
заорал,1
фокус,1
черного,1
аппарата,1
застрелившего,1
профиль,1
открытым,1
ртом,1
яростными,1
врезался,1
гущу,1
грел,1
уездном,1
заштатном,1
городке,1
троицке,1
стекловске,1
костромской,1
стекловского,1
крылечко,1
соборной,1
повязанная,1
платочком,1
платье,1
ситцевыми,1
букетами,1
зарыдала,1
собора,1
рыдала,1
вскорости,1
окошко,1
бабья,1
пуховом,1
али,1
разливаясь,1
рыданиях,1
бывшая,1
ахти-х-ти-х,1
заскулила,1
закачала,1
баба,1
сдохла,1
матрена,1
бормотала,1
хлопнула,1
серенькая,1
покосившаяся,1
калитка,1
бабьи,1
босые,1
прошлепали,1
пыльным,1
горбам,1
мокрая,1
повела,1
матрену,1
савватия,1
скончавшегося,1
антирелигиозных,1
огорчений,1
опустила,1
основала,1
замечательнейшее,1
гору,1
обложили,1
налогом,1
прекратилось,1
кабы,1
добрые,1
надоумили,1
подать,1
местным,1
властям,1
основывает,1
трудовую,1
куроводную,1
артель,1
вошла,1
верная,1
прислуга,1
вдовьина,1
глухая,1
племянница,1
налог,1
сняли,1
процвело,1
-му,1
пыльном,1
дворике,1
окаймленном,1
домишками,1
ходило,1
кохинхинки,1
воскресенье,1
стекловском,1
рынке,1
вдовьими,1
торговали,1
тамбове,1
бывало,1
показывались,1
стеклянных,1
витринах,1
магазина,1
сыр,1
чичкина,1
счету,1
утра,1
брамапутра,1
любимая,1
эр...рр...урл...урл,1
выделывала,1
закатывала,1
грустные,1
видела,1
носом,1
корточках,1
плясала,1
хохлаточка,1
миленькая,1
цып-цып-цып,1
испей,1
водицы,1
умоляла,1
гонялась,1
хохлатки,1
желала,1
широко,1
раскрывала,1
клюв,1
задирала,1
начинало,1
рвать,1
господисусе,1
вскричала,1
бедрам,1
резаная,1
сойти,1
маялась,1
напутственные,1
бедной,1
хохлатке,1
кувырнулась,1
потыкала,1
завела,1
повернулась,1
обе,1
задрала,1
осталась,1
неподвижной,1
заплакала,1
расплескав,1
чашку,1
наклонилась,1
уху,1
зашептала,1
испортили,1
видано,1
заколдовал,1
враги,1
моей,1
небу,1
свету,1
сжить,1
хочут,1
громкий,1
петушиный,1
курятника,1
выдрался,1
боком,1
беспокойный,1
пьяница,1
пивного,1
заведения,1
обдерганный,1
поджарый,1
зверски,1
выкатил,1
потоптался,1
орел,1
улетел,1
бег,1
кругу,1
корде,1
круге,1
стошнило,1
харкать,1
хрипеть,1
наплевал,1
кровавых,1
пятен,1
перевернулся,1
лапы,1
солнцу,1
мачты,1
огласил,1
домиках,1
ответило,1
беспокойное,1
клохтанье,1
хлопанье,1
возня,1
порча,1
спросила,1
зови,1
пущай,1
служит,1
низко,1
огненною,1
рожею,1
рожами,1
молодых,1
подсолнухов,1
сергий,1
настоятель,1
закончив,1
молебен,1
вылезал,1
епитрахили,1
древненьким,1
забором,1
щелях,1
скорбная,1
приложившаяся,1
кресту,1
густо,1
смочила,1
канареечный,1
рубль,1
вручила,1
отцу,1
сергию,1
мол,1
скажет,1
разошлась,1
ложатся,1
рано,1
соседа,1
издохло,1
дроздовских,1
запертом,1
свалился,1
нашеста,1
позиции,1
прикончились,1
молебна,1
курятниках,1
мертво,1
закоченевшая,1
пораженный,1
размеры,1
чудовищные,1
полудню,1
осталось,1
домике,1
снимал,1
фининспектор,1
городок,1
стекловск,1
гудел,1
кипел,1
улей,1
катилось,1
грозное,1
местную,1
боец,1
статье,1
неужели,1
чума,1
пронеслось,1
окраску,1
беспокойную,1
волнующую,1
обстановке,1
развязался,1
выключить,1
снявши,1
проезжая,1
охотному,1
ряду,1
огромного,1
черною,1
рабочая,1
такси,1
одеяле,1
едучи,1
авто,1
дает,1
объяснение,1
нашему,1
знаменитому,1
репортеру,1
капитану,1
степанову,1
зыбкий,1
барахтался,1
затравленного,1
волка,1
черти,1
проехал,1
числа,1
вернувшись,1
экономки,1
записок,1
номерами,1
кои,1
отсутствия,1
словесное,1
замучилась,1
разодрать,1
приписку,1
народный,1
комиссар,1
здравоохранения,1
искренне,1
недоумевал,1
чудак,1
раздался,1
вынужден,1
беседовать,1
некиим,1
ослепительным,1
убранству,1
гражданином,1
визитной,1
изображено,1
фамилии,1
полномочный,1
шеф,1
торговых,1
отделов,1
иностранных,1
представительств,1
советов,1
прорычал,1
бросил,1
зеленое,1
сукно,1
позовите,1
уполномоченного,1
служить,1
передернуло,1
пересадил,1
переносицы,1
визитера,1
лаком,1
драгоценными,1
камнями,1
монокль,1
гнусная,1
рожа,1
закурить,1
сигару,1
большою,1
неохотой,1
сесть,1
поводу,1
господина,1
пойма,1
пардон,1
застать,1
смеясь,1
гиена,1
коротко,1
судорога,1
вторично,1
гостю,1
беспокоить,1
сигара,1
мешает,1
помилуйте,1
выдумки,1
хи-хи-хэ,1
понимает,1
скромность,1
составляет,1
украшение,1
настоящих,1
мировых,1
городах,1
варшаве,1
риге,1
повторяет,1
следит,1
затаив,1
советской,1
россии,1
антр,1
суади,1
посторонних,1
умеют,1
ценить,1
труды,1
переговорить,1
иностранное,1
предлагает,1
бескорыстно,1
лабораторных,1
работах,1
бисер,1
священном,1
писании,1
государству,1
строгая,1
тайна,1
ознакомит,1
финансирует,1
построил,1
ознакомиться,1
чертежами,1
вынул,1
внутреннего,1
кармана,1
белоснежную,1
пачку,1
бумажек,1
пустяк,1
рублей,1
задатку,1
обидит,1
полномочного,1
торгового,1
заговорит,1
расписке,1
гаркнул,1
пианино,1
гостиной,1
издало,1
тонких,1
клавишах,1
дрожащий,1
ярости,1
сомневался,1
забыли,1
дрожащая,1
выкину,1
придут,1
домовый,1
калош,1
примут,1
шпионские,1
крестясь,1
забрала,1
великолепные,1
кожаные,1
унесла,1
постояла,1
спрятала,1
кладовку,1
сдали,1
сдала,1
неграмотный,1
секунду,1
расписка,1
грамотный,1
распишется,1
покрутила,1
ушла,1
вернулась,1
запиской,1
получено,1
профе,1
па,1
кало,1
жетон-с,1
жетон,1
истоптал,1
пресс,1
омрачила,1
крутой,1
вытрезвонил,1
нарычал,1
хмурясь,1
уцепился,1
наговорил,1
дайте,1
мерси,1
подозрительные,1
субъекты,1
ходят,1
резко,1
оборвала,1
отошел,1
ворча,1
бранные,1
осведомилась,1
заглянув,1
чаю,1
взбесились,1
приятный,1
круглый,1
вежливый,1
скромном,1
защитном,1
рейтузах,1
хрустальная,1
бабочка,1
напоминал,1
ангела,1
лакированных,1
сапогах,1
низенький,1
мрачный,1
штатское,1
стесняло,1
полутемной,1
освещенный,1
пронизанный,1
струями,1
табачного,1
третьего,1
красовалось,1
дымчатое,1
замучили,1
рассматривая,1
расспрашивая,1
пяти,1
тысячах,1
заставляя,1
описывать,1
наружность,1
бубнил,1
противная,1
дегенерат,1
бегают,1
вопросительно,1
штатскому,1
отрицательно,1
покачал,1
даст,1
коем,1
забурчал,1
рубинштейнова,1
работа,1
покрупнее,1
вызвала,1
взрыв,1
живейшего,1
интереса,1
домовой,1
конторы,1
государственное,1
политическое,1
управление,1
секретаря,1
домкома,1
колесова,1
калошами,1
негромко,1
развинченный,1
приплелся,1
дымчатые,1
поглотили,1
сонно,1
дымные,1
скользнули,1
калошам,1
почудилось,1
вбок,1
сверкнули,1
сонные,1
наоборот,1
колючие,1
угасли,1
называли,1
васенькой,1
вялым,1
пеленжковского,1
лишился,1
подарка,1
газетной,1
обрадовавшийся,1
жать,1
спич,1
содержание,1
сводилось,1
делает,1
потревожит,1
приняты,1
совершеннейшей,1
репортеров,1
развеселил,1
хмурый,1
дымчатый,1
каналья,1
перестали,1
улыбаться,1
уклончиво,1
мелкий,1
аферист,1
стоит,1
обращать,1
просит,1
держать,1
полной,1
тайне,1
происшествие,1
сегодняшнего,1
гости,1
диаграммам,1
огненный,1
кружочек,1
желает,1
жениться,1
вдове,1
интересной,1
пылкой,1
советую,1
лечиться,1
россолимо,1
обмяк,1
звонило,1
сочувственно,1
расспрашивало,1
изъявило,1
желание,1
навестить,1
лабораторию,1
отойдя,1
верхней,1
страшные,1
трубы,1
вопли,1
валькирий,1
радиоприемник,1
директора,1
суконного,1
треста,1
вагнеровский,1
сыплющийся,1
судиться,1
директором,1
сломает,1
приемник,1
уедет,1
задались,1
целью,1
выжить,1
разбил,1
переборы,1
клавишей,1
пианиста,1
прилетевшие,1
сюрпризы,1
продолжались,1
приехав,1
застал,1
неизвестного,1
модном,1
зеленом,1
котелке,1
оглядел,1
какими,1
вопросами,1
стерпел,1
растерянного,1
навстречу,1
приветствовал,1
здравствуйте,1
быстро,1
утихомирил,1
нежнейшим,1
нашептав,1
беспокоится,1
находится,1
избавить,1
назойливых,1
посетителей,1
неизвестный,1
отвернул,1
значок,1
здорово,1
поставлено,1
наивно,1
сменять,1
великолепно,1
навещали,1
экзаменовал,1
порезались,1
лицам,1
возбуждает,1
суеверный,1
поступайте,1
кондуктора,1
неслось,1
строг,1
приведи,1
ежели,1
выдержит,1
выходит,1
шатается,1
потов,1
сойдет,1
пивную,1
этими,1
делишками,1
четвертые,1
вернули,1
действительной,1
голосу,1
повезло,1
отдыхал,1
расслабленно,1
кольцах,1
некоторым,1
выглянул,1
титулованного,1
обладателя,1
остроконечной,1
шляпе,1
блокноту,1
рассердиться,1
любопытно,1
прикрытый,1
окном,1
чувствовал,1
бронскому,1
умильнейшая,1
улыбка,1
расцвела,1
пару,1
вопросик,1
позволите,1
предложить,1
предложите,1
мерзавце,1
американское,1
щитком,1
впусти,1
простер,1
ласковость,1
объясните,1
непонятно,1
умеете,1
пара,1
спросить,1
жидко,1
исправляет,1
литературной,1
филолог,1
петровича,1
желательно,1
карандашом,1
победные,1
взметнулись,1
обратились,1
пернатым,1
обратиться,1
емельяну,1
ивановичу,1
i,1
шутку,1
дорогого,1
шутка,1
черкнул,1
извольте,1
гребенчатые,1
род,1
отряда,1
громким,1
вдаль,1
подразумевалась,1
тысяча,1
фазианидэ,1
представляют,1
собою,1
мясисто-кожаным,1
гребнем,1
лопастями,1
нижней,1
бывает,1
середине,1
подбородка,1
короткие,1
округленные,1
средней,1
длины,1
ступенчатый,1
крышеобразный,1
средние,1
серпообразно,1
изогнуты,1
принеси,1
модельного,1
разрезной,1
приноси,1
модели,1
повторяю,1
идите,1
видов,1
живущих,1
малайском,1
архипелаге,1
банкивский,1
казинту,1
предгорьях,1
гималаев,1
ассаме,1
бирме,1
вилохвостый,1
галлус,1
вариус,1
ломбоке,1
сумбаве,1
флорес,1
острове,1
яве,1
имеется,1
замечательный,1
галлюс,1
энеус,1
юго-востоке,1
рекомендовать,1
красивого,1
зоннератова,1
покажу,1
цейлона,1
встречаем,1
стенли,1
вытаращив,1
строчил,1
тихонечко,1
спросите,1
ленточные,1
глисты,1
сосальщики,1
чесоточный,1
железница,1
вошь,1
пухоед,1
блохи,1
холера,1
крупозно-дифтерийное,1
воспаление,1
слизистых,1
оболочек,1
пневмономикоз,1
туберкулез,1
парши,1
отравление,1
бешеницей,1
опухоли,1
английская,1
желтуха,1
ревматизм,1
грибок,1
ахорион,1
шенляйни,1
интересная,1
заболевании,1
гребне,1
образуются,1
похожие,1
плесень,1
пот,1
лба,1
цветным,1
носовым,1
платком,1
теперешней,1
портфеля,1
измятый,1
читаю,1
насупился,1
задумываясь,1
подчеркнул,1
лакированным,1
невероятнейшей,1
заголовок,1
сдвигая,1
июне,1
светилась,1
танцевали,1
театральной,1
площади,1
вертелись,1
фонари,1
автобусов,1
бывшим,1
мюр,1
мерилизом,1
десятым,1
надстроенным,1
этажом,1
прыгала,1
разноцветная,1
выбрасывая,1
буквам,1
разноцветные,1
рабочий,1
кредит,1
сквере,1
бил,1
ночью,1
фонтан,1
толклась,1
гудела,1
большим,1
завывал,1
антикуриные,1
лефортовском,1
ветеринарном,1
сегодняшнее,1
число,1
уменьшилось,1
вдвое,1
тембр,1
рычало,1
угасала,1
зеленая,1
струя,1
жаловался,1
образована,1
наркомздрава,1
наркомзема,1
животноводством,1
птахи-поросюка,1
рабиновича,1
попытки,1
интервенции,1
хохотал,1
шакал,1
связи,1
театральный,1
проезд,1
неглинный,1
лубянка,1
пылали,1
фиолетовыми,1
брызгали,1
лучами,1
сигналами,1
клубились,1
пылью,1
народа,1
теснились,1
листов,1
объявлений,1
освещенных,1
резкими,1
угрозою,1
тягчайшей,1
воспрещается,1
населению,1
употреблять,1
куриное,1
мясо,1
частные,1
торговцы,1
попытках,1
продажи,1
рынках,1
подвергаются,1
уголовной,1
конфискацией,1
имущества,1
граждане,1
владеющие,1
срочном,1
районные,1
отделения,1
рабочей,1
грудой,1
зеленоватые,1
шлангов,1
поливали,1
керосином,1
волны,1
экрану,1
распухал,1
мотался,1
клочьями,1
полз,1
струей,1
выскакивала,1
сожжение,1
ходынке,1
слепыми,1
дырами,1
бешено,1
пылающих,1
витрин,1
магазинов,1
торгующих,1
перерывами,1
обед,1
ужин,1
заколоченные,1
вывесками,1
яичная,1
торговля,1
качество,1
гарантия,1
тревожно,1
обгоняя,1
автобусы,1
проносились,1
мосздравотдел,1
скорая,1
обожрался,1
гнилыми,1
петровских,1
линиях,1
зелеными,1
оранжевыми,1
фонарями,1
сиял,1
ресторан,1
ампир,1
столиках,1
переносных,1
картонные,1
вывески,1
залитые,1
ликеров,1
моссовета,1
омлета,1
получены,1
свежие,1
устрицы,1
эрмитаже,1
бусинками,1
китайские,1
фонарики,1
задушенной,1
убивающей,1
своим,1
пронзительным,1
куплетисты,1
шрамс,1
карманчиков,1
куплеты,1
сочиненные,1
поэтами,1
ардо,1
аргуевым,1
мама,1
грохотали,1
чечетке,1
всеволода,1
погибшего,1
пушкинского,1
бориса,1
годунова,1
обрушились,1
голыми,1
боярами,1
движущуюся,1
разных,1
цветов,1
вывеску,1
возвещавшую,1
пьесу,1
эрендорга,1
дох,1
ученика,1
заслуженного,1
режиссера,1
республики,1
кухтермана,1
аквариуме,1
переливаясь,1
рекламными,1
блестя,1
полуобнаженным,1
эстрады,1
аплодисментов,1
обозрение,1
ленивцева,1
курицыны,1
фонариками,1
вереницею,1
цирковые,1
ослики,1
несли,1
сияющие,1
корш,1
возобновляется,1
„шантеклер“,1
ростана,1
мальчишки-газетчики,1
рычали,1
моторов,1
кошмарная,1
находка,1
подземелье,1
польша,1
готовится,1
кошмарной,1
войне,1
кошмарные,1
цирке,1
никитина,1
приятно,1
пахнущей,1
навозом,1
коричневой,1
жирной,1
арене,1
мертвенно-бледный,1
клоун,1
бом,1
распухшему,1
клетчатой,1
водянке,1
биму,1
печальный,1
отциво,1
пискливо,1
бим,1
зарыл,1
милиция,1
участка,1
нашла,1
га-га-га-га,1
смеялся,1
жилах,1
стыла,1
стареньким,1
куполом,1
веяли,1
паутина,1
а-ап,1
пронзительно,1
клоуны,1
кормленая,1
выносила,1
чудной,1
красоты,1
женщину,1
стройных,1
трико,1
замечая,1
отвечая,1
поталкивания,1
тихие,1
зазывания,1
проституток,1
пробирался,1
одинокий,1
увенчанный,1
неожиданною,1
славой,1
огненным,1
поглощенный,1
мыслями,1
старомодным,1
пребольно,1
ткнувшись,1
деревянную,1
кобуру,1
висящего,1
поясе,1
встречный,1
кое-как,1
расцепились,1
людской,1
каше,1
направляясь,1
столкновении,1
лефортовские,1
ветеринарные,1
умелы,1
самарские,1
удачны,1
крутые,1
скупщикам,1
калуге,1
воронеже,1
успешно,1
работала,1
московская,1
последнего,1
свидания,1
смысле,1
союзе,1
кое-где,1
двориках,1
уездных,1
городков,1
сиротливые,1
вызывая,1
слезы,1
больницах,1
поправлялись,1
жадных,1
доканчивая,1
кровавый,1
понос,1
рвотой,1
людских,1
республику,1
беспорядков,1
последовало,1
объявился,1
волоколамске,1
возвестивший,1
вызван,1
иным,1
комиссарами,1
особенного,1
успеха,1
волоколамском,1
базаре,1
побили,1
отнимавших,1
баб,1
местном,1
почтово-телеграфном,1
отделении,1
расторопные,1
волоколамские,1
власти,1
деятельность,1
телеграфе,1
вставили,1
дойдя,1
севере,1
архангельска,1
сюмкина,1
выселка,1
причине,1
идти,1
водятся,1
океан,1
далеком,1
юге,1
затих,1
выжженных,1
ордубата,1
джульфы,1
карабулака,1
западе,1
удивительным,1
задержался,1
польской,1
румынской,1
границах,1
климат,1
иной,1
сыграли,1
роль,1
кордонные,1
соседними,1
правительствами,1
факт,1
заграничная,1
пресса,1
шумно,1
обсуждала,1
советских,1
шума,1
работало,1
покладая,1
переименовалась,1
чрезвычайную,1
комиссию,1
поднятию,1
возрождению,1
пополнившись,1
чрезвычайной,1
тройкой,1
шестнадцати,1
товарищей,1
основан,1
доброкур,1
почетными,1
товарищами,1
председателя,1
портретами,1
заголовки,1
массовая,1
закупка,1
хочет,1
сорвать,1
яичную,1
кампанию,1
прогремел,1
ядовитый,1
фельетон,1
журналиста,1
колечкина,1
заканчивающийся,1
зарьтесь,1
измучился,1
заработался,1
колеи,1
навалили,1
двойную,1
тяжесть,1
вечерами,1
приходилось,1
заседании,1
комиссий,1
выносить,1
беседы,1
механическим,1
толстяком,1
португаловым,1
приват-доцентом,1
борнгартом,1
анатомировать,1
микроскопировать,1
поисках,1
бациллы,1
чумы,1
вечеров,1
скорую,1
написать,1
брошюру,1
изменениях,1
печени,1
чуме,1
жара,1
полна,1
основным,1
важным,1
оторвала,1
красного,1
расстраивая,1
надломленное,1
здоровье,1
урывая,1
еды,1
возвращаясь,1
засыпая,1
гонка,1
переименованной,1
нормальное,1
русло,1
нарушенной,1
микроскопы,1
заряжены,1
новыми,1
препаратами,1
зрела,1
сказочной,1
быстротою,1
рыбья,1
лягушачья,1
икра,1
кенигсберга,1
аэроплане,1
привезли,1
специально,1
заказанные,1
последних,1
наблюдением,1
механики,1
соорудили,1
достигал,1
папиросной,1
раструбе,1
целого,1
каким-то,1
сложным,1
опытам,1
сговорился,1
народным,1
комиссаром,1
наквакала,1
любезное,1
вызвал,1
птаху-поросюка,1
отделом,1
верховной,1
птахи,1
теплое,1
заказе,1
телеграфирует,1
нью-йорк,1
осведомились,1
важный,1
ласковый,1
благодарю,1
предпочитаю,1
ездить,1
снисходительно,1
персиковым,1
разговаривали,1
почтением,1
ужасом,1
ласково,1
усмехаясь,1
крупному,1
ребенку,1
быстрее,1
ходит,1
звучный,1
басок,1
неделя,1
отдаляясь,1
затихающих,1
вопросов,1
всецело,1
погрузился,1
изучение,1
бессонных,1
переутомления,1
светла,1
прозрачна,1
легка,1
сходили,1
всякую,1
ночевал,1
зоологическое,1
прибежище,1
громадном,1
доклад,1
действии,1
триумф,1
зоолога-чудака,1
колонном,1
всплеска,1
сыпалось,1
рушилось,1
потолков,1
дуговые,1
заливали,1
смокинги,1
цекубистов,1
женщин,1
кафедрой,1
серея,1
блюде,1
влажная,1
кошку,1
бросали,1
любовных,1
разорвал,1
вытаскивал,1
кланялся,1
потные,1
подбородком,1
ухом,1
дыхании,1
тумане,1
лиц,1
мужских,1
грудей,1
кобура,1
пистолета,1
белой,1
уезжая,1
доклада,1
спускаясь,1
малиновому,1
ковру,1
лестницы,1
заслонило,1
яркую,1
люстру,1
тошновато,1
почудилась,1
гарь,1
течет,1
липко,1
жарко,1
шее,1
дрожащею,1
схватился,1
перила,1
набросились,1
сторон,1
встревоженные,1
оправляясь,1
стакан,1
солнечный,1
опущены,1
гибкий,1
ножке,1
бросал,1
острого,1
заваленный,1
стеклами,1
отвалив,1
изнеможении,1
полосы,1
мертвыми,1
усталости,1
довольными,1
приоткрытую,1
подогревая,1
душный,1
нечистый,1
сноп,1
постучали,1
сложил,1
божеством,1
подобие,1
улыбки,1
щеках,1
сузил,1
казенной,1
рок,1
редкое,1
дай-ка,1
скрипнул,1
винте,1
пришедшего,1
далек,1
ею,1
основная,1
главная,1
старомоден,1
уместен,1
терпим,1
начале,1
наиболее,1
отставшая,1
пролетариата,1
пекаря,1
пиджаках,1
редкостью,1
френч,1
старомодный,1
костюм,1
оставленный,1
вошедшем,1
кожаная,1
двубортная,1
куртка,1
обмотки,1
штиблеты,1
боку,1
огромный,1
старой,1
пистолет,1
желтой,1
битой,1
кобуре,1
произвело,1
изумленно,1
развязное,1
коротких,1
плоскими,1
ступнями,1
иссиня,1
похрипел,1
вошедший,1
ошеломлен,1
способен,1
смущаться,1
смутился,1
судя,1
глазкам,1
поразил,1
шкаф,1
полок,1
уходивший,1
потолок,1
битком,1
набитый,1
аду,1
мерцал,1
малиновый,1
разбухший,1
стеклах,1
полутьме,1
иглы,1
выпадавшего,1
рефлектора,1
величественен,1
винтовом,1
вперил,1
взгляд,1
котором,1
явственно,1
почтения,1
самоуверенность,1
подал,1
назначен,1
заведующим,1
показательным,1
пояснил,1
пришлый,1
секретным,1
отношением,1
покороче,1
расстегнул,1
высунул,1
напечатанный,1
приглашения,1
толкните,1
испуганно,1
оглянулся,1
дальнем,1
краю,1
темном,1
отверстии,1
мерцали,1
безжизненно,1
изумруды,1
чьи-то,1
веяло,1
крайней,1
степени,1
раздражения,1
какже,1
согласья,1
совета,1
наделает,1
обиженно,1
завед,1
категорически,1
протестую,1
санкции,1
попробую,1
квакало,1
постукивало,1
издали,1
снисходительный,1
говорит,1
малым,1
ребенком,1
багровый,1
повесил,1
умываю,1
снизу,1
взвыл,1
трапу,1
выйди,1
выразив,1
малейшего,1
пришельцу,1
извольте-с,1
пов-винуюсь,1
неинтересно,1
столько,1
обидел,1
изумил,1
пробубнил,1
смолк,1
написалось,1
изви,1
дуговой,1
получаете,1
окуляра,1
щелкнул,1
похожей,1
фотографический,1
аппарат,1
собрать,1
объективов,1
зеркало,1
асбестовой,1
разложить,1
иронию,1
презрение,1
блестящими,1
глазками,1
всматриваясь,1
предупреждаю,1
совать,1
моим,1
наблюдениям,1
разрастание,1
эпителия,1
злокачественны,1
сожалению,1
установить,1
проворно,1
уронив,1
картуз,1
прожжены,1
иодом,1
кисти,1
забинтована,1
купить,1
резиновые,1
перчатки,1
швабе,1
кузнецком,1
заботиться,1
взялись,1
извин,1
уцепились,1
важности,1
ага,1
погоди,1
подумаю,1
покорно,1
спешность,1
секрет,1
сбили,1
панталыку,1
единой,1
воскресить,1
изученного,1
честное,1
сбиваете,1
необходимо,1
возобновить,1
всякие,1
гадости,1
загадочно,1
покрутил,1
желал,1
растить,1
тэк-с,1
узнали,1
свойствах,1
докладе,1
делал,1
собираюсь,1
задушевно,1
вырастить,1
смелый,1
экспериментатор,1
рискуете,1
неудачу,1
отнимаете,1
хорошо-с,1
охрана,1
осиротел,1
опустели,1
увезли,1
маленькую,1
начинал,1
надвигались,1
июльские,1
серость,1
институтом,1
потекла,1
коридорам,1
монотонные,1
шаги,1
зажигая,1
мерил,1
дверям,1
необъяснимо,1
тоскливое,1
настроение,1
овладело,1
населяющими,1
животными,1
тоскливый,1
стрекотали,1
зловеще,1
предостерегающе,1
собрался,1
уйти,1
глубоких,1
одиноко,1
посреди,1
кашлянул,1
замер,1
опустевший,1
заплаканы,1
необыкновенно,1
плаксиво,1
наорал,1
ребенка,1
сего,1
любимую,1
отворачиваясь,1
жена-то,1
уехала,1
оперетку,1
поступила,1
умерла,1
оказывается,1
милый,1
письмо,1
одевали,1
окнами,1
загорались,1
растерявшись,1
тосковал,1
страху,1
иди,1
тяжело,1
миленький,1
наступила,1
цыпочках,1
прибежал,1
каморку,1
разрыл,1
тряпье,1
початую,1
бутылку,1
русской,1
горькой,1
выхлюпнул,1
чайного,1
стакана,1
закусил,1
хлебом,1
солью,1
повеселели,1
поздним,1
ближе,1
сидя,1
босиком,1
скамье,1
бессонному,1
дежурному,1
котелку,1
почесывая,1
ситцевой,1
рубахой,1
ей-бо,1
бо,1
заменит,1
бабу,1
подумываю,1
выписать,1
сюды,1
выносит,1
нипочем,1
пакость,1
ужаснейшая,1
слышно,1
полоски,1
прекраснее,1
нежели,1
зрелый,1
август,1
отличнейшее,1
дождями,1
жарким,1
солнцем,1
отличным,1
урожаем,1
яблоки,1
имении,1
зрели,1
зеленели,1
желтизной,1
квадратов,1
человек-то,1
становится,1
лоне,1
природы,1
неприятен,1
показался,1
противной,1
медно,1
загорело,1
ситцевая,1
расстегнутая,1
рубашка,1
показывала,1
поросшую,1
волосом,1
парусиновые,1
успокоились,1
подобрели,1
оживленно,1
сбежал,1
крыльца,1
колоннадой,1
коей,1
прибита,1
вывеска,1
автомобилю-полугрузовичку,1
привезшему,1
охраной,1
помощниками,1
устанавливая,1
зимнем,1
саду,1
потолком,1
кирпичах,1
устанавливали,1
приехавший,1
камерами,1
пощелкав,1
повертев,1
винты,1
влезал,1
лестницу,1
проверяя,1
провода,1
полугрузовичок,1
выплюнул,1
гладкой,1
фанеры,1
оклеенной,1
ярлыками,1
черному,1
надписями,1
vorsicht,1
eier,1
распаковывать,1
распаковывание,1
происходило,1
принимали,1
участие,1
необыкновенной,1
кривой,1
бывший,1
садовник,1
бывших,1
служащий,1
универсальной,1
должности,1
сторожа,1
обреченный,1
житье,1
простой,1
семейный,1
дружественный,1
характер,1
распоряжался,1
посматривая,1
выглядевшие,1
солидным,1
компактным,1
подарком,1
нежным,1
закатным,1
верхних,1
винтовка,1
мирно,1
дремала,1
клещами,1
взламывал,1
скрепы,1
металлические,1
обшивки,1
треск,1
шлепая,1
сандалиями,1
суетился,1
ящиков,1
потише,1
охранителю,1
видите,1
хрипел,1
буравя,1
тр-р-р,1
упакованными,1
деревянной,1
парафиновой,1
промокательной,1
следовал,1
плотный,1
стружек,1
опилки,1
заграничной,1
упаковочки,1
роясь,1
побьешь,1
какое,1
золото,1
подумаешь,1
ой,1
заграница,1
выкладывая,1
деревянный,1
мужицкие,1
брамапутры,1
немецкие,1
подтверждал,1
любуясь,1
грязные,1
присматривай,1
выгружают,1
иду,1
отправился,1
контору,1
затрещал,1
взъерошил,1
аппарату,1
провинция,1
шипением,1
отозвалась,1
щелкало,1
дальний,1
мужской,1
встревоженно,1
раздражился,1
путаете,1
могут,1
выражаетесь,1
помет,1
присох,1
заряжать,1
заряжаю,1
хмыкнул,1
цокнула,1
воображаю,1
напечет,1
злобно,1
вообразите,1
куриного,1
окажет,1
плазму,1
можем,1
годные,1
подохнут,1
поручусь,1
стоять,1
ломкие,1
азарт,1
махал,1
ладонью,1
загибал,1
дадут,1
выведет,1
стерильных,1
догонит,1
потомства,1
жди,1
второго,1
пришествия,1
развязность,1
расстраивал,1
бойкость,1
прохвоста,1
поручено,1
доставленную,1
рокком,1
невежду,1
отказаться,1
прочел,1
м-да,1
многозначительно,1
заказа,1
жду,1
слуху,1
кончится,1
вернут,1
скорее,1
задерживают,1
скверно,1
скафандры,1
получили,1
думаю,1
операционной,1
закрыть,1
откроем,1
шлема,1
позвать,1
дадим,1
гринмута,1
саламандрами,1
работает,1
устроен,1
плавательный,1
пузырь,1
голозубых,1
злопамятно,1
хороший,1
студент,1
заступился,1
поспать,1
проверьте,1
доброхимы,1
ихние,1
пришлют,1
какую-нибудь,1
гадость,1
замахал,1
вчера,1
пробовал,1
превосходный,1
ком,1
пробовали,1
жабах,1
пустишь,1
струйку,1
умирают,1
напишите,1
гепеу,1
умею,1
обращаться,1
беру,1
ради,1
гепеур,1
штука,1
бьет,1
бесшумно,1
ворон,1
по-моему,1
газа,1
остроумная,1
квакнул,1
дайте-ка,1
жаркие,1
чрезвычайности,1
переливался,1
прозрачный,1
чудные,1
обманчивые,1
луна,1
светила,1
красоту,1
навела,1
бывшее,1
именье,1
дворец-совхоз,1
парке,1
дрожали,1
пруды,1
двуцветными,1
бездонная,1
тьма,1
луны,1
свободно,1
читать,1
шахматного,1
отдела,1
набранного,1
мелкой,1
нонпарелью,1
понятное,1
оказался,1
совпадения,1
рыжеусый,1
потрепанного,1
совхозского,1
полугрузовичка,1
делали,1
приютились,1
непрочной,1
вяза,1
разостланном,1
кожаном,1
кухне,1
лампочка,1
ужинали,1
огородника,1
мадам,1
капоте,1
веранде,1
мечтала,1
красавицу,1
замолкли,1
звуки,1
расположенной,1
идиллический,1
пейзаж,1
огласился,1
прелестными,1
нежными,1
немыслимо,1
уместны,1
бывшими,1
шереметевского,1
хрупкая,1
лиза,1
пиковой,1
дамы,1
смешала,1
дуэте,1
страстной,1
полины,1
унеслась,1
лунную,1
высь,1
видение,1
старого,1
бесконечно,1
милого,1
очаровывающего,1
режима,1
свистала,1
переливая,1
замерли,1
гибельная,1
лесная,1
русалка,1
слушала,1
приложив,1
щеку,1
жесткой,1
рыжей,1
дудит,1
обнимая,1
дуню,1
талию,1
флейте,1
заведывающий,1
некогда,1
специальностью,1
вплоть,1
служил,1
известном,1
концертном,1
ансамбле,1
маэстро,1
петухова,1
ежевечерне,1
оглашающем,1
стройными,1
уютного,1
кинематографа,1
екатеринославе,1
переломивший,1
карьеру,1
многих,1
путям,1
пыльный,1
звездный,1
сатин,1
войны,1
сменив,1
губительный,1
швыряло,1
волнам,1
неоднократно,1
выплескивая,1
крыму,1
революция,1
выявить,1
велик,1
грез,1
вдаваясь,1
подробности,1
застали,1
редактировал,1
огромную,1
местный,1
высшей,1
хозяйственной,1
изумительными,1
орошению,1
туркестанского,1
заслуженный,1
отдых,1
высшая,1
организации,1
билет,1
честью,1
носил,1
кармане,1
провинциально-старомодный,1
оценила,1
назначила,1
спокойную,1
почетную,1
кипучий,1
мозг,1
изобретением,1
номерах,1
париж,1
родилась,1
возродить,1
выслушали,1
чудаку,1
зоологу,1
водами,1
парком,1
нечто,1
которое,1
прервало,1
следовало,1
невыносимый,1
лай,1
постепенно,1
общий,1
мучительнейший,1
разрастаясь,1
полетел,1
полям,1
вою,1
трескучий,1
миллион,1
голосов,1
прудах,1
жутко,1
померкла,1
таинственная,1
колдовская,1
веранду,1
слышишь,1
думаешь,1
разбесились,1
посмотрим,1
яички,1
помешался,1
курами,1
отдохни,1
немножко,1
горящим,1
блистающими,1
поглядывать,1
внутрь,1
полулежали,1
правильными,1
рядами,1
ярко-красные,1
свечей,1
энтузиазмом,1
заглядывая,1
прорезы,1
широкие,1
вентиляционные,1
увидите,1
говорили,1
антихрист,1
дьявольские,1
грех,1
машиной,1
выводить,1
вздрогнул,1
пожелтело,1
народ,1
сделаете,1
народом,1
собрание,1
вызову,1
работников,1
речь,1
поработать,1
медвежий,1
темнота,1
расположившийся,1
шинели,1
ознаменовался,1
страннейшими,1
необъяснимыми,1
происшествиями,1
блеске,1
приветствовали,1
обычно,1
светило,1
неумолчным,1
мощным,1
стрекотанием,1
встретили,1
безмолвием,1
замечено,1
грозой,1
грозы,1
помине,1
разговоры,1
двусмысленный,1
оттенок,1
дяди,1
прозвищу,1
козий,1
зоб,1
известного,1
смутьяна,1
мудреца,1
якобы,1
собрались,1
косяки,1
рассвете,1
глупо,1
целый,1
потратил,1
созвониться,1
городом,1
грачевкой,1
обещали,1
прислать,1
ораторов,1
темы,1
международное,1
доброкуре,1
сюрпризов,1
умолкли,1
подозрительно-неприятна,1
деревьев,1
полдень,1
воробьи,1
двора,1
умолк,1
шереметевке,1
поистине,1
окрестностях,1
сорок,1
знаменитое,1
стрекотание,1
шереметевских,1
вымерли,1
доносилось,1
осока,1
признаться,1
происшествиях,1
обедом,1
птицам,1
улетать,1
твоего,1
обыкновеннейшая,1
дура,1
ложку,1
покое,1
сюрприз,1
взвыли,1
лунными,1
непрерывный,1
стон,1
злобные,1
тоскливые,1
стенания,1
вознаградил,1
сюрпризом,1
слышаться,1
беспрерывный,1
стучало,1
триумфальным,1
стуком,1
забыты,1
происшествия,1
пруде,1
сошлись,1
оставивший,1
наклоняли,1
дверцам,1
клювами,1
стучат,1
цыплятки,1
дорогие,1
избытка,1
чувств,1
похлопал,1
охранителя,1
плечу,1
ахнете,1
начнут,1
вылупливаться,1
хором,1
закипало,1
картина,1
нарождающейся,1
тонкой,1
отсвечивающей,1
кожуре,1
интересна,1
общество,1
просидело,1
опрокинутых,1
пустых,1
загадочном,1
мерцающем,1
созревали,1
довольно,1
окрестностями,1
разлилась,1
зеленоватая,1
загадочна,1
страшна,1
нарушал,1
молчание,1
начинающийся,1
беспричинный,1
тоскливейший,1
ноющий,1
бесились,1
псы,1
неприятность,1
сконфужен,1
прикладывал,1
сердцу,1
клялся,1
божился,1
непонятное,1
непричинен,1
спасибо,1
души,1
благодарен,1
распекал,1
думаете,1
приставили,1
скажите,1
делись,1
удрали,1
оставили,1
открытой,1
попрекаете,1
даром,1
куды,1
подевались,1
почем,1
взбесился,1
укараулю,1
приставлен,1
упер,1
исполняю,1
закону,1
велосипеде,1
догонишь,1
осекся,1
побурчал,1
состояние,1
дело-то,1
зарядили,1
помещающиеся,1
взломанными,1
откатилось,1
заперты,1
улетели,1
переплете,1
крыши,1
широких,1
дыр,1
удивилась,1
станут,1
летать,1
где-нибудь,1
пыльные,1
доски,1
хлам,1
никакие,1
служащих,1
бегал,1
разыскивая,1
проворных,1
возбужденно,1
караул,1
увеличен,1
сторожем,1
дан,1
строжайший,1
звать,1
насупившись,1
втором,1
пообедал,1
обеда,1
поспал,1
часок,1
прохладной,1
оттоманке,1
напился,1
сухарного,1
кваса,1
сходил,1
убедился,1
рогоже,1
контрольное,1
бодрствовал,1
третьей,1
заряженные,1
позже,1
причмокивать,1
цокать,1
внутри,1
ух,1
сторожу,1
двусмысленным,1
посидел,1
вылупился,1
корточек,1
размялся,1
усадьбы,1
уходит,1
выкупаться,1
вызвали,1
сбегал,1
спальню,1
узких,1
пружинных,1
скомканным,1
бельем,1
навалена,1
груда,1
зеленых,1
яблок,1
горы,1
проса,1
приготовленного,1
будущих,1
выводков,1
мохнатым,1
подумав,1
захватил,1
досуге,1
поиграть,1
водною,1
гладью,1
пересек,1
ивовой,1
аллейке,1
направился,1
помахивая,1
мышкой,1
изливало,1
ивы,1
тело,1
ныло,1
просилось,1
заросль,1
проходя,1
плюнул,1
глубине,1
разлапистой,1
путаницы,1
шуршанье,1
поволок,1
почувствовав,1
мимолетное,1
сосание,1
удивлением,1
отзывался,1
никакими,1
шуршание,1
смолкло,1
привлекательно,1
гладь,1
серая,1
крыша,1
купаленки,1
стрекоз,1
мотнулись,1
повернуть,1
деревянным,1
мосткам,1
повторился,1
присоединилось,1
короткое,1
сипение,1
высочилось,1
паровоза,1
всматриваться,1
глухую,1
сорной,1
скрылась,1
малиннике,1
подожди,1
купаться,1
спешила,1
приковавшись,1
лопухам,1
сероватое,1
оливковое,1
подниматься,1
чащи,1
вырастая,1
желтоватые,1
усеивали,1
вытягиваться,1
изгибаясь,1
шевелясь,1
вытянулось,1
перегнало,1
низенькую,1
корявую,1
иву,1
надломился,1
склонился,1
оказалось,1
напоминающее,1
высоте,1
толще,1
красивее,1
чешуйчатой,1
татуировке,1
понимая,1
холодея,1
ужасного,1
прекратило,1
сумеречно,1
летние,1
верхнем,1
сплющена,1
заострена,1
украшена,1
желтым,1
круглым,1
пятном,1
оливковому,1
лишенные,1
век,1
открытые,1
ледяные,1
узкие,1
мерцала,1
невиданная,1
злоба,1
сделала,1
клюнула,1
вобрался,1
лопухи,1
одни,1
покрытый,1
липким,1
сводящим,1
страхом,1
листьями,1
вспомнилось,1
факиры,1
индия,1
плетеная,1
корзинка,1
картинка,1
заклинают,1
взвилась,1
выходить,1
поднес,1
губам,1
заиграл,1
ежесекундно,1
евгения,1
онегина,1
непримиримою,1
играешь,1
жаре,1
веселый,1
краем,1
справа,1
истошный,1
пронизал,1
разросся,1
запрыгал,1
перебитою,1
ногой,1
рванулась,1
покинули,1
отпустив,1
душу,1
покаяние,1
толщиной,1
туча,1
брызнула,1
махнула,1
дороге,1
отчетливо,1
желто-белой,1
проволочные,1
поднялись,1
пол-аршина,1
раскрыв,1
вынырнуло,1
вилку,1
ухватила,1
оседающую,1
вздернула,1
повторила,1
режущий,1
предсмертный,1
извернулась,1
взмел,1
смерч,1
давить,1
издала,1
лопались,1
взметнулась,1
прижавшись,1
змеиной,1
плеснуло,1
сломанная,1
ногтей,1
брызнули,1
фонтанчики,1
крови,1
вывихнув,1
челюсти,1
раскрыла,1
надела,1
перчатка,1
било,1
жаркое,1
коснулось,1
смел,1
едкой,1
тут-то,1
поседел,1
сначала,1
сапог,1
покрылась,1
серебром,1
смертной,1
тошноте,1
видя,1
оглашая,1
окрестности,1
диким,1
ревом,1
живая,1
политического,1
дугино,1
храбрым,1
товарищу,1
рыжему,1
поедем,1
сидящему,1
флейту-то,1
положите,1
седой,1
трясущийся,1
помещении,1
дугинского,1
положил,1
заплакал,1
замычал,1
поняли,1
вынуть,1
присохли,1
отличавшийся,1
цирковой,1
отгибать,1
отогнул,1
положили,1
ранним,1
солнечным,1
смертью,1
поедете,1
покажете,1
отстранился,1
закрылся,1
видения,1
показать,1
видишь,1
отправьте,1
плача,1
вернетесь,1
заслонился,1
потек,1
решил,1
силах,1
курьерский,1
поезжайте,1
станционный,1
отпаивал,1
водой,1
лязгал,1
синей,1
выщербленной,1
кружке,1
совещание,1
полагал,1
просто-напросто,1
душевнобольной,1
склонялся,1
мысли,1
города,1
грачевки,1
настоящий,1
гастролировал,1
убежал,1
удав-констриктор,1
услыхав,1
сомневающийся,1
шепот,1
привстал,1
простирая,1
библейский,1
верите,1
молчалив,1
серьезен,1
дал,1
грачевку,1
телеграмму,1
неотступно,1
находиться,1
александре,1
семеновиче,1
должен,1
сопровождать,1
экспедиции,1
хорошенькая,1
защита,1
пятидесятизарядная,1
гордость,1
французской,1
близкого,1
боя,1
била,1
давала,1
диаметре,1
живое,1
убивала,1
промахнуться,1
трудно,1
блестящую,1
-зарядный,1
поясной,1
обоймы,1
мотоциклете,1
утренней,1
росе,1
холодку,1
шоссе,1
покатились,1
простучал,1
отделявших,1
станцию,1
прячась,1
припадках,1
придорожную,1
траву,1
значительно,1
припекать,1
пригорке,1
вилась,1
речка,1
топь,1
мертвая,1
подъезда,1
обогнали,1
крестьянина,1
подводе,1
плелся,1
спеша,1
нагруженный,1
мешками,1
вскоре,1
позади,1
мотоциклетка,1
пробежала,1
мосту,1
затрубил,1
рожок,1
вызвать,1
отдаленных,1
остервенившихся,1
замедляя,1
воротам,1
позеленевшими,1
львами,1
запыленные,1
гетрах,1
соскочили,1
прицепили,1
цепью,1
замком,1
переплету,1
решетки,1
машину,1
поразила,1
бас,1
обошли,1
удивляясь,1
посматривать,1
серьезно,1
хмуря,1
светлые,1
закрытое,1
кухню,1
усеян,1
осколками,1
посуды,1
отвечало,1
кухни,1
ворчал,1
могла,1
слопать,1
разбежались,1
идем,1
дом,1
дворце,1
верандой,1
настежь,1
пусто,1
мезонин,1
стучали,1
открывали,1
добились,1
вымершее,1
обойдем,1
оранжереям,1
распорядился,1
обшарим,1
протелефонировать,1
кирпичной,1
дорожке,1
минуя,1
клумбы,1
задний,1
пересекли,1
блещущие,1
погоди-ка,1
шепотом,1
отстегнул,1
зычный,1
тянулся,1
нею,1
похоже,1
шипит,1
паровоз,1
с-с-с-с-с,1
шипела,1
стучать,1
каблуками,1
придвинулись,1
стеклам,1
застыл,1
жила,1
червивая,1
свиваясь,1
развиваясь,1
клубки,1
шипя,1
разворачиваясь,1
шаря,1
головами,1
ползали,1
огромные,1
битая,1
хрустела,1
телами,1
силы,1
внутренность,1
освещалась,1
кинематографическим,1
темных,1
фотографических,1
огромных,1
сдвинутые,1
покосившиеся,1
потухли,1
горело,1
небольшое,1
густо-малиновое,1
световое,1
ползли,1
проводам,1
поднимались,1
переплетам,1
рам,1
вылезали,1
электрическом,1
шаре,1
висела,1
черная,1
пятнистая,1
качалась,1
шара,1
маятник,1
погремушки,1
звякали,1
шипении,1
тянуло,1
гнилостным,1
прудовым,1
разглядели,1
кучи,1
валяющиеся,1
пыльных,1
углах,1
голенастую,1
птицу,1
лежащую,1
неподвижно,1
труп,1
винтовкой,1
пятиться,1
левой,1
рукою,1
отдавливая,1
правою,1
девять,1
прошипев,1
выбросив,1
зеленоватую,1
молнию,1
усилился,1
плоские,1
дырах,1
скакать,1
играть,1
отблесками,1
стенах,1
чах-чах-чах-тах,1
отступая,1
задом,1
четырехпалый,1
падая,1
навзничь,1
вывернутых,1
коричнево-зеленого,1
громадной,1
мордой,1
гребенчатым,1
хвостом,1
страшных,1
ящерицу,1
выкатилось,1
сарая,1
перекусив,1
сбило,1
помоги,1
хрустнула,1
тщетно,1
пытаясь,1
поднять,1
повез,1
земле,1
обернулся,1
заметался,1
небольших,1
змеиных,1
выскочило,1
выстрелом,1
змею,1
прыгая,1
полумертвого,1
крокодила,1
выбирал,1
гада,1
тронув,1
агента,1
электроревольвера,1
хлопнуло,1
осветив,1
зеленоватым,1
крокодил,1
прыгнув,1
окоченев,1
выпустил,1
рукава,1
припадая,1
здоровую,1
тянул,1
переломанную,1
угасали,1
беги,1
вылетело,1
гибкая,1
выскочив,1
подвального,1
перескользнула,1
заняв,1
обвила,1
швырнуло,1
блестящий,1
отпрыгнул,1
мощно,1
задохся,1
скрыли,1
кольцо,1
прошло,1
голове,1
скальп,1
треснула,1
выстрела,1
шипящий,1
покрывающий,1
ветру,1
донесся,1
разобрать,1
чей,1
собачий,1
человечий,1
ночной,1
редакции,1
толстый,1
редактор,1
свинцовом,1
верстал,1
вторую,1
телеграммами,1
союзу,1
гранка,1
попалась,1
захохотал,1
созвал,1
корректоров,1
корректорской,1
метранпажа,1
гранку,1
узенькой,1
полоске,1
сырой,1
грачевка,1
лягается,1
конь,1
хвоста,1
буржуазные,1
дамские,1
хихикая,1
вани,1
сытина,1
русском,1
слове,1
допивались,1
страус,1
ставить,1
удивляюсь,1
секретарь,1
пропустил,1
пьяная,1
попраздновали,1
убрал,1
сообщение,1
страусе,1
содержа,1
обыкновенно,1
массу,1
материала,1
каких,1
намеков,1
грачевского,1
страуса,1
читающий,1
свернул,1
зевнув,1
надевать,1
некоторое,1
заквакали,1
испуганный,1
запечатанный,1
сургучом,1
говоря,1
поедешь,1
отдел,1
заведующему,1
птахе,1
скажешь,1
свинья,1
скажи,1
отдай,1
хорошенькое,1
убрался,1
пакетом,1
скулил,1
разгуливая,1
потирая,1
перчатках,1
издевательство,1
везут,1
добиться,1
необходимого,1
америки,1
вечная,1
вечное,1
пальцам,1
ловля,1
большое,1
двадцать,1
перелет,1
берлина,1
неописуемое,1
набросился,1
звонить,1
таинственных,1
опаснейших,1
опытов,1
нарезанная,1
бумага,1
заклейки,1
водолазные,1
шлемы,1
баллонов,1
блестящих,1
ртуть,1
этикеткою,1
прикасаться,1
черепа,1
скрещенными,1
мелким,1
работам,1
сделал,1
творится,1
кремовыми,1
стенами,1
нелепый,1
пролетевший,1
змеях,1
странная,1
выкрикнутая,1
вечерней,1
газете,1
неизвестны,1
доцент,1
художественном,1
федоре,1
иоанновиче,1
некому,1
приехал,1
почитав,1
английскую,1
статью,1
журнале,1
полученном,1
спала,1
вертящаяся,1
поздней,1
громадный,1
ул,1
гудели,1
ротационные,1
выпускающего,1
происходила,1
путаница,1
бешеный,1
метался,1
зная,1
посылал,1
винным,1
выпускают,1
номер,1
выдирать,1
домой,1
сбивались,1
кучками,1
становясь,1
чудовищнее,1
страннее,1
острая,1
шляпа,1
мелькала,1
ослепительном,1
розовом,1
заливавшем,1
типографию,1
скрипел,1
ковылял,1
показываясь,1
подъезде,1
хлопали,1
репортеры,1
телефонам,1
типографии,1
непрерывно,1
станция,1
механически,1
подавала,1
загадочные,1
бессонными,1
барышнями,1
сигнальные,1
рожки,1
облепили,1
механического,1
аэропланы,1
посылать,1
матерная,1
ругань,1
перекатывалась,1
чей-то,1
гущи,1
сукина,1
сына,1
охрану,1
поставить,1
тряслось,1
ротационных,1
создавалось,1
неприглядный,1
полыхает,1
электрическим,1
пожаром,1
занявшийся,1
остановил,1
напротив,1
усилил,1
электричество,1
мотоциклетки,1
вкатывались,1
асфальтированный,1
вперемежку,1
автомобилями,1
встала,1
одели,1
сыпались,1
выходили,1
месяце,1
тиражом,1
выехал,1
автобусе,1
обшитые,1
металлическими,1
деревянные,1
заграничными,1
наклейками,1
немецком,1
царствовала,1
русская,1
меловая,1
бурная,1
наконец-то,1
взламывай,1
побить,1
исполнил,1
приказание,1
усеянном,1
опилками,1
обрывками,1
забушевал,1
издеваются,1
скотина,1
позволю,1
смеяться,1
яйца-с,1
горестно,1
понимаешь,1
дьявола,1
нужны,1
посылают,1
негодяю,1
позвонить,1
загремел,1
стрельнул,1
дорогу,1
вбежал,1
вопреки,1
джентльменскому,1
обычаю,1
снимая,1
серой,1
шляпы,1
сидящей,1
затылке,1
газетным,1
красовался,1
сделали,1
слушая,1
вздумали,1
удивить,1
форменный,1
идиот,1
ошалел,1
вскрытые,1
выпрыгнули,1
забормотал,1
цветное,1
изображение,1
пожарный,1
шланг,1
извивалась,1
странной,1
снята,1
легонькой,1
летательной,1
скользнувшей,1
змеей,1
по-вашему,1
передвинул,1
удивлении,1
сбросил,1
опустился,1
стул,1
выстукивая,1
кулаком,1
чудовищное,1
негодяй,1
вывел,1
поймите,1
самую,1
феноменальную,1
кладку,1
бурым,1
шутите,1
дар,1
сверкали,1
беленькие,1
что-о,1
начиная,1
соображать,1
сжатыми,1
будьте,1
покойны,1
заказ,1
змеиные,1
страусовые,1
переслали,1
ошибке,1
садиться,1
вскочил,1
схватил,1
подчеркивая,1
ногтем,1
строчку,1
иметь,1
веселую,1
историю,1
представляю,1
вслух,1
вычитывая,1
попавшееся,1
скомканного,1
листа,1
можайска,1
откладывая,1
неимоверные,1
замечены,1
духовском,1
крокодилы,1
страусы,1
назначения,1
прекратили,1
вязьме,1
зажгли,1
пригородный,1
остановивший,1
иссиня-бледный,1
сумасшедшими,1
состоянии,1
видали,1
сорвал,1
взмахом,1
оборвал,1
пуговицы,1
сорочке,1
параличным,1
цветом,1
шатаясь,1
тупыми,1
ринулся,1
разлетелся,1
каменными,1
загремело,1
лови,1
взвизгнул,1
заплясавшему,1
ужаса,1
удар,1
смерть,1
пылала,1
бешеная,1
сияли,1
лампы,1
сброшенными,1
абажурами,1
насчитывающей,1
населения,1
неосмысленных,1
ели,1
пили,1
выкрикивали,1
поминутно,1
выглядывали,1
этажах,1
устремляя,1
взоры,1
направлениях,1
изрезанное,1
прожекторами,1
отбрасывали,1
тающие,1
бледные,1
конусы,1
исчезали,1
беспрерывно,1
аэропланным,1
александровский,1
приходили,1
поезда,1
сбитые,1
товарных,1
разноклассных,1
вагонов,1
цистерн,1
облепленных,1
обезумевшими,1
густой,1
автобусах,1
крышах,1
давили,1
попадали,1
колеса,1
трескучая,1
тревожная,1
стрельба,1
воинские,1
останавливали,1
сумасшедших,1
бегущих,1
стрелам,1
железных,1
дорог,1
бешеным,1
легким,1
всхлипыванием,1
вылетали,1
окнах,1
паровозы,1
усеяны,1
плакатами,1
брошенными,1
растоптанными,1
жгучими,1
малиновыми,1
известны,1
объявлялась,1
положении,1
грозили,1
сообщали,1
смоленскую,1
губернию,1
едут,1
вооруженные,1
воющей,1
роняли,1
били,1
посуду,1
задевая,1
разматывали,1
сматывали,1
узлы,1
чемоданы,1
тщетной,1
надежде,1
пробраться,1
каланчевскую,1
площадь,1
ярославский,1
николаевский,1
вокзалы,1
ведущие,1
восток,1
оцеплены,1
слоем,1
пехоты,1
грузовики,1
бренча,1
цепями,1
доверху,1
нагруженные,1
ящиками,1
армейцы,1
остроконечных,1
шлемах,1
ощетинившиеся,1
штыками,1
увозили,1
запасы,1
золотых,1
монет,1
подвалов,1
народного,1
комиссариата,1
финансов,1
третьяковская,1
галерея,1
рявкали,1
дрожал,1
отсвет,1
пожара,1
густую,1
черноту,1
беспрерывные,1
удары,1
пушек,1
бессонной,1
потушившей,1
сметая,1
встречное,1
жалось,1
подъезды,1
витрины,1
выдавливая,1
многотысячная,1
стрекочущая,1
копытами,1
башлыки,1
мотались,1
концами,1
серых,1
спинах,1
кончики,1
пик,1
кололи,1
мечущаяся,1
воющая,1
увидав,1
ломящиеся,1
рассекающие,1
расплеснутое,1
варево,1
безумия,1
тротуарах,1
призывно,1
надеждою,1
выть,1
исступленные,1
женские,1
мужчины,1
задавят,1
давят,1
помогите,1
папирос,1
серебряные,1
женщины,1
выскакивали,1
мостовую,1
рискуя,1
плелись,1
боков,1
конного,1
строя,1
стремена,1
целуя,1
беспрерывном,1
стрекоте,1
копыт,1
изредка,1
взмывали,1
взводных,1
короче,1
повод,1
весело,1
разухабисто,1
зыбком,1
рекламном,1
заломленных,1
малиновых,1
шапках,1
прерывая,1
открытыми,1
лицами,1
конях,1
фигуры,1
странных,1
чадрах,1
баллонами,1
ремнях,1
цистерны-автомобили,1
длиннейшими,1
рукавами,1
пожарных,1
повозках,1
раздавливающие,1
торцы,1
закрытые,1
светящиеся,1
узенькими,1
бойницами,1
танки,1
гусеничных,1
прерывались,1
зашитые,1
серую,1
броню,1
теми,1
наружу,1
нарисованными,1
черепами,1
боках,1
выручайте,1
братцы,1
бейте,1
спасайте,1
перекатывалось,1
папиросы,1
пачками,1
ночном,1
скалились,1
ошалевших,1
разливалось,1
глухое,1
щиплющее,1
пение,1
туз,1
дама,1
валет,1
побьем,1
сомненья,1
гудящие,1
раскаты,1
выплывали,1
пронесся,1
впереди,1
шеренг,1
лошади,1
башлыке,1
всадники,1
едет,1
ставший,1
легендарным,1
постаревший,1
поседевший,1
командир,1
громады,1
завывала,1
улетал,1
успокаивая,1
мятущиеся,1
сердца,1
освещен,1
долетали,1
отдельными,1
смутными,1
глухими,1
отзвуками,1
огненными,1
часами,1
близ,1
грохнул,1
веером,1
залп,1
мародеров,1
пытавшихся,1
ограбить,1
машинного,1
сбивалось,1
вокзалам,1
тускло,1
лампа,1
отбрасывая,1
положив,1
слоистый,1
веял,1
ящике,1
молчали,1
стороне,1
локтем,1
вечерний,1
выпуск,1
телеграмм,1
узкой,1
сообщавший,1
смоленск,1
горит,1
артиллерия,1
обстреливает,1
можайский,1
квадратам,1
громя,1
залежи,1
крокодильих,1
разложенных,1
сырых,1
оврагах,1
эскадрилья,1
аэропланов,1
вязьмою,1
действовала,1
удачно,1
залив,1
уезд,1
жертвы,1
человеческие,1
неисчислимы,1
покидать,1
уезды,1
правильной,1
эвакуации,1
панике,1
металось,1
разрозненными,1
группами,1
риск,1
страх,1
кидаясь,1
отдельная,1
кавказская,1
кавалерийская,1
блистательно,1
выиграла,1
страусовыми,1
перерубив,1
уничтожив,1
кладки,1
страусовых,1
понесла,1
незначительные,1
потери,1
правительства,1
-верстной,1
зоне,1
эвакуирована,1
служащие,1
рабочие,1
соблюдать,1
спокойствие,1
примет,1
самые,1
жестокие,1
допустить,1
смятению,1
вызванному,1
неожиданным,1
нападением,1
гремучих,1
появившихся,1
местах,1
бросили,1
горящие,1
печи,1
безнадежный,1
повальный,1
исход,1
продовольствием,1
обеспечена,1
полгода,1
совет,1
главнокомандующем,1
предпринимает,1
срочные,1
бронировке,1
вести,1
уличные,1
бои,1
самых,1
красным,1
армиям,1
аэропланам,1
эскадрильям,1
нашествия,1
остекленевшими,1
заливающаяся,1
бессонная,1
третью,1
проводила,1
желающего,1
покинуть,1
единственный,1
оставшийся,1
потухший,1
приютилась,1
молчала,1
скорбной,1
думе,1
чайник,1
чаем,1
предназначенным,1
закипал,1
треножнике,1
газовой,1
послышались,1
ненавистные,1
звонкие,1
крики,1
вскочила,1
взвизгнула,1
плохо,1
реагировал,1
шум,1
беснуются,1
поделаю,1
оцепенение,1
нарушено,1
кованые,1
выходящие,1
затряслись,1
лопнул,1
сплошной,1
зеркальный,1
соседнем,1
зазвенело,1
высыпалось,1
булыжник,1
прыгнул,1
развалив,1
шарахнулись,1
заметалась,1
завизжала,1
хватая,1
крича,1
стула,1
приобрели,1
прежний,1
остренький,1
блеск,1
напомнивший,1
прежнего,1
вдохновенного,1
проговорил,1
глупость,1
мечутся,1
сумасшедшие,1
сошла,1
уйду,1
перестаньте,1
суету,1
поделать,1
растворились,1
донеслись,1
хлопушечки,1
выстрелов,1
каменный,1
загрохотал,1
бегом,1
выкриками,1
боем,1
вцепилась,1
тащить,1
отбился,1
рост,1
халате,1
коридор,1
распахнулись,1
появилось,1
спина,1
военного,1
малиновым,1
шевроном,1
отступал,1
напирала,1
яростная,1
крикнув,1
спасайтесь,1
военный,1
стоящего,1
изваяние,1
тьме,1
извилистых,1
коридоров,1
противоположном,1
вылетели,1
бей,1
убивай,1
мирового,1
злодея,1
распустил,1
разорванные,1
отступил,1
прикрыл,1
ведущую,1
распятый,1
пустить,1
раздражении,1
форменное,1
сумасшествие,1
дикие,1
звери,1
отсюда,1
закончил,1
фразу,1
резким,1
знакомым,1
выкриком,1
выгнать,1
разбитой,1
истоптанный,1
недвижимо,1
рвались,1
обращая,1
низкий,1
обезьяньих,1
кривых,1
разорванном,1
пиджаке,1
разорванной,1
манишке,1
сбившейся,1
опередил,1
дорвался,1
ударом,1
раскроил,1
качнулся,1
падать,1
набок,1
последним,1
повинную,1
марью,1
степановну,1
убили,1
растерзали,1
перебив,1
истоптав,1
обезумевших,1
час,1
пылал,1
оцепленные,1
шеренгою,1
вооруженных,1
электрическими,1
револьверами,1
насасывая,1
кранов,1
лили,1
струи,1
гудя,1
длинно,1
выбивалось,1
пламя,1
морозный,1
машине,1
-е,1
упал,1
старожилов,1
отмеченный,1
продержался,1
достигнув,1
остервеневшая,1
заперла,1
третьих,1
поняло,1
спас,1
столицу,1
безграничные,1
которыми,1
владела,1
упала,1
потерявшая,1
четверти,1
состава,1
изнемогать,1
газовые,1
мерзких,1
полукольцом,1
заходивших,1
запада,1
юго-запада,1
юга,1
задушил,1
выдержали,1
омерзительные,1
стаи,1
сырость,1
мокроту,1
влагу,1
побитую,1
нежданным,1
зелень,1
деревьях,1
биться,1
кончилась,1
болота,1
завалены,1
разноцветными,1
покрытыми,1
нездешним,1
невиданным,1
безвестно,1
пропавший,1
грязюку,1
безвредны,1
мертвы,1
зародыши,1
прикончены,1
земли,1
гнили,1
бесчисленных,1
родившимся,1
гениальных,1
опасны,1
непрочные,1
созданья,1
гнилостных,1
жарких,1
тропических,1
болот,1
погибли,1
пространстве,1
губерний,1
страшное,1
зловоние,1
разложение,1
гной,1
эпидемии,1
повальные,1
снабженная,1
саперными,1
принадлежностями,1
керосинными,1
цистернами,1
очищая,1
очистила,1
весне,1
весною,1
затанцевала,1
загорелась,1
завертелась,1
по-прежнему,1
шапкою,1
висел,1
ниточке,1
сгоревшего,1
августе,1
двухэтажного,1
выстроили,1
заведовал,1
возникал,1
скорченный,1
убедительный,1
пальца,1
скрипучего,1
квакающего,1
катастрофе,1
писал,1
оделось,1
туманом,1
самый,1
апрельскую,1
иногда,1
изящный,1
ординарный,1
пытался,1
уничтожила,1
разъяренная,1
убийства,1
сгорели,1
никольском,1
бое,1
восстановить,1
зеркальными,1
скомбинировали,1
старания,1
особенное,1
знания,1
обладал,1
мире,1
покойный,1
ипатьевич,1
г,1
октябрь,1
примечания,1
беспокою,1
берлинской,1
verzeihen,1
bitte,1
he,1
professo,1
da,1
st?re,1
mitarbeite,1
des,1
berline,1
momental,1
seh,1
besch?fligt,1
und,1
kann,1
deshalb,1
jetzt,1
nicht,1
empfangen,1
франц,1
entre,1
nous,1
soit-dit,1
