Bulghakov_Baghrovyi ostrov.txt,5540
и,239
—,200
в,175
,87
на,87
с,72
не,58
что,49
а,42
остров,40
к,33
как,31
эфиопы,29
глава,28
арапов,26
от,24
арапы,24
лорд,24
у,24
из,23
он,23
за,22
же,21
эфиопов,21
но,20
так,18
это,18
их,18
они,17
его,16
булгаков,15
по,15
только,15
кири-куки,14
во,14
ардан,14
я,14
то,13
им,13
были,12
было,12
кири,12
гаттерас,12
россии,11
бы,11
о,11
будет,10
них,10
день,10
рики,10
вы,10
этот,9
все,9
сизи-бузи,9
гленарван,9
где,9
уже,9
затем,9
суда,9
был,9
до,9
вот,9
ответил,9
капитан,9
вас,9
белых,8
раз,8
острове,8
рики-тики,8
ее,8
себе,7
лорда,7
еще,7
мой,7
сизи,7
да,7
ему,7
воду,7
мы,7
для,7
если,7
когда,7
чтобы,7
меня,7
время,7
г,7
россию,7
булгакова,6
часть,6
под,6
арапами,6
рики-тики-тави,6
ни,6
всех,6
матросы,6
острова,6
лет,6
перед,6
мир,6
всем,6
через,6
баркас,6
капитана,6
речь,6
багровый,5
горы,5
эфиопами,5
корабль,5
сказал,5
два,5
огненной,5
без,5
ура,5
ведь,5
арапам,5
мгновение,5
над,5
бухте,5
воды,5
вам,5
теперь,5
мне,5
первый,5
весь,5
против,5
много,5
спросил,5
ничего,5
чем,5
берегу,5
обратно,5
ваше,5
чума,5
ладно,5
сэр,5
гаттераса,5
том,5
советской,5
родину,5
этих,4
михаил,4
огнедышащей,4
белыми,4
острову,4
красные,4
ним,4
верховный,4
жрец,4
военачальник,4
чего,4
произошло,4
надо,4
коробки,4
очень,4
есть,4
собой,4
берег,4
огненную,4
тоже,4
эфиопам,4
лицо,4
конце,4
со,4
братцы,4
при,4
экспедицию,4
вигвамы,4
она,4
потом,4
узнали,4
дальше,4
арап,4
стали,4
спасибо,4
один,4
вокруг,4
праздник,4
этим,4
эфиоп,4
поросенка,4
зубы,4
неразборчиво,4
лорду,4
нас,4
там,4
ней,4
одного,4
больше,4
семь,4
газеты,4
м,4
чрезвычайно,4
эти,4
одно,4
руках,4
фронтом,4
уха,4
идет,4
народ,4
других,4
народа,4
власть,4
события,3
выписаны,3
политические,3
фигуры,3
жюля,3
верна,3
р,3
киплинга,3
ii,3
-м,3
неопределенной,3
окраски,3
нем,3
повелитель,3
того,3
своего,3
стал,3
которые,3
бусы,3
взял,3
армия,3
стороны,3
даже,3
среди,3
начале,3
таким,3
жреца,3
триста,3
назад,3
ночью,3
совершенно,3
остались,3
неизвестно,3
известный,3
второй,3
этому,3
самый,3
глаз,3
эфиопа,3
грянул,3
эфиопова,3
именно,3
угодил,3
небо,3
корреспондента,3
дураков,3
угодить,3
обозлил,3
быть,3
ибо,3
просто,3
ежели,3
опять,3
чай,3
кровь,3
известно,3
причем,3
мишель,3
года,3
паганель,3
невозможно,3
послать,3
ваш,3
богу,3
каменоломни,3
каменоломнях,3
пущай,3
поумирают,3
после,3
всего,3
эта,3
черт,3
клянусь,3
вес,3
была,3
двух,3
седьмого,3
радиостанции,3
живы,3
тут,3
эту,3
корабля,3
словами,3
шея,3
вдруг,3
матросов,3
которого,3
глотку,3
ходу,3
между,3
белые,3
русской,3
россия,3
керенский,3
армии,3
николай,3
власти,3
советскую,3
врангеля,3
слащов,3
советская,3
п,3
великолепный,2
политический,2
памфлет,2
содержит,2
сжатом,2
виде,2
наиважнейшие,2
начиная,2
февральско-мартовской,2
революции,2
кончая,2
нэпом,2
автором,2
наиболее,2
яркие,2
участвовавшие,2
событиях,2
памфлете,2
используются,2
имена,2
героев,2
сочинений,2
любимых,2
писателей,2
афанасьевич,2
i,2
б,2
iii,2
комментарии,2
лосев,2
notes,2
перевел,2
история,2
океане,2
огромнейший,2
необитаемый,2
населенный,2
красными,2
мореплавателей,2
почему-то,2
махровых,2
гленарвана,2
впервые,2
порядки,2
несмотря,2
островом,2
тени,2
рядом,2
флаг,2
по-английски,2
кроме,2
штаны,2
узнал,2
какие-то,2
вода,2
дальнейшем,2
сардинки,2
сахарин,2
рыбу,2
также,2
корреспондент,2
таймса,2
немедленно,2
засим,2
концов,2
копий,2
победные,2
наш,2
громкое,2
молчание,2
ног,2
означенные,2
находились,2
состоянии,2
граничащем,2
глухим,2
неудовольствием,2
людей,2
смутьяны,2
мысли,2
водка,2
нам,2
самом,2
послал,2
одному,2
знаменателю,2
говорили,2
образом,2
подножия,2
потухшей,2
однажды,2
дым,2
повелителя,2
военачальником,2
первое,2
разбиты,2
громом,2
толпе,2
слезы,2
главе,2
вопрос,2
событие,2
напоминающей,2
глаза,2
бочке,2
своей,2
предстал,2
всему,2
огненные,2
явился,2
цвета,2
большой,2
книжку,2
таперича,2
моря,2
ответила,2
несколько,2
вопль,2
сей,2
паралич,2
каналья,2
всю,2
ночь,2
горели,2
вскоре,2
цивилизованный,2
телеграммой,2
национальный,2
байрам,2
точка,2
bount,2
багровым,2
арапа,2
потому,2
каждый,2
соорудил,2
никому,2
вообще,2
загнал,2
неудовольствие,2
прекрасный,2
эфиопская,2
сухо,2
мимо,2
стало,2
ты,2
винтом,2
закончил,2
такое,2
видел,2
зарева,2
огни,2
ослов,2
правда,2
карательной,2
наутро,2
превратились,2
дело,2
телеграмма,2
тучи,2
жулик,2
бежа,2
европейского,2
пироги,2
горизонте,2
подзорной,2
воскликнул,2
немного,2
чертям,2
экспедиции,2
пирогах,2
сто,2
одна,2
собираются,2
жить,2
европе,2
кто,2
кормить,2
нет,2
носу,2
показать,2
благодарю,2
телеграмму,2
чумы,2
косит,2
задумчиво,2
скомандовал,2
араповы,2
кормили,2
четверть,2
все-таки,2
отдала,2
душу,2
надсмотрщиков,2
мертвый,2
дымом,2
глядя,2
бинокли,2
свиньям,2
оказались,2
голоду,2
люди,2
хлебца,2
пришлите,2
любящие,2
взвыл,2
сквозь,2
можно,2
месье,2
интересно,2
знать,2
сколько,2
дорогой,2
двадцати,2
шагах,2
окажетесь,2
ардана,2
попал,2
кончилась,2
берега,2
ноги,2
едем,2
замиряемся,2
почтением,2
подзорную,2
трубу,2
предполагалась,2
экспедиция,2
целью,2
вселения,2
англии,2
франции,2
говорит,2
взревел,2
ж,2
будем,2
посмотреть,2
мирно,2
самого,2
вскричал,2
остолопы,2
такие,2
будто,2
немецкий,2
черти,2
ответили,2
прочь,2
разглядел,2
негодяй,2
винтовки,2
лица,2
борту,2
голосом,2
боевой,2
интереснее,2
него,2
говорил,2
ужо,2
таперя,2
голубчики,2
попрыгаете,2
дай,2
доплывем,2
громады,2
батальоны,2
фигурка,2
головой,2
стриженной,2
ежиком,2
имел,2
успел,2
из-за,2
ножик,2
гленарвану,2
мастерским,2
ударом,2
перехватил,2
финал,2
земли,2
красным,2
те,2
ясно,2
ахнул,2
снаряд,2
вместе,2
ур-ра,2
якоря,2
присел,2
прошла,2
туча,2
стрел,2
дал,2
прощание,2
башня,2
молнии,2
соединенном,2
празднике,2
посылаем,2
накануне,2
апрель,2
кстати,2
внимания,2
об,2
числе,2
луны,2
конечно,2
участь,2
которых,2
русского,2
самодержавия,2
керенского,2
-,2
частей,2
материалами,2
иван,2
другой,2
русских,2
гг,2
генерала,2
слащова,2
далее,2
именем,2
связано,2
многие,2
офицеры,2
армий,2
иностранных,2
тем,2
подчиниться,2
наемниками,2
родины,2
солдат,2
офицеров,2
казаков,2
или,2
возвращаться,2
интервенции,2
н,2
мечта,2
annotation,1
роман,1
тов,1
французского,1
эзоповский,1
взрыв,1
географией,1
издавна,1
свои,1
бури,1
волнения,1
названном,1
тихим,1
градусом,1
находился,1
славными,1
родственными,1
племенами,1
получившими,1
кличку,1
надежда,1
знаменитого,1
подошедший,1
обнаружил,1
оригинальные,1
численностью,1
превышали,1
правили,1
исключительно,1
троне,1
пальмы,1
сидел,1
украшенный,1
рыбьими,1
костьми,1
сардинными,1
коробками,1
заняты,1
обработкой,1
маисовых,1
полей,1
рыбной,1
ловлей,1
собиранием,1
черепашьих,1
яиц,1
начал,1
привык,1
начинать,1
всюду,1
появлялся,1
водрузил,1
горе,1
немножко,1
недоразумение,1
понимавшие,1
никакого,1
языка,1
флага,1
сделали,1
тогда,1
пороть,1
пальмами,1
перепоров,1
вступил,1
переговоры,1
последнего,1
сизин-бузин,1
оказывается,1
открывали,1
раза,1
во-первых,1
немцы,1
ними,1
лопали,1
лягушек,1
доказательство,1
ссылался,1
сардиночные,1
умильно,1
намекнул,1
огненная,1
вкусная,1
пронюхали,1
сукины,1
сыны,1
проворчал,1
похлопав,1
плечу,1
милостиво,1
разрешил,1
числить,1
произошел,1
товарообман,1
сгрузили,1
надежды,1
стеклянные,1
тухлые,1
бурно,1
ликуя,1
свезли,1
бобровые,1
шкуры,1
слоновую,1
кость,1
яйца,1
жемчуг,1
подарил,1
установились,1
правильные,1
сношения,1
заходили,1
бухту,1
сбрасывали,1
английские,1
ценности,1
забирали,1
эфиопову,1
дрянь,1
поселился,1
нью-йоркского,1
штанах,1
трубкой,1
заболел,1
тропическим,1
триппером,1
учебниках,1
географии,1
назван,1
л'иль,1
д'эфиоп,1
пьет,1
достиг,1
невиданного,1
процветания,1
сам,1
буквально,1
плавали,1
воде,1
сделалось,1
лакированное,1
какое-то,1
круглое,1
складок,1
украшенная,1
бусами,1
лесом,1
сверкала,1
шатра,1
проходившие,1
нередко,1
слышали,1
крики,1
несущиеся,1
здравствует,1
равно,1
кричали,1
громче,1
махровые,1
доносилось,1
получая,1
огненного,1
пайка,1
работая,1
потери,1
задних,1
томном,1
имеются,1
бывало,1
зарождались,1
завиральные,1
жа,1
выходит,1
по-божецки,1
шиш,1
сахарином,1
работать,1
кончилось,1
крупною,1
неприятностью,1
опять-таки,1
брожения,1
умов,1
эфиоповым,1
вигвамам,1
карательную,1
арапову,1
та,1
счета,1
привела,1
перепоротые,1
кланялись,1
пояс,1
детям,1
закажем,1
вновь,1
наступили,1
ясные,1
времена,1
катастрофа,1
помещались,1
лучшей,1
части,1
проснулась,1
неожиданно,1
сейсмографы,1
пулкове,1
гринвиче,1
показали,1
зловещую,1
чепуху,1
вылетел,1
пламя,1
поперли,1
камни,1
кипяток,1
самовара,1
жаркая,1
лава,1
утру,1
чисто,1
одним,1
месте,1
королевских,1
вигвамов,1
громоздились,1
лавы,1
гениальный,1
произошли,1
второе,1
головам,1
уцелевших,1
пронесся,1
естественный,1
повлек,1
гудение,1
сперва,1
неясное,1
вылилось,1
удивительное,1
толпой,1
маковое,1
поле,1
редкими,1
пятнами,1
махрами,1
взвилось,1
чье-то,1
испитое,1
бегающие,1
возвышаясь,1
всей,1
персоной,1
пьяница,1
бездельник,1
разбило,1
причиной,1
поразительный,1
вид,1
мала,1
велика,1
привыкли,1
видеть,1
околачивающимся,1
выгружали,1
прелести,1
возле,1
вигвама,1
отлично,1
знали,1
чистой,1
махровый,1
ошалевшими,1
островитянами,1
раскрашенным,1
головы,1
боевые,1
эфиоповы,1
опытный,1
отличил,1
вертлявого,1
пройдоху,1
обыкновенного,1
качнулся,1
вправо,1
влево,1
открыв,1
рот,1
изумительные,1
слова,1
тотчас,1
занесенные,1
записную,1
восхищенным,1
корреспондентом,1
свободные,1
объявляю,1
абсолютно,1
понял,1
почему,1
объявляет,1
вся,1
громада,1
изумленным,1
громовым,1
минут,1
бушевало,1
оно,1
прорезал,1
новый,1
вали,1
присягать,1
восхищенные,1
взвыли,1
к-кому,1
пронзительно,1
хлопнуло,1
продолжался,1
недолго,1
криком,1
точку,1
бросился,1
качать,1
играя,1
небе,1
отблесками,1
веселые,1
костры,1
пьяные,1
радости,1
раскупоренной,1
тароватым,1
плясали,1
проходящие,1
тревожно,1
бороздили,1
радиомолниями,1
собирались,1
порядку,1
обстрелять,1
успокоен,1
таймсова,1
мошенник,1
гениален,1
покатились,1
сверхъестественной,1
быстротой,1
назвал,1
честь,1
основного,1
равнодушных,1
славе,1
прельстил,1
должности,1
военачальника,1
утвердил,1
хотел,1
начальником,1
третий,1
лично,1
шпротовой,1
лохматый,1
головной,1
убор,1
чрезвычайности,1
напоминающий,1
корону,1
покойного,1
полагали,1
достоин,1
развращенные,1
водой,1
весьма,1
жгуче,1
приведение,1
последнее,1
мероприятие,1
направлено,1
адресу,1
окончательно,1
засыпался,1
объявил,1
поровну,1
исполнил,1
нужно,1
взять,1
обмен,1
очередной,1
урожай,1
маиса,1
добыл,1
зато,1
подвело,1
животы,1
получилось,1
жаркий,1
обыкновению,1
лежал,1
годный,1
употреблению,1
своем,1
вигваме,1
начальнику,1
некий,1
физиономии,1
коего,1
явственно,1
смутьянские,1
наклонности,1
момент,1
появления,1
пил,1
аккомпанемент,1
хрустящего,1
жареного,1
тебе,1
морда,1
мрачный,1
командир,1
пропустил,1
комплимент,1
ушей,1
прямо,1
приступил,1
делу,1
ды,1
заныл,1
поросята,1
старые,1
ага,1
значит,1
захотел,1
сдерживаясь,1
воин,1
человек,1
дерзко,1
визитер,1
нагло,1
отставил,1
ногу,1
хрустящую,1
ножку,1
развернув,1
хлопнул,1
брызнуло,1
масло,1
изо,1
рта,1
вперемешку,1
крупными,1
зелеными,1
искрами,1
вон,1
дискуссию,1
учинил,1
вернувшись,1
домой,1
хорошо,1
концу,1
дня,1
гудел,1
улей,1
фрегат,1
ченслер,1
проходя,1
южной,1
голубого,1
спокойствия,1
встревожил,1
признакам,1
снова,1
почтенный,1
ошибся,1
праздничного,1
заключалось,1
ровно,1
подожженные,1
экспедицией,1
столбы,1
дымные,1
девять,1
ночи,1
дымы,1
лапчатые,1
шестнадцать,1
штук,1
встревожен,1
газетным,1
заголовком,1
париже,1
лондоне,1
риме,1
нью-йорке,1
берлине,1
прочих,1
городах,1
пришла,1
таймсовского,1
поразившая,1
шестой,1
горят,1
грянула,1
ошеломляющая,1
порта,1
ephiop,1
sacatil,1
grandiosni,1
ostrov,1
gorit,1
povalnaya,1
tschouma,1
gori,1
troupov,1
avansom,1
piatsot,1
korrespondent,1
огне,1
таинственные,1
рассвете,1
часовые,1
европейском,1
крикнули,1
вышел,1
трубой,1
долго,1
изучал,1
черные,1
точки,1
понимай,1
джентльмен,1
похоже,1
диких,1
гром,1
молния,1
отбросив,1
цейс,1
сторону,1
ставлю,1
вашингтонский,1
доллар,1
дырявого,1
лимона,1
выпуска,1
-го,1
подтвердил,1
угадали,1
означайт,1
удивившись,1
жизни,1
вместо,1
ответа,1
хныкали,1
положительно,1
страшно,1
смотреть,1
отдышались,1
выяснились,1
ужасные,1
вещи,1
проклятые,1
разожгли,1
требование,1
перебили,1
мерзавец,1
улизнул,1
пироге,1
остатки,1
мало-мало,1
приехали,1
сорок,1
чертей,1
ведьма,1
компренэ-ву,1
испугался,1
езжай,1
сиятельство,1
плакали,1
начисто,1
поубивают,1
вторых,1
строках,1
наши,1
черту,1
попалили,1
какую,1
военную,1
силу,1
смирить,1
сволочей,1
иронически,1
указывая,1
ума,1
сходил,1
матрос,1
дороже,1
паршивый,1
точно,1
превосходительство,1
согласились,1
черта,1
стоим,1
насчет,1
господин,1
верно,1
пишут,1
голод,1
тэк-с,1
посмотрейт,1
карантин,1
муки,1
натерпелись,1
гостях,1
выразить,1
началось,1
мыли,1
карболке,1
держали,1
загородкой,1
каких-нибудь,1
аккуратно,1
умирали,1
установить,1
точную,1
норму,1
таком,1
методе,1
наконец,1
промариновав,1
карантине,1
направил,1
работы,1
надсмотрщики,1
бичи,1
воловьих,1
жил,1
получили,1
приказ,1
обходить,1
пушечный,1
выстрел,1
делали,1
ночам,1
видно,1
слабое,1
догорающее,1
зарево,1
днем,1
тлел,1
черным,1
прибавился,1
удушающий,1
смрадный,1
дух,1
голубым,1
волнам,1
тянуло,1
трупным,1
запахом,1
крышка,1
коварную,1
зеленую,1
береговую,1
полосу,1
превратившиеся,1
хлебах,1
бледные,1
шляясь,1
злорадствовали,1
прохвостам,1
издохнут,1
вернемся,1
займем,1
уж,1
мерзавцу,1
кишки,1
выпустим,1
своеручно,1
попался,1
хранил,1
спокойное,1
засмоленная,1
бутылка,1
выбросила,1
волна,1
европейский,1
вскрыли,1
карболовыми,1
предосторожностями,1
присутствии,1
неразборчивые,1
каракули,1
эфиопской,1
рукой,1
переводчик,1
разобрался,1
представил,1
документ,1
погибаем,1
ребята,1
ять,1
малые,1
дохнут,1
самое,1
посинел,1
сиясь,1
бунта,1
собираюсь,1
холодно,1
съездил,1
уху,1
хлыстом,1
лез,1
советами,1
сущности,1
свинство,1
пробормотал,1
маису,1
совет,1
платить,1
маис,1
арапская,1
орава,1
налопала,1
знает,1
глупых,1
советах,1
нуждаюсь,1
прищурившись,1
позвольте,1
узнать,1
стреляемся,1
попаду,1
легко,1
собор,1
парижской,1
богоматери,1
поздравляю,1
вашего,1
тела,1
увеличится,1
пули,1
которую,1
всажу,1
ваших,1
вашему,1
выбору,1
филеас,1
фогг,1
секундантом,1
остался,1
прежним,1
сидевших,1
любопытства,1
кустом,1
пуля,1
вошла,1
арапу,1
переносицу,1
вышла,1
затылок,1
умер,1
полпути,1
посредине,1
мозга,1
пожали,1
друг,1
другу,1
руки,1
разошлись,1
бутылкой,1
сбежали,1
оставив,1
нахальную,1
записку,1
карболку,1
воловьи,1
жилы,1
надеемся,1
когда-нибудь,1
переломаем,1
лучше,1
подохнуть,1
дома,1
вашей,1
тухлой,1
солонины,1
уехавшие,1
уперли,1
собою,1
испорченный,1
пулемет,1
банок,1
сгущенного,1
молока,1
шесть,1
дверных,1
блестящих,1
ручек,1
револьверов,1
европейских,1
женщин,1
перепорол,1
оставшихся,1
занес,1
стоимость,1
похищенного,1
изумительная,1
депеша,1
прошло,1
изолированный,1
забыт,1
кораблей,1
изредка,1
издали,1
видели,1
моряки,1
пышную,1
зелень,1
берегов,1
скалы,1
пенный,1
прибой,1
назначено,1
выветрилась,1
безопасным,1
худые,1
скелеты,1
томились,1
потрясен,1
изумительным,1
известием,1
америки,1
приняли,1
радиограмму,1
слава,1
здоровы,1
желаем,1
ваши,1
уважаемые,1
мире,1
вышли,1
аршинными,1
заголовками,1
загадочное,1
радио,1
фланелевыми,1
панталонами,1
моей,1
бабушки,1
сверхъестественно,1
удивительно,1
выжили,1
дают,1
телеграммы,1
дьявол,1
радиостанцию,1
принял,1
известие,1
хныкал,1
просил,1
теперича,1
преосвященство,1
единственно,1
перебить,1
делается,1
наследственный,1
каких,1
пор,1
томиться,1
загадочный,1
чудесный,1
майский,1
море,1
показался,1
командой,1
командированный,1
лордом,1
гленарваном,1
пристал,1
усеяли,1
ванты,1
борты,1
любопытством,1
глядели,1
глазам,1
представилась,1
следующая,1
картина,1
дремала,1
неизвестный,1
торчал,1
целой,1
стаи,1
новеньких,1
видимо,1
отстроенных,1
пирог,1
загадка,1
радиотелеграммы,1
объяснилась,1
вдали,1
глядел,1
изумрудном,1
тропическом,1
лесу,1
шпиль,1
уродливо,1
сооруженной,1
дьяволов,1
сами,1
построили,1
кривую,1
дылду,1
весело,1
хохотали,1
корявый,1
плод,1
творчества,1
лодка,1
подошла,1
высадила,1
несколькими,1
матросами,1
поразило,1
отважных,1
чрезвычайное,1
изобилие,1
обступили,1
взрослые,1
целая,1
куча,1
молодых,1
гирляндами,1
сидели,1
толстые,1
маленькие,1
эфиопчики,1
удили,1
свесив,1
голубую,1
возьми,1
пошла,1
пользу,1
удивился,1
морды,1
кашей,1
геркулес,1
ну-с,1
поразил,1
старенький,1
приютившийся,1
опытного,1
взгляда,1
достаточно,1
убедиться,1
европейской,1
верфи,1
нравится,1
процедил,1
украли,1
дырявую,1
калошу,1
спрашивается,1
какая,1
шлялась,1
карантина,1
сильно,1
сдается,1
обратившись,1
эй,1
краснорожие,1
свистнули,1
лодку,1
лукаво,1
заулыбались,1
показав,1
жемчужные,1
желаете,1
отвечать,1
нахмурился,1
сделаю,1
разговорчивее,1
этими,1
направился,1
баркасу,1
преградили,1
матросам,1
путь,1
рявкнул,1
привычным,1
жестом,1
взялся,1
задний,1
карман,1
ушли,1
тесном,1
плотном,1
кольце,1
побагровела,1
бежавших,1
каменоломен,1
ба-а,1
старый,1
знакомый,1
понимаю,1
откуда,1
смуты,1
подойди,1
сюда,1
пожелал,1
подойти,1
заявил,1
пойду,1
бешенстве,1
оглянулся,1
стала,1
фиолетовой,1
составив,1
контраст,1
белым,1
полем,1
шлема,1
многих,1
ружья,1
похожие,1
немецкие,1
свистнутый,1
парабеллум,1
обычно,1
бойкие,1
серьезно-серенькими,1
глянул,1
жгучее,1
синее,1
рейд,1
покачивался,1
оставшиеся,1
пестрели,1
пятнышками,1
реях,1
наблюдали,1
умел,1
владеть,1
постепенно,1
приобрела,1
нормальный,1
цвет,1
говорящий,1
отсрочен,1
пропустите-ка,1
вежливо-хриплым,1
расступились,1
эскортируемый,1
моряками,1
отбыл,1
час,1
загремели,1
якорные,1
цепи,1
виднелся,1
лишь,1
маленьким,1
дымком,1
солнечного,1
непобедимая,1
армада,1
бараках,1
занятых,1
творилось,1
что-то,1
неописуемое,1
испускали,1
клики,1
ходили,1
головах,1
ведрами,1
подали,1
золотистый,1
жирный,1
бульон,1
лохмотьев,1
арапах,1
выдали,1
великолепные,1
ситцевые,1
угодно,1
краски,1
татуировки,1
бараков,1
стояли,1
козлах,1
новехонькие,1
скорострельные,1
пулеметы,1
сверкал,1
кольцами,1
пестрел,1
развевающимися,1
перьями,1
сияло,1
живоцерковного,1
попа,1
пасху,1
ходил,1
помешанный,1
срок,1
этом,1
пальцами,1
делал,1
жесты,1
кому-то,1
невидимому,1
выдирал,1
стройся,1
смирно,1
кричал,1
летал,1
отяжелевших,1
бульона,1
три,1
бронированных,1
порту,1
принимать,1
середину,1
вылезла,1
оборванная,1
истасканная,1
ошеломленные,1
всмотрелись,1
фигурке,1
кого,1
иного,1
скитавшегося,1
наглость,1
выйти,1
заискивающей,1
улыбочкой,1
обратиться,1
меня-то,1
забыли,1
возьмите,1
пригожусь,1
окончить,1
позеленел,1
вытащил,1
пояса,1
широкий,1
острый,1
здоровье,1
трясущимися,1
губами,1
обратился,1
сыр-бор,1
загорелся,1
дозвольте,1
ваша,1
светлость,1
своими,1
ручками,1
глоточку,1
перерезать,1
отчего,1
удовольствием,1
благодушно,1
скорей,1
задерживай,1
посадку,1
пискнуть,1
пока,1
выступили,1
произнес,1
напутственную,1
езжайт,1
покоряйт,1
помогайт,1
стреляйт,1
платийт,1
музыку,1
сели,1
неожиданный,1
жемчужина,1
сияющий,1
ослепительный,1
подошли,1
начали,1
высаживать,1
вооруженный,1
строй,1
полный,1
боевого,1
пламени,1
соскочил,1
потрясая,1
саблей,1
храбрые,1
мной,1
устремились,1
следующее,1
плодоносной,1
навстречу,1
незваным,1
гостям,1
встала,1
неописуемая,1
сила,1
ползли,1
густейшими,1
шеренгами,1
зеленый,1
ока,1
перли,1
тучами,1
сторон,1
океаном,1
зубная,1
щетка,1
густо,1
лезла,1
щетина,1
штыков,1
кое-где,1
вкрапленные,1
неслись,1
качестве,1
отделенных,1
командиров,1
самые,1
дали,1
вдребезги,1
расписаны,1
эфиоповыми,1
знаками,1
потрясали,1
револьверами,1
лицах,1
написано,1
нечего,1
терять,1
глоток,1
неслось,1
командный,1
штыки,1
отвечали,1
воем,1
стыла,1
жилах,1
бей,1
сукиных,1
сынов,1
враги,1
встретились,1
иное,1
белый,1
бушующем,1
багровом,1
расплеснулся,1
охватил,1
флангов,1
рогами,1
дьявола,1
флагманского,1
видал,1
подобного,1
подкрепите,1
огнем,1
приказал,1
отрываясь,1
трубы,1
подкрепил,1
бухнула,1
четырнадцатидюймовая,1
пушка,1
дав,1
недолет,1
лопнул,1
стыке,1
клочья,1
разорвало,1
больший,1
успех,1
третьего,1
снаряда,1
последовало,1
наблюдавший,1
результатами,1
стрельбы,1
ухватил,1
оттащил,1
пушки,1
воплем,1
прекратите,1
лупите,1
шеренгах,1
первых,1
подарков,1
поднялся,1
невероятнейший,1
визг,1
вой,1
ряды,1
дрогнули,1
закрутился,1
бешеный,1
водоворот,1
водовороте,1
вынырнуло,1
внезапно,1
искаженное,1
рядовых,1
подскочил,1
ошалевшему,1
вождю,1
захрипел,1
пена,1
вылезала,1
мало,1
затянул,1
мариновал,1
чемоданы,1
спереди,1
сзади,1
башке,1
снарядом,1
а-а-а-а-а,1
выхватил,1
вдохновенно,1
всадил,1
метко,1
угадав,1
ребром,1
левой,1
помо,1
вождь,1
гите,1
свете,1
престолом,1
всевышнего,1
грянули,1
сдаемся,1
замиряйся,1
завыли,1
смятенные,1
вертясь,1
бушующих,1
водах,1
эфиоповой,1
необозримой,1
рати,1
смешалось,1
невообразимой,1
каше,1
семьсот,1
лихорадок,1
сибирская,1
язва,1
впиваясь,1
глазами,1
стекла,1
цейса,1
пусть,1
повесят,1
помирились,1
гляньте,1
братаются,1
вижу,1
гробовым,1
каким,1
получим,1
вознаграждение,1
убытки,1
связанные,1
кормлением,1
этой,1
оравы,1
бросьте,1
задушевно,1
получите,1
здесь,1
тропической,1
малярии,1
советую,1
поднимать,1
берегись,1
крикнул,1
машинально,1
вовремя,1
дуновением,1
ветра,1
головами,1
сверкнувшая,1
пуль,1
дайте,1
гаттерасу,1
неудачно,1
лопнуло,1
высоко,1
воздухе,1
соединенная,1
арапо-эфиопская,1
рота,1
повторной,1
тучей,1
ниже,1
собственноглазно,1
корчах,1
сразу,1
побагровев,1
упали,1
прогремел,1
дальновидный,1
отравленные,1
стрелы,1
хотите,1
привезти,1
чуму,1
европу,1
просипел,1
сапожник-артиллерист,1
куда-то,1
криво,1
косо,1
снялись,1
третья,1
безвредно,1
села,1
полчаса,1
одевая,1
горизонт,1
уходили,1
разрезая,1
гладь,1
океана,1
пенистой,1
кормовой,1
струе,1
болтались,1
трупов,1
отравленных,1
выброшенных,1
затягивало,1
дымкой,1
исчезала,1
изумрудная,1
напоенная,1
солнцем,1
береговая,1
полоса,1
финальный,1
сигнал,1
одело,1
огненным,1
заревом,1
тропическое,1
хлестнули,1
чрезвычайных,1
размеров,1
пьют,1
кокосовую,1
водку,1
эйфелева,1
приняла,1
зеленые,1
сложившиеся,1
аппаратах,1
неслыханно,1
наглую,1
ардану,1
мат,1
закрыть,1
приемники,1
мгновенно,1
потухла,1
угасли,1
происходило,1
апреля,1
подписью,1
датой,1
печатается,1
тексту,1
особенно,1
важно,1
обращалось,1
авторское,1
видение,1
дальнейшего,1
развития,1
событий,1
мечтал,1
объединении,1
здравомыслящих,1
сил,1
зарубежкой,1
назовем,1
сочинения,1
дети,1
гранта,1
приключения,1
света,1
восемьдесят,1
дней,1
разумеется,1
необитаемой,1
населенной,1
простой,1
сословия,1
состоятельные,1
имущие,1
национальности,1
воздерживался,1
прямых,1
указаний,1
личности,1
учитывая,1
российского,1
самодержца,1
членов,1
царской,1
фамилии,1
смысл,1
ясен,1
трех,1
силах,1
держалась,1
самодержавие,1
церковь,1
имя,1
ловкого,1
агрессивного,1
зверька,1
мангуста,1
одноименного,1
рассказа,1
написал,1
статью,1
муза,1
мести,1
которой,1
пытался,1
течение,1
продолжительного,1
времени,1
зрело,1
глухое,1
самодержавии,1
имеет,1
виду,1
смутное,1
польскую,1
интервенцию,1
воцарившуюся,1
династию,1
романовых,1
февральско-мартовском,1
перевороте,1
свержении,1
отречение,1
престола,1
императора,1
николая,1
марта,1
ф,1
показывает,1
блеске,1
троцкому,1
может,1
уделял,1
две,1
троцкий,1
ненавистны,1
булгакову,1
олицетворяли,1
разрушительные,1
силы,1
уничтожили,1
тысячелетнее,1
российское,1
государство,1
низкий,1
уровень,1
национального,1
самосознания,1
приводил,1
мучительным,1
размышлениям,1
печальном,1
будущем,1
бегстве,1
октябрьского,1
переворота,1
опускает,1
период,1
гражданской,1
войны,1
дает,1
результат,1
возможно,1
редакция,1
изъяла,1
текста,1
часто,1
делала,1
авторов,1
тяжелом,1
положении,1
остатков,1
белой,1
эмигрировавших,1
гражданских,1
лиц,1
братья,1
чудом,1
находятся,1
хорватии,1
болгарии,1
эмигрантских,1
газетах,1
руль,1
последние,1
новости,1
др,1
проскальзывала,1
зловещая,1
мысль,1
изгнали,1
троцкого,1
поддержали,1
умирайте,1
милюков,1
чернов,1
пр,1
надеялись,1
большевизм,1
исчезнет,1
порожденных,1
самим,1
муках,1
голоде,1
холоде,1
разрухе,1
миллионы,1
умерли,1
голода,1
-х,1
безразличие,1
судьбе,1
проявляли,1
большевистские,1
мировое,1
сообщество,1
ноября,1
газета,1
№,1
поместила,1
сенсационное,1
сообщение,1
прибытии,1
бывших,1
врангелевцев,1
сообщении,1
частности,1
отмечалось,1
днях,1
константинополя,1
прибыли,1
тайно,1
барона,1
агентов,1
антанты,1
бывший,1
командующий,1
крымского,1
корпуса,1
начальник,1
обороны,1
крыма,1
генерал-лейтенант,1
перечислены,1
другие,1
прибывшие,1
л,1
тяжелых,1
моментов,1
надежд,1
планов,1
иностранной,1
контрреволюции,1
сослуживцы,1
являются,1
солдатами,1
самостоятельными,1
политическими,1
деятелями,1
долгие,1
годы,1
оружием,1
боролись,1
борьба,1
оказалась,1
проигранной,1
рядовые,1
бойцы,1
убедились,1
играли,1
роль,1
механического,1
оружия,1
хищников,1
меж,1
новая,1
подлинная,1
возрождалась,1
крепла,1
„великая,1
находится,1
трудящийся,1
неимоверными,1
усилиями,1
строит,1
новое,1
общество,1
оборванные,1
кучки,1
беглецов,1
политических,1
шантажистов,1
создают,1
комедию,1
государственности,1
простила,1
прибывающей,1
группе,1
прошлые,1
противонародные,1
действия,1
искренно,1
отрекшимся,1
контрреволюционного,1
прошлого,1
дана,1
возможность,1
принять,1
участие,1
общей,1
работе,1
возрождению,1
страны,1
сведения,1
доставленные,1
слащовым,1
другими,1
полной,1
основательностью,1
доказывают,1
влиятельнейшие,1
круги,1
странах,1
отнюдь,1
отказались,1
новых,1
покушений,1
республика,1
должна,1
сохранять,1
свою,1
бдительность,1
факт,1
добровольного,1
прибытия,1
республику,1
виднейших,1
участников,1
свидетельствует,1
далеко,1
глубоко,1
зашедшем,1
кризисе,1
разложения,1
белогвардейщины,1
меньше,1
возможности,1
остается,1
империалистов,1
пользоваться,1
своих,1
хищнических,1
замыслов,1
пушечным,1
мясом,1
следующий,1
той,1
газете,1
генерал,1
выступил,1
обращением,1
офицерам,1
солдатам,1
беженцам,1
котором,1
говорилось,1
льется,1
русская,1
междусоюзной,1
войне,1
называли,1
себя,1
борцами,1
правительство,1
оказалось,1
несостоятельным,1
неподдержанным,1
народом,1
побеждены,1
бежали,1
константинополь,1
единственная,1
представляющая,1
слащов-крымский,1
зову,1
солдаты,1
вернуться,1
противном,1
случае,1
иностранного,1
капитала,1
хуже,1
родного,1
требую,1
защиты,1
тысячи,1
вернулись,1
отправляли,1
родные,1
места,1
северные,1
лагеря,1
особого,1
назначения,1
соловки,1
ужасная,1
постигла,1
несомненно,1
знал,1
хотя,1
слышал,1
несчастных,1
офицерах,1
возвратившихся,1
трепетом,1
создавал,1
пьесу,1
бег,1
пьесы,1
ли,1
хлудову,1
переписывал,1
многократно,1
твердо,1
решил,1
хлудов,1
должен,1
следует,1
покончить,1
жизнь,1
самоубийством,1
застрелиться,1
константинополе,1
предпочтительнее,1
русскому,1
офицеру,1
нежели,1
возвратиться,1
якобы,1
родную,1
страну,1
унижения,1
позора,1
мучительной,1
гибели,1
эмигрантские,1
переполнены,1
предстоящей,1
увы,1
крайней,1
мере,1
добрая,1
половина,1
выступала,1
категорически,1
новой,1
причина,1
милюковы,1
керенские,1
черновы,1
кусковы,1
прочие,1
боялись,1
реставрации,1
монархии,1
мнению,1
реставрацией,1
российские,1
либерал-демократы,1
навсегда,1
утрачивали,1
большевистскую,1
трансформировать,1
социал-демократическую,1
шум,1
эмиграция,1
готова,1
указывает,1
советско-германские,1
связи,1
установлены,1
рапалльского,1
договора,1
предусматривавшего,1
восстановление,1
дипломатических,1
отношений,1
германией,1
россией,1
налаживание,1
торгово-экономических,1
связей,1
договор,1
разрывал,1
установившуюся,1
экономическую,1
политическую,1
блокаду,1
воинственными,1
заявлениями,1
выступали,1
великий,1
князь,1
николаевич,1
генералы,1
врангель,1
краснов,1
кутепов,1
атаманы,1
донских,1
кубанских,1
терских,1
воинские,1
соединения,1
приводиться,1
боевую,1
готовность,1
описывает,1
минувшее,1
настоящее,1
будущее,1
выдавая,1
желаемое,1
действительное,1
воплотившаяся,1
литературной,1
форме,1
поквитаться,1
предателями,1
проистекают,1
великие,1
беды,1
насмешку,1
булгаковым,1
прожил,1
глубокой,1
старости,1
главная,1
пожалуй,1
увидеть,1
соединенный,1
расколовшихся,1
