Bulghakov_Kabala sviatosh_Molier_v2.txt,11472
в,325
и,302
я,256
мольер,216
не,206
на,156
что,136
вы,128
с,99
муаррон,96
—,95
бутон,93
за,92
ты,89
а,85
меня,85
лагранж,77
одноглазый,70
людовик,69
у,69
это,65
он,64
арманда,62
шаррон,61
вас,61
мне,58
мадлена,53
как,53
же,52
но,50
его,46
к,46
де,45
брат,44
так,42
вам,37
нет,37
из,36
да,36
тебя,35
пауза,31
король,30
верность,30
вот,28
все,28
от,27
мольера,27
по,27
о,26
ваше,26
господин,26
сапожник,24
мой,24
кто,24
маркиз,23
справедливый,23
дверь,23
она,23
еще,22
тебе,21
короля,20
риваль,20
него,20
мы,19
ли,19
ее,19
где,19
величество,19
дю,18
ну,18
со,18
при,17
во,17
только,17
ах,17
государь,17
может,17
шпагу,17
ему,17
круази,16
архиепископ,16
мэтр,16
здесь,16
сила,15
занавес,15
если,15
скрывается,15
зачем,15
быть,15
этого,15
чтобы,15
,14
помолись,14
шарлатан,14
моя,14
чем,14
играть,14
ничего,13
бежар,13
сегодня,13
голос,13
сударь,13
уходит,13
лет,13
ним,13
входит,13
фонарь,12
исчезает,12
появляется,12
потом,12
то,12
будет,12
под,11
лессак,11
человек,11
глаза,11
зале,11
ко,11
бы,11
мольеру,11
кафтан,11
почему,11
до,11
двери,11
кабалы,10
уже,10
актер,10
отец,10
сейчас,10
бутону,10
идет,10
один,10
сцене,10
сир,10
когда,10
их,10
благодарю,10
было,10
руки,10
шпагой,10
ведь,10
хочу,10
дверью,10
буду,10
бог,10
ни,10
башмаки,10
господа,10
был,9
театр,9
уборной,9
сцену,9
могу,9
дело,9
такой,9
потому,9
люблю,9
лагранжу,9
говорит,9
жизнь,9
мадлену,9
мной,9
требует,9
муаррона,9
орган,9
из-за,8
спектакль,8
раз,8
ренэ,8
ней,8
лагранжа,8
сидит,8
лицо,8
свечи,8
надо,8
никогда,8
уж,8
кричит,8
себе,8
вами,8
садится,8
или,8
вон,8
того,8
три,8
сердце,8
никто,8
людовика,7
для,7
франции,7
незнакомка,7
маске,7
варфоломей,7
занавеса,7
перед,7
свет,7
будто,7
сказать,7
кого,7
пошел,7
простите,7
умер,7
свой,7
целует,7
арманду,7
ваш,7
королю,7
без,7
этой,7
врачей,7
после,7
чего,7
том,7
есть,7
тартюфа,7
видеть,7
смотрит,7
лестницы,7
пистолет,7
изволите,7
сын,7
жан-батист,6
регистр,6
великий,6
члены,6
суфлер,6
придворные,6
очень,6
они,6
клавесин,6
затем,6
разрезе,6
всю,6
нас,6
над,6
пале-рояле,6
время,6
схватывает,6
тихо,6
самый,6
грех,6
несколько,6
театре,6
что-нибудь,6
какое,6
вынимает,6
больше,6
тогда,6
скажите,6
лице,6
нельзя,6
вдруг,6
стол,6
спасибо,6
открывается,6
полу,6
кабала,5
захария,5
священного,5
писания,5
монашка,5
действие,5
костюмы,5
темном,5
плаще,5
нам,5
парик,5
лица,5
одна,5
тишина,5
что-то,5
музыка,5
штаны,5
понимаю,5
сами,5
снимает,5
сцены,5
говорите,5
играет,5
клавесине,5
хорошо,5
гул,5
ей,5
угодно,5
случилось,5
слово,5
шепчет,5
ухо,5
будете,5
пожалуйста,5
ключ,5
знаешь,5
тобой,5
будешь,5
мое,5
стало,5
вижу,5
придется,5
сюда,5
между,5
кх…,5
себя,5
огни,5
давно,5
боюсь,5
париж,5
прошу,5
знать,5
дочь,5
темный,5
носом,5
имя,5
бога,5
нее,5
кресле,5
верно,5
слышал,5
руке,5
вашей,5
молчит,5
святой,5
долго,5
ночью,5
муаррону,5
понимаешь,5
вырастает,5
хор,5
господа…,5
знаменитый,4
свечей,4
слуга,4
д'орсиньи,4
королевский,4
черных,4
занавесом,4
пале-рояль,4
слова,4
столе,4
даже,4
руку,4
показывается,4
нос,4
рукой,4
зала,4
пол,4
слов,4
становится,4
легко,4
господина,4
честь,4
я…,4
роль,4
тем,4
шляпу,4
здравствует,4
стоит,4
сняв,4
закрывает,4
зал,4
тот,4
хотел,4
глядя,4
этот,4
голову,4
таком,4
виде,4
фонарем,4
э…,4
монеты,4
всего,4
тоже,4
деньги,4
глаз,4
директор,4
клавесина,4
бросается,4
улыбается,4
кланяется,4
возникает,4
хочет,4
черный,4
кто-нибудь,4
труппе,4
умоляю,4
глухо,4
большой,4
закутывается,4
плащ,4
весь,4
мир,4
значит,4
теперь,4
меня…,4
можно,4
сделать,4
дома,4
арманде,4
сударыня,4
собой,4
какой,4
остался,4
госпожу,4
голосом,4
скажи,4
верный,4
можешь,4
третий,4
знаю,4
день,4
шепотом,4
должен,4
последний,4
хочешь,4
ты…,4
спектакля,4
пишет,4
конец,4
два,4
падает,4
куда,4
придворных,4
тут,4
внезапно,4
одноглазому,4
разрешите,4
подумав,4
тюрьму,4
пространство,4
варфоломея,4
шаррону,4
тартюф,4
там,4
религию,4
больное,4
испуганно,4
стола,4
дорогу,4
записку,4
ж,4
актера,4
иди,4
дон,4
этих,4
друг,4
стене,4
службу,4
учитель,4
колпаке,4
мольером,4
про,4
бене,4
браво,4
святош,3
была,3
февраля,3
резко,3
славы,3
нужно,3
жан-жак,3
шут,3
масках,3
мушкетеры,3
париже,3
слышен,3
смеха,3
сцена,3
второй,3
первой,3
всем,3
спектакле,3
бросает,3
дверях,3
слушает,3
какие-то,3
исчезают,3
мгновение,3
левой,3
которого,3
подает,3
вбегает,3
аплодирует,3
волнуется,3
волнуясь,3
отделяющий,3
видна,3
пуста,3
поднимается,3
начинает,3
величество…,3
труппы,3
слуги,3
ваши,3
сир…,3
пропал,3
муза,3
вечер,3
крик,3
грянул,3
начинается,3
неподвижно,3
своего,3
одну,3
час,3
бутона,3
ногами,3
наконец,3
кресло,3
свеча,3
свечку,3
кладет,3
прав,3
случае,3
кричал,3
появился,3
госпожа,3
бегу,3
возьми,3
надевает,3
извольте,3
две,3
ними,3
поступить,3
полагаю,3
попрошу,3
какой-то,3
господь,3
лиможе,3
подходит,3
черт,3
правда,3
домой,3
зеленым,3
милый,3
называть,3
семнадцатое,3
разве,3
откажитесь,3
занавесами,3
вашим,3
всех,3
них,3
и…,3
вкладывает,3
обнимает,3
пойди,3
вина,3
отсюда,3
прямо,3
сколько,3
думает,3
любишь,3
завтра,3
стучат,3
мадлены,3
жди,3
открывает,3
компании,3
берет,3
знаете,3
одно,3
сне,3
восемь,3
надеюсь,3
дня,3
двадцать,3
назад,3
сидел,3
собаку,3
дом,3
пойдем,3
посоветоваться,3
привезла,3
поздно,3
поняла,3
да…,3
верю,3
пусть,3
рыцарь,3
варле,3
сказала,3
тому,3
месту,3
ставит,3
знак,3
тьме,3
крест,3
выходит,3
мальчик,3
ведет,3
мгновенно,3
карты,3
людовиком,3
лессака,3
моего,3
странном,3
хором,3
сапожника,3
лессаку,3
например,3
вошел,3
берите,3
вместе,3
из-под,3
кафтане,3
пришел,3
безбожник,3
площади,3
церкви,3
изменился,3
ест,3
подойдите,3
говорить,3
лестницу,3
твердо,3
ничем,3
пока,3
но…,3
вашего,3
моему,3
следует,3
можете,3
разрешаю,3
пьесу,3
окончен,3
оба,3
веселится,3
какая,3
женщина,3
дурак,3
сам,3
спит,3
торчат,3
хо-хо,3
мама,3
тревожно,3
негодяй,3
старуха,3
клянусь,3
нет…,3
видел,3
поворачивается,3
глазам,3
шпаги,3
вызываю,3
скважину,3
громко,3
молчание,3
хотите,3
ох,3
маски,3
черном,3
повязку,3
равно,3
донос,3
утром,3
дрянь,3
сказал,3
братья,3
прячется,3
простит,3
имеет,3
такого,3
прощаю,3
объявляю,3
архиепископа,3
высоте,3
дьявола,3
умолкает,3
ходит,3
всегда,3
слушать,3
вечную,3
здесь…,3
звонит,3
заплакал,3
жена,3
одного,3
запрещаю,3
веришь,3
шаррона,3
как-то,3
уходите,3
ужасе,3
раза,3
ответ,3
другом,3
пришла,3
бьет,3
явился,3
плаща,3
тиран,3
язык,3
э,3
крикнул,3
люстры,3
врача,3
удар,3
га-га-га,3
врач,3
эта,2
мольере,2
–,2
трагическая,2
xiv,2
названием,2
г,2
пройти,2
михаил,2
булгаков,2
a,2
поклен,2
драматург,2
актрисы,2
парижа,2
век,2
раскат,2
зеленая,2
афиша,2
гербами,2
зеркало,2
двух,2
которым,2
размеров,2
довольно,2
горит,2
множество,2
кроме,2
нем,2
шарлатана,2
-,2
слышны,2
через,2
уборную,2
шлем,2
грудь,2
грим,2
плывет,2
фу,2
прислушивается,2
глазами,2
вытирает,2
гриме,2
слышу,2
крестится,2
пречистая,2
дева,2
громадный,2
главный,2
профиль,2
лишь,2
чувствуется,2
таинственная,2
чуть,2
шарлатанское,2
этим,2
государь…,2
жизни,2
немного,2
понятно,2
ту,2
наш,2
всякий,2
твой,2
тридцать,2
су,2
комедии,2
ль,2
солнце,2
голова,2
королевское,2
играл,2
твое,2
воздух,2
ложится,2
слышно,2
огня,2
тени,2
зрительный,2
тотчас,2
который,2
появившись,2
бормочет,2
убью,2
зарезать,2
опять,2
совершенно,2
голая,2
схватывают,2
ума,2
рот,2
заглядывает,2
проворно,2
держу,2
смешные,2
смеются,2
гм…,2
ответить,2
смеется,2
боже,2
им,2
выход,2
исчез,2
согласитесь,2
срам,2
мною,2
лучше,2
прячет,2
кому,2
француз,2
происхождению,2
болван,2
профессии,2
совершил,2
это…,2
фокус,2
течение,2
все-таки,2
делаете,2
узнаю,2
загадочно,2
улыбаясь,2
клавесину,2
делает,2
такие,2
нежно,2
останется,2
стоп,2
неприятно,2
труппа,2
вашу,2
поставил,2
получили,2
право,2
мои,2
дела,2
выйти,2
сестре,2
заколю,2
убийца,2
любите,2
он…,2
взяв,2
осмотри,2
оттуда,2
принес,2
оно,2
просто,2
закрыв,2
жить,2
беспокойся,2
заплачу,2
великой,2
актрисой,2
морщин,2
много,2
послышался,2
стук,2
поэтому,2
сделаем,2
луны,2
грохот,2
мэтр…,2
костюме,2
мушкетеров,2
повязкой,2
приказал,2
место,2
которое,2
ливров,2
мешок,2
театра,2
актеров,2
д'0рсиньи,2
сказали,2
разговаривать,2
вообразите…,2
сударыня…,2
тоскливо,2
другой,2
ступай,2
берется,2
жениться,2
ком,2
твоей,2
начинают,2
гаснуть,2
любви,2
нами,2
помнишь,2
двадцати,2
которая,2
колени,2
решение,2
приду,2
тебе…,2
заискивающе,2
постарел,2
тебя…,2
пот,2
проклятый,2
тише,2
ней…,2
обязан,2
сил,2
отпускаю,2
ухожу,2
видит,2
ходить,2
понял,2
твоего,2
скоро,2
важным,2
думаю,2
трое,2
провожу,2
думать,2
приходит,2
освещается,2
светом,2
чести,2
рисую,2
застал,2
перо,2
зная,2
сестра,2
женился,2
мрак,2
ушли,2
несчастный,2
спал,2
вор,2
приемная,2
белая,2
неизвестно,2
карточным,2
столом,2
необыкновенной,2
золотые,2
валяются,2
мушкетера,2
шляпа,2
шпоры,2
мушкетер,2
спуская,2
виноват,2
краплеными,2
картами,2
точно,2
надлежит,2
ударить,2
этом,2
во-вторых,2
обругать,2
будьте,2
бросаются,2
стороны,2
голоса,2
справедливого,2
нулики,2
крестики,2
могут,2
монарх,2
рынке,2
золотом,2
герцог,2
трудно,2
посадите,2
дать,2
туда,2
уводят,2
отца,2
числе,2
странное,2
во-первых,2
царь,2
червь,2
очевидно,2
знал,2
месяца,2
антихриста,2
всей,2
толпой,2
наедине,2
полоумный,2
находите,2
сатана,2
омрачено,2
религии,2
оскорбил,2
дерзкий,2
любит,2
монаха,2
свою,2
безбожника,2
проходит,2
стул,2
мире,2
вашем,2
были,2
писатель,2
безбожником,2
пути,2
слышите,2
встает,2
ужин,2
ветер,2
смотрите,2
всемогущий,2
впечатление,2
готово,2
послала,2
верху,2
поп,2
скажем,2
записка,2
знает,2
лаешься,2
появляются,2
темные,2
протяжно,2
отдалении,2
квартира,2
моей,2
хе-хе,2
ноги,2
личность,2
усыновил,2
характер,2
аккомпанирует,2
декламирует,2
правой,2
мою,2
кровь,2
поднимает,2
платья,2
ногу,2
вздрагивает,2
девой,2
будь,2
корзину,2
замке,2
вскрикивает,2
шум,2
выбегает,2
смеете,2
опускается,2
рукоятку,2
гадина,2
сганарель,2
пале-рояля,2
уходи,2
репетировали,2
действительно,2
жуана,2
владею,2
рассмеялся,2
лгун,2
несешь,2
архиепископу,2
узнал,2
имей,2
виду,2
лжешь,2
хоть,2
овощи,2
вообще,2
сердце…,2
ногой,2
дома…,2
порочный,2
верни,2
красным,2
рукописи,2
двое,2
люди,2
вида,2
руками,2
привели,2
наклеветал,2
кормить,2
делу,2
пьян,2
мольер…,2
чей,2
пригрезился,2
известно,2
будут,2
завязывают,2
капюшон,2
одноглазого,2
квартире,2
оглядывается,2
спиной,2
вперед,2
места,2
тьмы,2
беседу,2
подвале,2
минуту,2
прежде,2
скорбим,2
хотели,2
дворе,2
чему,2
общество,2
жуан,2
сведения,2
изменившись,2
среди,2
руководствовались,2
столь,2
заседание,2
уводит,2
выходя,2
господи,2
полон,2
видели,2
та,2
зазвучал,2
исповедальню,2
тьма,2
бедная,2
больна,2
страдальчески,2
оставить,2
врачи,2
говори,2
увидишь,2
слабо,2
ад,2
лететь,2
плача,2
мощно,2
лети,2
ваша,2
исповедальни,2
крестит,2
быстро,2
понимает,2
беги,2
башмак,2
впрочем,2
вашему,2
задал,2
вопрос,2
каким,2
вздрогнул,2
слабый,2
делать,2
королевскую,2
криво,2
висит,2
несчастье,2
извините,2
беспорядок,2
кармана,2
грязный,2
умерла,2
покровительства,2
тень,2
извините…,2
заглянув,2
такое,2
яблоко,2
машинально,2
говорят,2
стерву,2
чертов,2
зловеще,2
толкнули,2
милостивый,2
королевской,2
приемной,2
распоряжение,2
пробует,2
взлетает,2
убийство,2
первого,2
ножны,2
хорошо…,2
вслед,2
плюнул,2
четвертое,2
халате,2
темная,2
клавесин…,2
судьба,2
самого,2
молчу,2
землю,2
бутон…,2
утвердительно,2
кивает,2
утра,2
головой,2
молчи,2
возле,2
об,2
кафтан…,2
бродил,2
сыщики,2
мэтра,2
молчите,2
повешены,2
золотой,2
идол,2
думал,2
ненавижу,2
мало,2
а…,2
десять,2
старая,2
дура,2
одеялом,2
кричать,2
окно,2
господином,2
распятия,2
свистки,2
состоянии,2
происходит,2
кладбище,2
свист,2
партер,2
войдите,2
положение,2
кровать,2
статуя,2
портрет,2
будке,2
стихает,2
упал,2
литавр,2
кровати,2
разваливается,2
ложи,2
помогите,2
маску,2
аргана,2
глядит,2
причиной,2
annotation,1
пьеса,1
великом,1
французском,1
комедиографе,1
жане,1
батисте,1
поклене,1
главная,1
идея,1
драматурга,1
зависимость,1
гениальнейшего,1
комедиографа,1
ничтожной,1
власти,1
напыщенного,1
пустого,1
окружающей,1
поставлена,1
мхатом,1
однако,1
критической,1
статьи,1
правде,1
внешний,1
блеск,1
фальшивое,1
содержание,1
марта,1
снят,1
успев,1
неизменном,1
аншлаге,1
семь,1
драма,1
четырех,1
действиях,1
rien,1
ne,1
manque,1
sa,1
gloire,1
ii,1
manquait,1
la,1
notre,1
нужен,1
нашей,1
фр,1
действующие,1
мариэтта,1
шарль-варле,1
прозвищу,1
актер-любовник,1
филибер,1
тушильщик,1
дуэлянт,1
кличке,1
города,1
игрок,1
клавесином,1
бродячий,1
проповедник,1
дряхлая,1
нянька,1
плащах,1
другие,1
первое,1
глухой,1
тысячи,1
людей,1
раскрывается,1
представляет,1
тяжелые,1
занавесы,1
орнаментом,1
крупно,1
комедианты,1
господина…,1
мелкие,1
кресла,1
стыке,1
уборных,1
разделены,1
громадных,1
больших,1
распятие,1
лампада,1
налево,1
сальных,1
свету,1
по-видимому,1
пожалели,1
цветными,1
стеклами,1
решительно,1
вещах,1
людях,1
печать,1
необыкновенного,1
события,1
тревоги,1
волнения,1
занятый,1
погруженный,1
думу,1
молод,1
красив,1
важен,1
таинственный,1
спиною,1
припал,1
щели,1
занавесе,1
спине,1
видно,1
зрелище,1
вызывает,1
чувство,1
жадного,1
любопытства,1
рожа,1
торчит,1
приложил,1
уху,1
взрывы,1
финальный,1
хохота,1
схватывается,1
веревки,1
звуки,1
разреза,1
ступенькам,1
сбегает,1
вниз,1
скромно,1
преувеличенный,1
карикатурный,1
руках,1
палаш,1
загримирован,1
сганарелем,1
лиловый,1
бородавкой,1
смешон,1
держится,1
неладно,1
сердцем,1
сбрасывая,1
переводя,1
дух,1
воды,1
стакан,1
пьет,1
испуганными,1
распахивается,1
загримированный,1
полишинелем,1
опрокинуты,1
полотенце,1
лоб,1
скорее,1
раскрывай,1
опускает,1
сначала,1
зрительного,1
приподнята,1
уборными,1
ярко,1
сияют,1
восковые,1
люстрах,1
крайняя,1
золоченая,1
ложа,1
насторожившаяся,1
синь,1
затемненного,1
моментально,1
видим,1
кошачьей,1
походкой,1
рампе,1
подкрадывается,1
сгибает,1
шею,1
перьями,1
шляпы,1
метет,1
появлении,1
невидимый,1
зрительном,1
аплодировать,1
громовые,1
рукоплескания,1
ваше…,1
светлейший,1
первые,1
произносит,1
чуть-чуть,1
заикаясь,1
заикается,1
речь,1
выравнивается,1
первых,1
первоклассен,1
богатство,1
интонаций,1
гримас,1
движений,1
неисчерпаемо,1
улыбка,1
заражает,1
актеры,1
всевернейшие,1
всеподданнейшие,1
поручили,1
благодарить,1
неслыханную,1
которую,1
оказали,1
посетив,1
театр…,1
порхнул,1
легкий,1
смешок,1
лукавая,1
талия,1
услышав,1
свечах,1
надеваю,1
сганареля,1
поклонившись,1
чину,1
пониже,1
платит,1
партнер,1
забавы,1
околесину,1
часто,1
несу,1
прошел,1
смех,1
помощь,1
спеши,1
интермедии,1
смешить,1
аплодисмент,1
придумал,1
завистью,1
сочинил,1
высокомерно,1
экспромт,1
мыслимо,1
сделаешь,1
мольер(резко,1
меняет,1
интонацию,1
несете,1
бремя,1
комедиант,1
ничтожная,1
славен,1
повышает,1
французский,1
невообразимое,1
рев,1
пламя,1
машут,1
шляпами,1
кричат,1
реве,1
прорываются,1
ломаные,1
сигналы,1
гвардейских,1
труб,1
овация,1
кончается,1
настает,1
всепослушнейшие,1
просят,1
посмотреть,1
смешную,1
интермедию,1
надоели,1
удовольствием,1
отделяет,1
купил,1
зарежу,1
триумфа,1
глотку,1
душат,1
королевском,1
шевельнулся,1
застыл,1
вбегают,1
почти,1
переодевалась,1
обе,1
оттаскивая,1
причем,1
лягает,1
отрывают,1
куском,1
бутонова,1
кафтана,1
удается,1
повалить,1
сошли,1
пустите,1
зажимает,1
потрясенный,1
ощупывает,1
разорванный,1
превосходно,1
сделано,1
негодяй…,1
мучителя,1
сорок,1
играли,1
порядке,1
короле,1
повалилась,1
люстре,1
воском,1
каплет,1
паркет,1
выделывали,1
коленца,1
палашом,1
повалили,1
врешь,1
бездельник,1
плачет,1
задели,1
удивлен…,1
воспитанный,1
заметил,1
никакой,1
свечки,1
повалил,1
затрудняюсь,1
кажется,1
разорвал,1
судорожно,1
каком,1
закрывшись,1
улетает,1
выход…,1
убегает,1
одни,1
штанов,1
кружевными,1
канонами,1
верхом,1
безвкусицы,1
соединить,1
чудный,1
этими,1
гнусными,1
штанами,1
глянуть,1
кармане,1
обнаружены,1
серебряные,1
незначительного,1
достоинства,1
прикажете,1
самом,1
деле,1
мошенник,1
сдать,1
музей,1
поправляет,1
сдам,1
снимать,1
нагар,1
вооружается,1
свечными,1
щипцами,1
пялить,1
воспитан,1
артист,1
грубиян,1
характеру,1
послал,1
откровенность,1
второго,1
разряда,1
партерной,1
публике,1
понравится,1
выпущу,1
антракте,1
недели,1
секрет,1
возьмите,1
аккордов,1
тихонько,1
табуретку,1
некотором,1
расстоянии,1
движения,1
воздухе,1
клавиши,1
вжимаются,1
стараясь,1
поймать,1
невидимые,1
нити,1
получайте,1
задаток,1
где-то,1
пружина,1
ночь,1
конечно,1
тащить,1
выглянул,1
книгой,1
немедленно,1
исчезновением,1
доносится,1
портьера,1
ведущая,1
отодвигается,1
черты,1
прелестны,1
напоминают,1
маддену,1
семнадцать,1
проскользнуть,1
мимо,1
притаились,1
мышь,1
глядела,1
спешу,1
успеете,1
называете,1
прозвище,1
вся,1
уважает,1
летопись,1
перестану,1
жду,1
крестик,1
регистре,1
нехороший,1
отмечен,1
вмешиваться,1
злые,1
языки,1
выходите,1
влюблены,1
слышна,1
нравитесь,1
пропустите,1
имеете,1
права,1
молоды,1
взываю,1
лучшим,1
чувствам,1
помутился,1
ум,1
честное,1
сплетня,1
слышала,1
вздор,1
роман,1
попытку,1
отстранить,1
сумасшедший,1
гонит,1
несчастью,1
девочка,1
связи,1
идите,1
пройдя,1
насильник,1
угрожали,1
противны,1
спасти,1
чудовищно,1
чудовищно…,1
ополчился,1
партере,1
буфетчице,1
принеси,1
графин,1
чертям,1
куда-нибудь,1
начинать,1
э-хе-хе…,1
конные,1
гвардейцы,1
спрашивали,1
целуй,1
повисает,1
шее,1
подлезешь,1
девочка…,1
страшно,1
решился,1
подводит,1
распятию,1
поклянись,1
люблю…,1
обманываешь,1
видишь,1
появились,1
морщины,1
начинаю,1
седеть,1
окружен,1
врагами,1
позор,1
убьет,1
создам,1
станешь,1
мечтанье,1
помни,1
сдержишь,1
клятву,1
отнимешь,1
твоем,1
смел,1
велик,1
жан…,1
батист…,1
торжественно,1
обвенчаемся,1
перенести,1
этого…,1
далекий,1
рукоплесканий,1
повторяется,1
встретиться,1
погаснет,1
приходи,1
боковой,1
саду,1
проведу,1
превращается,1
вопит,1
входят,1
косой,1
черной,1
покорнейший,1
вручить,1
плату,1
подушке,1
ввиду,1
трудились,1
сверх,1
программы,1
передать,1
доплату,1
биле,1
стихотворение,1
сочинили,1
прочитали,1
пять,1
тысяч,1
пятьсот,1
остальное,1
раздели,1
поровну,1
актерами,1
раздай,1
имени,1
вдали,1
полетел,1
победоносный,1
гвардейский,1
марш,1
уезжает.(убегает,1
счастлив,1
случай…,1
дал,1
возможность…,1
капитан,1
приседая,1
фехтовальщик,1
каждого,1
заколоть,1
сомнения,1
играете,1
началось,1
легкомысленный,1
удивлением,1
кружева,1
штанах,1
почтеннейший,1
привычка,1
самим,1
именно,1
разговаривал,1
ей-богу,1
курьез,1
помолись…,1
втираясь,1
…дико,1
лучших,1
лечили,1
помогли,1
сделали,1
кровопусканий,1
лег,1
неподвижен,1
ежеминутно,1
приобщаясь,1
святых,1
тайн,1
оригинал,1
любезнейший,1
льщу,1
тушилыцик,1
укором,1
милейший,1
как-нибудь,1
наслаждением,1
прослушаю,1
орали,1
имею,1
кланяться,1
догонять,1
лучшего,1
свидания,1
провожая,1
ждать,1
попроси,1
гаси,1
переодевается,1
разгримированная,1
важное,1
мертвым,1
шутишь,1
связаны,1
прочнейшей,1
дружбой,1
товарищ,1
тюрьме,1
приносил,1
пищу,1
ухаживал,1
стерегла,1
выгонит,1
выгнать,1
страшный,1
терзай,1
страсть,1
охватила,1
подползает,1
же…,1
измени,1
свое,1
разговора,1
зажжешь,1
почитаешь,1
акт,1
по-моему,1
вещь,1
гениальная,1
понадобится,1
кем,1
посоветуешься,1
девчонка…,1
висок,1
седой…,1
грелку,1
устрою…,1
вообрази,1
горит…,1
камин,1
зажжем,1
славно,1
если…,1
можешь…,1
посмотри,1
риваль…,1
плоха,1
тело,1
скажу…,1
одумайся,1
говоришь,1
какую,1
берешь,1
поднимаясь,1
исступлении,1
борюсь,1
жаль,1
лишишь,1
дружбы,1
подходи,1
мстишь,1
устала…,1
церковь,1
непреклонна,1
даст,1
пенсию,1
заслужила,1
горе,1
уляжется,1
вернешь,1
расположение,1
видеться,1
должна,1
всюду,1
погасли,1
зажигает,1
доведу,1
позволь,1
минут,1
посидеть,1
уйду,1
уйди,1
прощай,1
лампады,1
сквозь,1
фонаря,1
хватило,1
сознаться,1
несчастна,1
одному,1
тайну,1
горжусь,1
доверием,1
пытался,1
остановить,1
удалось,1
узнает,1
пойдемте,1
покинула,1
прощайте,1
продолжайте,1
обход,1
вначале,1
раскрывает,1
книги,1
лилию,1
мучениях,1
покинула…,1
причина,1
ужасное,1
событие,1
госпожи,1
писать,1
ужаса,1
ставлю,1
потомков,1
догадается,1
семнадцатому,1
некоторое,1
щелях,1
музыкальный,1
звон,1
замках,1
крышка,1
приподымается,1
воровски,1
оглядываясь,1
мальчишка,1
пятнадцати,1
необыкновенно,1
красивым,1
порочным,1
измученным,1
лицом,1
оборван,1
грязен,1
чтоб,1
черти,1
унесли,1
дьяволы,1
черти…,1
хнычет,1
грязный…,1
дня…,1
сплю…,1
всхлипывает,1
засыпает,1
фонарика,1
крадучись,1
взвизгивает,1
просыпается,1
ужас,1
трясется,1
грозно,1
сознавайся,1
колите,1
муаррон…,1
расхохотавшись,1
окаянный,1
второе,1
огней,1
повсюду,1
лестница,1
уходящая,1
толпа,1
одетых,1
пышностью,1
следит,1
лессаком,1
груда,1
золота,1
ковре,1
течет,1
остальные,1
стоят,1
шляп,1
людовике,1
костюм,1
белого,1
лихо,1
заломленная,1
пером,1
груди,1
орденский,1
меч,1
креслом,1
игру,1
мушкетом,1
валета,1
крапленые,1
оцепенели,1
пришли,1
обнищание,1
имения…,1
правилам,1
физиономии,1
подсвечником,1
во-первых…,1
неприятное,1
правило,1
берясь,1
канделябр,1
подсвечнике,1
фунтов,1
пятнадцать…,1
легкие,1
ставить,1
затрудняйтесь,1
говорите…,1
взорвало,1
отлично,1
любезны,1
пошлите,1
разные,1
делается,1
ногтем,1
дамах,1
любопытством,1
валетах,1
косые,1
чрезвычайно,1
любопытно,1
закон,1
эти,1
действия,1
отрицательно,1
участливо,1
посадить,1
справедливы,1
шумом,1
иду,1
лечу,1
здравствуйте,1
произошло,1
сел,1
подавлен,1
спятил,1
игре,1
листика,1
морду,1
бьют,1
отделал,1
яблочко,1
возьму,1
выигрыш,1
набивает,1
карманы,1
расстроен,1
смеетесь,1
маркиза,1
месяц,1
колоду,1
карт,1
рисует,1
отправить,1
имение,1
деньгами,1
приведите,1
порядок,1
садитесь,1
предчувствие,1
повезет,1
следующий,1
стража,1
вылетай,1
дворца,1
к-каналья,1
камердинеры,1
засуетились,1
словно,1
земли,1
одним,1
прибором,1
возник,1
камина,1
представить,1
бродячего,1
проповедника,1
начиная,1
моих,1
подданных,1
бродячих,1
представьте,1
слышится,1
пение,1
босой,1
лохмат,1
подпоясан,1
веревкой,1
безумные,1
приплясывая,1
поет,1
полоумны,1
христе,1
удивлены,1
постная,1
физиономия,1
длинным,1
выделяется,1
толпы,1
прокрадывается,1
жуткий,1
славнейший,1
мира,1
сообщить,1
государстве,1
антихрист,1
лицах,1
отупение,1
ядовитый,1
грызущий,1
подножие,1
трона,1
носит,1
сожги,1
богомерзким,1
творением,1
верных,1
сынов,1
слове,1
схватился,1
требуют,1
помешался,1
страдаю,1
движение,1
интимно,1
отступают,1
отступает,1
шарроном,1
истинного,1
служителя,1
опасным,1
гм,1
разделяете,1
мнение,1
разделяю,1
выслушайте,1
безоблачное,1
победоносное,1
царствование,1
любить…,1
подняв,1
земле,1
никого,1
пределов,1
мощи,1
почиет,1
твоим,1
государством,1
блаженным,1
варфоломеем,1
заступись,1
талантлив,1
заступлюсь…,1
понизив,1
попробую,1
исправить,1
служить,1
славе,1
царствования,1
совершит,1
дерзость,1
накажу,1
блаженный,1
выпустите,1
внушите,1
разговаривая,1
королем,1
произносить,1
благословит,1
опустит,1
карающую,1
величества,1
пригласить,1
издали,1
людовику,1
величайшем,1
внимании,1
серое,1
ужинаю,1
претензии,1
прибор,1
бледнея,1
принять,1
увольте,1
краешек,1
относитесь,1
цыпленку,1
любимое,1
блюдо,1
умоляюще,1
встать,1
кушайте,1
поживает,1
крестник,1
великому,1
горю,1
ребенок,1
живут,1
дети,1
унывать,1
случая,1
ужинал,1
беспокоюсь,1
франция,1
цыпленка,1
беспокоится,1
подарит,1
ближайшее,1
талантливое,1
может…,1
послужить…,1
остро,1
пишете,1
темы,1
которых,1
касаться,1
осторожностью,1
тартюфе,1
неосторожны,1
духовных,1
лиц,1
уважать,1
помилуйте…,1
веря,1
дальнейшем,1
творчество,1
пойдет,1
правильному,1
состояние,1
волнении,1
стелить,1
постель,1
канделябра,1
впереди,1
подул,1
расступаются,1
монотонно,1
поднявшись,1
пустоту,1
тронете,1
наверху,1
загремели,1
трубы,1
разрешен,1
остаются,1
черны,1
исправит,1
вооружи,1
поведи,1
стопам,1
настиг,1
упадет,1
полоумного,1
прислали,1
поверил,1
произведет,1
государя,1
произнесет,1
нашли,1
женщину,1
привезет,1
поедет,1
женщиной,1
уверены,1
одиночестве,1
ловил,1
поймал…,1
тюрьмы,1
истинный,1
помо…,1
парке,1
встретил,1
сама,1
читая,1
изучая,1
легкого,1
поведения,1
записки,1
сложена,1
узнаешь,1
задумчиво,1
дверей,1
видения,1
подземелье,1
таинственно,1
усну,1
карточный,1
портьеру,1
чудовищные,1
дворец,1
расплывается,1
темноте,1
исчезает…,1
открыт,1
пышно,1
разодетый,1
красивый,1
кончил,1
маменька,1
скажете,1
поводу,1
игры,1
просила,1
маменькой,1
сидя,1
титул,1
забудем,1
покрылся,1
пылью,1
забвения,1
ныне,1
коему,1
рукоплещет,1
советую,1
забывать,1
обязаны,1
мужу,1
вытащил,1
грязное,1
менее,1
грязные,1
пристойная,1
ревнив,1
характера,1
ужасного,1
поздравить,1
мужа,1
изумительного,1
наглеца,1
нагловат,1
правильно…,1
равного,1
излишне,1
накликающий,1
беду,1
нахал,1
говорить…,1
знаменитая,1
актриса,1
психея,1
весной,1
лесах…,1
летает,1
бог…,1
отодвинься,1
строен,1
стан…,1
амур-герой,1
несет,1
колчан…,1
грозит,1
стрелой…,1
бойся,1
богиня,1
венера,1
любовь,1
прильни,1
любовник,1
вспени,1
край,1
кухне,1
другое,1
колено,1
комнату,1
пречистой,1
пройдем,1
опасный,1
неладен,1
откопали,1
идем…,1
пойду,1
муарроном,1
закрываешь,1
погубишь,1
корзиной,1
овощей,1
хвосты,1
моркови,1
странно,1
крадется,1
разбойник,1
чем…,1
знаю…,1
небесный,1
вставив,1
трость,1
недоуменно,1
устремляется,1
держит,1
мерзавец,1
задыхаясь,1
опомнись,1
заглянул,1
погрозил,1
кулаком,1
ел,1
хлеб,1
обесчестил,1
смели,1
берегитесь,1
брось,1
безумный,1
бесчестный,1
бродяга,1
отогрел,1
ввергну,1
пучину,1
ярмарках,1
сегодняшнего,1
числа,1
служишь,1
гоните,1
усыновленный,1
отчаянно,1
теряясь,1
померещилось,1
психею…,1
текста,1
знаете…,1
разбиваете,1
ткну,1
высокой,1
мере,1
интересно,1
раскайтесь,1
безумии,1
тайной,1
забыли,1
смерти…,1
молится…,1
презренный,1
желторотый,1
отправляюсь,1
измене,1
твоих,1
могло,1
смягчиться,1
жалкий,1
хватает,1
стены,1
трясет,1
замочную,1
уличная,1
зарыдала,1
чулках,1
сводник,1
сударь…,1
налгать,1
произнес,1
снял,1
ибо…,1
гвозди,1
подкованные,1
прокляты…,1
громыхал,1
заперли,1
участвуют,1
базара,1
ударяет,1
корзине,1
арманда…,1
скамеечку,1
потерпи,1
освобожу,1
умирать,1
одиночестве…,1
заплаканная,1
поклясться,1
шмыгая,1
уживаться,1
наделал,1
скандал,1
выгнал,1
ужасный,1
змееныш…,1
отчаяния,1
начнет,1
шляться,1
парижу,1
ударил…,1
походит,1
верну,1
третье,1
каменный,1
подвал,1
освещенный,1
трехсвечной,1
люстрой,1
покрытый,1
сукном,1
книга,1
сидят,1
отдельно,1
жуткого,1
вводят,1
связанными,1
глазах,1
развязывают,1
снимают,1
повторяй,1
собрании,1
честных,1
братьев,1
немой,1
архиепископ…,1
неясно,1
расслышал,1
пожалуй,1
похоже,1
отвечай,1
грациозная,1
прискорбием,1
врать,1
вредно,1
дорогой,1
сесть,1
красавчик,1
клопов,1
ход,1
дадим,1
хрипло,1
клеветал,1
тяни,1
жилы,1
рассказывай,1
эй,1
выходят,1
более,1
неприятного,1
те,1
которые,1
красивые,1
бывают,1
красивее,1
заплечным,1
мастерам,1
принесите,1
испанский,1
сапожок,1
мальчишкой,1
занесло,1
внутренней,1
клавиатуре,1
самоиграющий,1
ну-с,1
клавесине…,1
забыл,1
вам…,1
останавливаться,1
сестре…,1
бежар…,1
дочери…,1
другу,1
честно,1
исполнил,1
долг,1
терзайся,1
подданный,1
считать,1
донести,1
преступлении,1
малый,1
первоначально,1
понравился,1
добрый,1
католик,1
проведешь,1
помещении,1
относиться,1
поедешь,1
связывают,1
посторонний,1
брата,1
надвигает,1
полутьме,1
открывать,1
завязаны,1
платком,1
очаровательница,1
снять,1
могли,1
положиться,1
пахнет,1
сыростью,1
ступенька,1
так…,1
снимайте,1
выхватывает,1
обнаруживает,1
жизненный,1
опыт,1
некоторых,1
плащами,1
кончики,1
шпаг,1
убить,1
предупреждаю,1
трех,1
вынесут,1
ямы,1
заманившая,1
ловушку,1
вовсе,1
фи,1
даме…,1
просим,1
успокоиться,1
нападать,1
спрячьте,1
дырявый,1
портит,1
нахожусь,1
требую,1
выпустить,1
любую,1
откроют,1
заманивать,1
заговор,1
пламенные,1
обожатели,1
находитесь,1
тайном,1
заседании,1
ба,1
верил,1
существует,1
понадобился,1
присаживайтесь,1
скорбят,1
изложите,1
предупредить,1
ошибка,1
зовут,1
несравненное,1
искусство,1
шепчутся,1
хлопнув,1
столу,1
фамилию,1
перекрестились,1
двор,1
потеряю,1
терпение,1
гнуснейшую,1
некоего,1
жана-батиста,1
хожу,1
пьесе,1
комедиант-безбожник,1
насмеялся,1
религией,1
служителями,1
негодник,1
ненавидя,1
высшее,1
надругался,1
отношение,1
балаган,1
точные,1
борзописец,1
вывел,1
качества,1
героя,1
спрятав,1
растлитель,1
женщин,1
рукопись,1
ознакомиться,1
материалом,1
неинтересно,1
присутствующих,1
считает,1
основания,1
вывести,1
пакостном,1
членов,1
полное,1
отрицание,1
имеется,1
итак,1
какими,1
побуждениями,1
пригласив,1
странным,1
способом,1
тайное,1
круга,1
понимаете,1
неприятно…,1
вполне,1
многоуважаемый,1
полагаемся,1
сказанное,1
никому,1
тревожили,1
беспокойтесь,1
дама,1
хмуро,1
приношу,1
свои,1
извинения,1
отвезу,1
встретились,1
дозволите,1
завязать,1
почтенное,1
заседаний,1
необходимо…,1
закрывается,1
снимая,1
закрытым,1
помолимся,1
встают,1
поют,1
laudamus,1
tibi,1
domine,1
ex,1
aetemae,1
gloriae,1
начало,1
молитвы,1
хвалим,1
царю,1
вечной,1
лат,1
…необъятный,1
собор,1
ладаном,1
туманом,1
тьмой,1
бродят,1
огоньки,1
маленькая,1
исповедальня,1
проходят,1
фигуры,1
хриплый,1
шепот,1
ведут,1
седая,1
больная,1
преданный,1
подождем,1
постучав,1
закутываются,1
черные,1
плащи,1
садятся,1
скамью,1
поглощает,1
исповедальне,1
умолк,1
самых,1
набожных,1
дочерей,1
собора,1
сердцу,1
милы,1
решил,1
исповедовать,1
грешнице,1
благословляя,1
накрывает,1
покрывалом,1
больны,1
оставит,1
сгнила,1
спасаешься,1
молюсь,1
вознесет,1
полюбит,1
забудет,1
грешна,1
грешила,1
блудницей,1
лгала,1
прельщала,1
какой-нибудь,1
особенно,1
тяжкий,1
помню,1
печально,1
безумны,1
придешь,1
раскаленным,1
гвоздем,1
вынет,1
значение,1
подумала,1
испугалась,1
превращаясь,1
костры,1
ними…,1
…ходит,1
часовой…,1
…и,1
шепчет…,1
оставила,1
принесла,1
заломлю,1
богу,1
закричу,1
услышит,1
обвиснешь,1
цепях,1
погрузишь,1
костер…,1
понять,1
пойму,1
умру,1
свечами,1
прошла,1
процессия,1
спели,1
детские,1
исчезло,1
шарит,1
страстно,1
жила,1
двумя,1
прижила,1
терзалась,1
чья,1
она…,1
бедная…,1
родила,1
провинции,1
выросла,1
выдала,1
сестру,1
обуреваемый,1
страстью,1
сошелся,1
несчастным,1
смертный,1
поверг,1
властью,1
данною,1
развязываю,1
восторга,1
запел,1
счастливыми,1
слезами,1
замолк,1
позовите,1
прощу,1
невольный,1
посажу,1
карету,1
вернусь,1
страшен,1
рогатой,1
митре,1
обратным,1
дьявольским,1
крестом,1
загудел,1
ужасается,1
сестра…,1
твоя,1
мать,1
вскрикнув,1
навзничь,1
остается,1
неподвижной,1
пороге,1
гудит,1
успокоительно,1
возвращается,1
полумраке,1
дурно,1
…день,1
измученный,1
чинит,1
предсмертной,1
исповеди,1
подтвердила,1
счел,1
нужным,1
допрашивать,1
раздувать,1
гнусное,1
следствие,1
прекратил,1
запятнал,1
преступлением,1
судить,1
величеству,1
поступили,1
правильно,1
считаю,1
выясненным,1
вызовите,1
директора,1
снимите,1
караулы,1
комнат,1
пришлите,1
видимо,1
королевство,1
доносов,1
существовать,1
помалкивай,1
чини,1
доносчиков,1
любить,1
такая,1
сволочь,1
затравленные,1
запуган,1
вид,1
раздеваясь,1
близко,1
впервые,1
производит,1
большое,1
вежливо,1
сидели,1
актерскому,1
искусству,1
учил,1
побуждением,1
писали,1
написано,1
желая,1
помочь,1
правосудию,1
механически,1
желая…,1
ударил,1
лицу,1
изменяла,1
обязательно,1
сообщать,1
допросе,1
интимным,1
причинам,1
года,1
благоприятное,1
известие,1
подтвержден,1
следствием,1
вознаграждение,1
получить,1
денег,1
позвольте,1
бургонский,1
наивно,1
марэ,1
сомнительная,1
профессия,1
запятнанный,1
желаете,1
примут,1
сыскную,1
полицию,1
подайте,1
заявление,1
удовлетворено,1
идти,1
осину,1
осину…,1
скрылся,1
других,1
вводит,1
воротник,1
надет,1
беспорядке,1
свинцовое,1
трясутся,1
шпага,1
спутником,1
явились,1
пригласили,1
ученик,1
лагранж…,1
проводил,1
случился,1
сердечный,1
припадок,1
дойти,1
мог…,1
прогневил,1
ли…,1
случилось…,1
туалете,1
скончалась,1
вчера,1
бежала,1
дому…,1
бросила…,1
комод…,1
кольца…,1
безумную,1
оставила…,1
лоскут,1
оказался,1
хулитель,1
ваших,1
произведениях,1
преступник,1
замер,1
женитьбе,1
появляться,1
голоду,1
более…,1
бойтесь,1
напомнить,1
лишаю,1
бедствие…,1
хуже,1
плахи…,1
скандальной,1
свадьбы,1
брошенную,1
опускаясь,1
подняться…,1
уезжайте,1
прием,1
карету…,1
отвези…,1
позови…,1
сочувственно,1
скрутило…,1
останавливается,1
удовлетворенно,1
мерцают,1
оживать,1
лежал,1
грудью,1
приподнимается,1
заблестели,1
довольны,1
ополчились,1
догадливы,1
преподобный,1
спору,1
приятели,1
описали,1
какую-нибудь,1
изобразил,1
взять,1
лучшую,1
скорблю,1
этому,1
наверное,1
виселице,1
называйте,1
сыном,1
мерцая,1
виселицы,1
дойдете,1
тростью,1
молча,1
наступает,1
извинились,1
невежа,1
напряженно,1
сию,1
нездоров,1
здоров,1
фамилия,1
прохвост,1
ах…,1
оскорбляю,1
зловеще-весело,1
суди,1
принимай,1
сырая,1
бастилия,1
свидетелем,1
отдайте,1
насчет,1
имущества,1
распоряжений,1
негромко,1
опомнитесь,1
поединок,1
прямое,1
режутся,1
шиворот,1
отмахиваясь,1
вскакивает,1
бросайте,1
колоть,1
человека,1
колю,1
подлый,1
трус,1
оскорбляйте,1
бейте,1
чего-то,1
бросила,1
бриллиантовые,1
кольца,1
валяются…,1
белья,1
взяла…,1
беда…,1
постигаю,1
бросились,1
видел-то,1
приносили,1
болен…,1
трогайте…,1
равно…,1
срывается,1
увлекает,1
сходит,1
горящими,1
кололи,1
бросил,1
тьфу,1
оторопел,1
открылась,1
влетел,1
взволнованный,1
ссорящиеся,1
увлеклись,1
сразу,1
перестали,1
плевать,1
четверо,1
тупо,1
смотрели,1
друга,1
помешал,1
канделябрах,1
таинственные,1
стенах,1
разбросаны,1
белье,1
громадном,1
вино,1
которому,1
времени,1
прикладывается,1
взад,1
ноет,1
напевает,1
рыцарская,1
у…,1
перестань,1
похитила,1
истинная,1
торговал,1
пирожками…,1
пирожков,1
покупает,1
конечно…,1
стать,1
актером,1
попал…,1
помолчи,1
горькая,1
скрип,1
грязной,1
куртке,1
потерт,1
небрит,1
полупьян,1
сидящие,1
прикладывают,1
козырьком,1
узнали,1
стреляет,1
попадает,1
потолок,1
ничуть,1
удивившись,1
вяло,1
посмотрел,1
попала,1
пуля,1
хватаясь,1
попало,1
разбивает,1
кувшин,1
валит,1
душить,1
казни,1
казни…,1
рыча,1
иуда,1
вдвоем,1
бутоном,1
оттаскивают,1
уморишь,1
стрельбой,1
шумом…,1
учинить,1
тварь,1
смерти,1
пожаловал,1
сынок,1
преступление,1
раскрыто,1
выудить,1
моем,1
доме,1
напишешь,1
подозреваешь,1
фальшивомонетчик,1
шкафы,1
комоды,1
вторично,1
поклонов,1
требуется,1
уважаемый,1
предрагоценный,1
думаете,1
просить,1
прощения,1
успокоить,1
позже,1
полуночи,1
повешусь,1
окнами,1
вследствие,1
продолжаться,1
веревка,1
веревку,1
горько,1
успокоил,1
глотнув,1
труднейший,1
случай,1
философ,1
сказал…,1
побыть,1
взгляну,1
взглянуть,1
ушла,1
навеки,1
необузданный,1
сперва,1
совершить,1
умудрившись,1
возвращаю,1
входи,1
раскрыв,1
тряпка,1
которой,1
моют,1
полы,1
щенок,1
рассуждай,1
вставай,1
протирай,1
поднялся,1
кабаке,1
заложил,1
махнул,1
ворчит,1
свинство,1
атласные,1
кафтаны,1
кабаках,1
оставлять,1
выкупить,1
забрел,1
бия,1
сыщики…,1
плохой,1
актер…,1
человеческое,1
куманек,1
ошибся,1
ранга,1
годишься,1
неподходящее,1
одном,1
сожалею,1
спустили,1
одноглазую,1
лишил,1
зарежут,1
бежать,1
жив,1
удастся,1
верьте,1
высунув,1
поразительно,1
владеешь,1
гнусная,1
подойдешь,1
купи,1
панихиду,1
соборе,1
сзади,1
неотлучно,1
рядом,1
улице,1
днем,1
сыщик,1
заткни,1
кружевом,1
оскорбляй,1
оскорблять,1
трогать,1
пятном,1
бросайся,1
убьешь,1
повесят,1
беззащитного,1
заколет,1
значительно,1
поумнел,1
тех,1
пор,1
дому,1
признали,1
кабалы…,1
закона,1
нету,1
постучали,1
бери,1
идем,1
караулить,1
берут,1
оружие,1
уходят,1
тиран…,1
франции…,1
великого,1
кончено,1
страху,1
изумрудные,1
покрылись,1
холодным,1
поплыло,1
косяком,1
боком,1
соображаю,1
давит,1
рядышком,1
висите,1
наискосок,1
безвинно,1
погибший,1
царстве,1
небесном,1
местности,1
лизал,1
раздави,1
раздавил,1
барабан,1
высунул,1
вовремя,1
висеть,1
пояса,1
спрашиваю,1
понимаю…,1
говорю,1
поступки,1
протестую,1
оскорблен,1
объяснить…,1
извольте…,1
льстил,1
ползал,1
найдете,1
другого,1
блюдолиза,1
унижался,1
найти,1
союзника,1
нашел,1
унижайся,1
тиранию,1
памятник,1
поставят,1
девушка,1
фонтана,1
изо,1
рта,1
струя,1
выдающаяся,1
замолчите…,1
отсох…,1
губите,1
доказать,1
мыслю,1
протестую…,1
попросите,1
умерла…,1
правды,1
учила,1
била,1
зажжем…,1
тоскует,1
свечи-то,1
горят,1
разорвал…,1
луидор,1
плаксиво,1
кликну,1
кого-нибудь…,1
вы…,1
укладывай,1
сыграю,1
побежим,1
англию,1
глупо,1
море,1
дует,1
чужой,1
англии,1
что…,1
старухи,1
стирать,1
театральные,1
напугала,1
концу,1
велели,1
велел,1
какие,1
покажи-ка,1
paзорвал,1
ложитесь,1
ради,1
забирается,1
одеяло,1
сделай,1
говорил,1
применим,1
хитрость,1
неестественно,1
фальшиво,1
продолжая,1
лучший,1
блестящий,1
возражений,1
присоединяюсь,1
мнению,1
бездарность,1
фальшивым,1
кричу,1
высовывает,1
одеяла,1
осторожно,1
окне,1
встревоженный,1
непременно,1
должно,1
случиться,1
беседовал,1
бездарный,1
…уборная,1
по-прежнему,1
лампадка,1
зеленый,1
карикатурным,1
возбужден,1
костюмах,1
грима,1
карикатурные,1
начале,1
шпагой…,1
обращаться,1
директору,1
актерам,1
хозяин,1
последнем,1
ударили,1
царство,1
небесное,1
сделаешь…,1
подчеркнуто,1
ворвались,1
убили,1
привратника,1
секретарь,1
заявляю,1
безбилетными,1
мушкетерами,1
неизвестными,1
личностями,1
бессилен,1
сдерживать,1
продолжать,1
запрещает,1
забывай,1
сравнении,1
мальчуган,1
седой,1
пил,1
капли,1
…пошел,1
эту,1
фразу,1
привык,1
коленопреклоненно,1
доигрывайте,1
бегите,1
карета,1
готова,1
взял,1
болтун,1
раздражают,1
гоняются,1
вышло,1
хоронить,1
ограде,1
околею,1
оградой,1
знайте,1
нуждаюсь,1
плюю,1
травите,1
враги,1
побойтесь,1
мы…,1
масленица,1
били,1
утихнув,1
оскалив,1
зубы,1
обняв,1
звать,1
выглянув,1
робко,1
тронуть,1
оригинальном,1
обыкновению,1
полуобнажена,1
голове,1
очки,1
колесами,1
затягивать,1
антракт,1
играть…,1
вылезая,1
молодец,1
храбрая,1
поцелую,1
начать,1
доиграть,1
двенадцать,1
играешь,1
одетой,1
мутно,1
нелепо,1
двинул,1
дураки,1
позволил,1
грубость,1
вырвалось,1
взволнован,1
круази…,1
сердимся,1
последней,1
фразы,1
спустим,1
люк,1
спрячем,1
рассвете,1
покинете,1
согласны,1
начинаем,1
согласен,1
давайте,1
последнюю,1
картину,1
скрываются,1
халат,1
громадная,1
столик,1
колокольчиком,1
загорожены,1
зелеными,1
экранами,1
ночной,1
уютный,1
загораются,1
главным,1
шумит,1
изредка,1
взмывают,1
зловещие,1
легкостью,1
укладывается,1
накрывается,1
суфлеру,1
давай,1
раздается,1
гонга,1
веселая,1
захрапел,1
шорохом,1
переполнен,1
крайней,1
золоченой,1
ложе,1
громоздятся,1
смутные,1
музыке,1
громовой,1
невероятным,1
дьявол,1
спальне,1
потрудитесь,1
кричите,1
нахально,1
терапевт,1
пургон,1
пологом,1
разрывается,1
высовывается,1
пьяная,1
харя,1
докторских,1
очках,1
портрету,1
рад…,1
пьяным,1
басом,1
коллегии,1
венерологов,1
депутат,1
мерещится,1
вылетает,1
дикий,1
инцидент,1
медицинских,1
факультетов,1
бессменный,1
президент,1
чудовище,1
неимоверного,1
роста,1
длиной,1
ярус,1
сошел,1
подушки,1
взрываются,1
изголовье,1
диафуарус,1
незабвенный,1
фома,1
дальний,1
аптекарей,1
смешных,1
странных,1
честью,1
поздняя,1
пора…,1
приехали,1
известьем,1
возводят,1
доктора,1
спасает,1
желудок,1
ревень,1
пригоршней,1
новус,1
доктор,1
дигнус,1
эст,1
луэс,1
схватишь,1
лечишь,1
замечательный,1
большие,1
знанья…,1
рубит,1
сплеча,1
борт,1
застывает,1
позе,1
ожиданья,1
раю,1
получит,1
званье…,1
бакалавра,1
смешно,1
посоветоваться…,1
смейся,1
сейчас…,1
затихает,1
моментов,1
страшная,1
гнусаво,1
собирает,1
смятение,1
рампы,1
исполняющий,1
упал…,1
обратно,1
задушенно,1
мог,1
крикнуть,1
указывая,1
ложу,1
зверь,1
вынув,1
кошка,1
навстречу,1
подойди,1
поравнявшись,1
втыкает,1
дайте,1
вышел,1
оцепенения,1
аптекари,1
окружают,1
страшной,1
закрыл,1
заревел,1
выбежал,1
группой,1
унесшей,1
разрез,1
прошу…,1
разъезд…,1
вас…,1
вздувается,1
любопытные,1
пытаются,1
лезть,1
третьем,1
гасите,1
тушит,1
сбивая,1
разъезд,1
окончен…,1
последняя,1
гаснет,1
погружается,1
тьму,1
выступает,1
открыта,1
темна,1
невдалеке,1
зеркала,1
скорчившись,1
фигура,1
выплывает,1
суровым,1
идете,1
нему,1
разворачивает,1
книгу,1
представление,1
пьесы,1
мнимый,1
больной,1
сочиненной,1
часов,1
вечера,1
исполняя,1
похищен,1
покаяния,1
неумолимой,1
смертью,1
явилось,1
записать,1
явилась,1
немилость,1
черная,1
запишу,1
угасает,1
