Bulghakov_Ivan Vasil'ievich.txt,11528
в,273
я,251
не,229
и,225
что,198
это,145
на,134
вы,133
с,124
тимофеев,121
иоанн,119
милославский,119
а,112
же,111
ты,106
бунша,95
зинаида,86
у,85
как,79
дьяк,77
меня,72
да,70
он,68
якин,65
ну,60
за,56
к,55
вас,55
так,53
шпак,52
нет,51
,48
—,44
вот,41
тебя,41
но,40
мне,38
иван,37
они,35
его,34
все,33
мы,31
вам,30
ульяна,29
по,29
дверь,28
сейчас,27
васильевич,24
царь,24
тимофеева,24
ведь,24
где,24
то,23
бы,23
кто,22
из,22
во,21
шпака,21
только,21
такой,20
ему,20
чтобы,20
какой,20
надо,20
ах,20
очень,20
ключ,20
ничего,19
тебе,19
боже,19
о,19
бунше,19
м,19
от,18
такое,18
чего,17
еще,17
тут,17
ее,17
князь,17
нету,16
комнату,16
потом,16
мой,16
входит,16
до,15
человек,15
без,15
их,14
время,14
чем,14
быть,14
аппарат,13
управдом,13
понимаю,13
будет,13
раз,13
она,13
уж,13
ли,13
товарищ,13
него,13
была,12
андреевна,12
опричники,12
милиция,12
комната,12
кока,12
этого,12
если,12
можно,12
нас,12
позвольте,12
опыт,12
гражданин,12
бросается,12
ой,12
здесь,12
может,11
васильевича,11
булгаков,11
михайловна,11
свет,11
один,11
николай,11
великий,11
ивана,11
царя,10
иоанна,10
того,10
царица,10
грозный,10
два,10
передней,10
зина,10
зачем,10
могу,10
куда,10
под,10
этот,10
патефон,10
костюм,10
иванович,10
милицию,10
батюшки,10
ваше,10
государь,10
наш,9
посол,9
замок,9
появляется,9
переднюю,9
нельзя,9
хорошо,9
даже,9
был,9
какая,9
водку,9
моя,9
дело,9
господи,9
прошу,9
я…,9
времени,8
сам,8
есть,8
пьесы,8
патриарх,8
гусляры,8
комнате,8
для,8
пауза,8
действительно,8
когда,8
об,8
уходит,8
э,8
похож,8
умоляю,8
сюда,8
тьма,8
себя,8
такие,8
делать,8
ох,8
палату,8
пьет,8
иоанну,8
ноги,8
федя,8
милославского,7
сделал,7
жена,7
управдома,7
аппарата,7
опять,7
открывает,7
скажите,7
освещается,7
дома,7
черт,7
там,7
мои,7
было,7
конечно,7
квартиру,7
впрочем,7
простите,7
дом,7
машину,7
слово,7
извиняюсь,7
звон,7
ни,7
якина,7
тихо,7
слова,7
клянусь,7
товарищи,7
дьяку,7
театр,7
горчаков,7
грозного,6
пока,6
косинус…,6
надоел,6
радио,6
е,6
окно,6
ваш,6
ума,6
сегодня,6
будем,6
тобой,6
выходит,6
собой,6
этом,6
говорите,6
двери,6
телефону,6
мерси,6
патефон…,6
теперь,6
сын,6
спасибо,6
смотрите,6
через,6
стенка,6
эта,6
руку,6
правда,6
или,6
убегает,6
обокрали,6
им,6
шум,6
вон,6
собака,6
нам,6
батюшка,6
редакции,6
над,5
лет,5
назад,5
москве,5
нажимает,5
звук,5
голос,5
говорит,5
музыка,5
выбегает,5
играют,5
закрывает,5
жмет,5
кнопки,5
зиночка,5
нужно,5
этой,5
больше,5
однако,5
доме,5
наверно,5
денег,5
звонок,5
тоже,5
свою,5
ней,5
вынимает,5
самом,5
деле,5
трубку,5
снимает,5
берет,5
отдыха,5
фамилия,5
такую,5
нашего,5
кучера,5
про,5
знаю,5
поймите,5
милославскому,5
буду,5
понимаете,5
стало,5
грозный…,5
том,5
какое,5
руки,5
очки,5
спасите,5
помогите,5
тише,5
царю,5
обратно,5
якину,5
карп,5
холоп,5
величество,5
видеть,5
вбегает,5
сказал,5
скажи,5
патриарха,5
второй,5
этим,4
честь,4
после,4
сатиры,4
при,4
пьеса,4
булгакова,4
кроме,4
аппарате,4
гаснет,4
кнопку,4
певучий,4
меняется,4
пропадает,4
почему,4
между,4
вслед,4
тем,4
рупор,4
возвращается,4
со,4
ладно,4
пишет,4
затем,4
три,4
никогда,4
такого,4
эти,4
лучше,4
стучит,4
прошлое,4
просто,4
них,4
смотрит,4
моей,4
думаешь,4
как-то,4
жить,4
пять,4
все-таки,4
ширму,4
уже,4
работать,4
зинаиде,4
говорила,4
месте,4
были,4
открывается,4
сидит,4
будете,4
хочу,4
надевает,4
стол,4
пирует,4
васильич,4
ними,4
чтоб,4
моего,4
говорю,4
немедленно,4
честное,4
насчет,4
говорят,4
пространство,4
милиции,4
оно,4
стенку,4
вашей,4
шляпа,4
хотите,4
рад,4
тогда,4
руси…,4
головы,4
палаты,4
сгинь,4
увы,4
крестит,4
опричник,4
демоны,4
буншу,4
мог,4
пальто,4
царем,4
этому,4
откуда,4
кем,4
довольно,4
бориса,4
ко,4
из-за,4
граждане,4
бред,4
муж,4
сне,4
что-нибудь,4
ищет,4
совершенно,4
царь…,4
молчите,4
царское,4
облачение,4
крымский,4
пиши,4
посла,4
ди,4
хоть,4
груди,4
дьяком,4
тотчас,4
сон,4
васильевна,4
удостоверение,4
пьесе,4
пьесу,4
октября,4
изобретатель,3
голову,3
советскую,3
тимофееву,3
пытается,3
жизни,3
бунши,3
жорж,3
антон,3
семенович,3
кинорежиссер,3
действие,3
первое,3
передняя,3
ширмы,3
глаза,3
приятный,3
освещение,3
косинус,3
внезапно,3
радиорупоре,3
который,3
псковитянки,3
колокола,3
заиграла,3
кричит,3
слышу,3
иоанном,3
хрипит,3
подходит,3
странный,3
человек…,3
отчего,3
дальний,3
колокола…,3
прислушивается,3
воображаю,3
скандал,3
прости,3
этих,3
перчатки,3
нет…,3
так…,3
первый,3
безобразие,3
часов,3
ним,3
место,3
долго,3
поражаюсь,3
идет,3
пожалуйста,3
посмотри,3
целует,3
мало,3
ей,3
один…,3
никто,3
уехала,3
любовником,3
будут,3
дамы,3
парадная,3
весь,3
службе,3
дверей,3
читает,3
что-то,3
свой,3
никаких,3
блондинка,3
кладет,3
страшно,3
взламывает,3
портсигар,3
года,3
дружиной,3
удалой,3
золотыми,3
стихотворение,3
большого,3
дому,3
ходить,3
ужас,3
рухнет,3
вообще,3
рассказывают,3
ерунду,3
которую,3
рассказывать,3
неудобно,3
ей-богу,3
иваном,3
васильевичем,3
бросила,3
должен,3
сделали,3
своей,3
вами,3
сволочь,3
главное,3
лицо,3
стойте,3
опыты,3
время…,3
словом,3
сделать,3
стоит,3
машина,3
ключ…,3
руках,3
видели,3
случилось,3
черту,3
да…,3
это…,3
отец,3
разве,3
одного,3
всегда,3
магазине,3
такая,3
ваша,3
случае,3
понять,3
шпаку,3
вошел,3
всея,3
бьет,3
горе,3
чердаке,3
какая-то,3
играет,3
сердитесь,3
добегу,3
занавес,3
оба,3
ивану,3
васильевичу,3
сейчас…,3
всего,3
пейте,3
дорогой,3
благодарю,3
тот,3
пускай,3
боярыня,3
тут…,3
кемь,3
сидите,3
права,3
заводит,3
ширмой,3
здесь…,3
некоторое,3
какие,3
кинофабрикой,3
никакой,3
роль,3
лукавый,3
браво,3
боярыню,3
разбойник,3
настоящий,3
нож,3
гад,3
будешь,3
царского,3
вызвал,3
подойди,3
куда-нибудь,3
говоришь,3
сергием,3
радонежским,3
скорее,3
могут,3
забыл,3
советую,3
пожалуйте,3
инаида,3
рясу,3
признаться,3
васильевич…,3
его…,3
делается,3
шепотом,3
попали,3
попрошу,3
ура,3
надевай,3
скорей,3
царский,3
садись,3
молчи,3
написал,3
казнить,3
говоря,3
несколько,3
вслух,3
слава,3
повесили,3
кормилец,3
дальше,3
поехали,3
давай,3
кениг,3
дес,3
кемска,3
видишь,3
послу,3
согласен,3
кемскую,3
волость,3
королю,3
медальон,3
желает,3
панагия,3
пяти,3
начальники,3
царице,3
марфа,3
валится,3
вместе,3
живы,3
вали,3
шведам,3
воры,3
конец,3
ед,3
хр,3
сочинений,3
реперткома,3
первой,3
история,3
поправки,3
см,3
комедию,3
иване,3
мая,3
успехом,2
бунша-корецкий,2
личности,2
лице,2
удался,2
пора,2
знать,2
трон,2
вернуть,2
г,2
блаженство,2
михаил,2
шведский,2
стольники,2
рядом,2
запертая,2
которой,2
волосы,2
слышен,2
той,2
угол,2
возникает,2
радостный,2
слушайте,2
продолжение,2
грянули,2
хриплая,2
тому,2
приемник,2
говорил,2
снял,2
себе,2
остановился,2
драгоценный,2
просил,2
убрал,2
своим,2
чаю,2
черных,2
садится,2
лампах,2
погружается,2
тьму,2
ждет,2
раза,2
вперед,2
темноте,2
возьми,2
ложился,2
погубит,2
знакомые,2
утверждают,2
невозможно,2
идея,2
среди,2
маленькая,2
святой,2
занят,2
столик,2
и…,2
полюбила,2
другого,2
кока…,2
понимаешь,2
машиной,2
мутно,2
зинаиду,2
мне…,2
должны,2
чувство,2
остальное,2
спрашиваешь,2
молчановский,2
талантлив…,2
играть,2
странно,2
мной,2
изменила,2
блондин,2
уезжаю,2
дать,2
новом,2
врет,2
оскорблять,2
человека,2
минуту,2
друг,2
спокойствию,2
сцену,2
же…,2
чемодан,2
терзать,2
дай,2
сто,2
кармане,2
парадную,2
назойливый,2
таких,2
михайловне,2
материю,2
передать,2
кавказ,2
спокойно,2
характер,2
зинаиды,2
михайловны,2
смеете,2
исчезает,2
перчатках,2
мир,2
учреждении,2
одной,2
телефон,2
номер,2
записал,2
первым,2
долгом,2
позвонить,2
отдел,2
междугородних,2
перевозок,2
добавочный,2
пятьсот,2
товарища,2
безумно,2
познакомиться,2
ну-с,2
часы,2
вещами,2
приятно,2
день,2
фу,2
закуску,2
выпивает,2
водка,2
матушкой,2
москвой…,2
ковшами,2
столов,2
блистает,2
тиуны,2
нравится,2
выйдет,2
чаще,2
дает,2
светится,2
дело…,2
молчит,2
вижу,2
ваши,2
внуков,2
платить,2
двору,2
называйте,2
год,2
таким,2
очевидно,2
пантелея,2
книге,2
объясните,2
вчера,2
лекция,2
управдомов,2
жизнь,2
впечатление,2
неизвестную,2
эту,2
старый,2
всему,2
покидаю,2
объясню,2
знаете,2
пронизать,2
болван,2
удача,2
какую,2
голова,2
нашел,2
друга,2
пошел,2
меня…,2
своего,2
вашему,2
родной,2
одном,2
артист,2
государственных,2
слишком,2
цепочка…,2
гражданина,2
пропал,2
часа,2
понравился,2
сказать,2
свидетель,2
приходилось,2
понятно,2
имел,2
внимания,2
стенке,2
триста,2
знал,2
тьфу,2
изобретение,2
вышел,2
москву,2
неужели,2
палата,2
посохом,2
перед,2
колокольный,2
диктует,2
…и,2
руководителю…,2
вскакивает,2
крестится,2
пропади,2
мечется,2
скрывается,2
держите,2
положь,2
караул,2
закрой,2
бросает,2
понесло,2
бумаги,2
сверток,2
извлечь,2
вынули,2
кричать,2
театра,2
кого,2
слушаете,2
комнаты,2
дверью,2
вседержитель,2
схожу,2
демон,2
пес,2
отрубят,2
полагаете,2
кильками,2
водкой,2
пущай,2
думаю,2
якиным,2
пусть,2
добрый,2
шведы,2
взяли,2
боярин,2
слесарю,2
отдал,2
монету,2
улице,2
рассматривает,2
вещи,2
выглядывает,2
отскакивает,2
напевает,2
вздрагивает,2
стук,2
ульяны,2
делает,2
поворачивается,2
подлец,2
пошел…,2
припадает,2
молодой,2
штанах,2
из-под,2
открываю,2
выслушайте,2
понимаю…,2
недоразумение,2
пьянствует,2
знает,2
жилплощадь,2
слов,2
хватать,2
локти,2
эпизод,2
курносая,2
картину,2
каких,2
косой,2
постановка,2
никого,2
всем,2
квартире…,2
какого,2
репетируете,2
хотел,2
смерти,2
мой…,2
смерд,2
ставить,2
прыщ,2
переходит,2
границы,2
ума…,2
помощь,2
поняла,2
заглядывает,2
спрашиваю,2
репе…,2
типичный,2
слезами,2
погодите,2
начисто,2
погибло,2
плачет,2
чьих,2
бери,2
делаете,2
пошутил,2
свиданья,2
сумасшедший,2
вызвать,2
правду,2
умер,2
кажется,2
отвечай,2
житие,2
тя,2
каюсь,2
поняли,2
любишь,2
люблю,2
преподобным,2
тебя…,2
жалую,2
отсюда,2
виде,2
оставаться,2
другое,2
имею,2
молчишь,2
голубчики,2
милые,2
узнать,2
ушла,2
зеркало-то,2
погляди,2
старушка,2
погадай,2
пьян,2
ай,2
должности,2
ведьма,2
думал,2
нее,2
откровенно,2
украли,2
бумагу,2
рвет,2
говори,2
гривну,2
брал,2
гляньте,2
тайну,2
молчать,2
роже,2
требую,2
опыта,2
набат,2
дурак,2
кричат,2
давным-давно,2
покойники,2
нами,2
полагаю,2
братцы,2
грохот,2
отворяй,2
кому,2
инженера,2
имени,2
помещение,2
одежа,2
царская,2
хочешь,2
зубы,2
вбегают,2
продолжайте,2
точка,2
вопрос,2
смятении,2
вели,2
кинулся,2
аки,2
али,2
брось,2
этак,2
признаю,2
взялся,2
богу,2
казнили,2
то-то,2
федюша,2
некогда,2
проклятый,2
фединька,2
хан,2
прямо,2
изюмском,2
шляхе,2
опричников,2
грозен,2
узнал,2
батюшка-царь…,2
поют,2
дела,2
взяли…,2
ступай,2
неизвестно,2
шведского,2
кланяется,2
дер,2
гроссер,2
шведишен,2
зандте,2
мих,2
фелики,2
василович,2
фраге,2
фон,2
шведише,2
арме,2
хат,2
ин,2
обращаться,2
революционные,2
волост…,2
правильно,2
подай,2
забирайте,2
спрашивает,2
ехать,2
едет,2
кланяясь,2
обнимает,2
которые,2
против,2
нашему,2
бывает,2
театрах,2
ужаснее,2
лично,2
порядке,2
образ,2
аминь,2
патриарху,2
также,2
сперли,2
ребра,2
расстроился,2
подозрения,2
другие,2
такими,2
появляются,2
почки,2
щучьи,2
услали,2
бандиты,2
влиянием,2
жактов,2
боюсь,2
вышло,2
отрицательно,2
повязку,2
раньше,2
пенсне,2
юлия,2
чудесно,2
рюмку,2
вы…,2
трудах,2
сознавайся,2
танцует,2
царицей,2
беда,2
пропали,2
временно,2
коля,2
всех,2
ту,2
заснул,2
первом,2
акте,2
цел,2
сойдешь,2
молчановского,2
приснилось,2
опубликована,2
редакция,2
комедии,2
составители,2
л,2
белозерская,2
публикуется,2
ргб,2
первая,2
ф,2
декабря,2
томах,2
лурье,2
сценическая,2
театре,2
требованию,2
текст,2
т,2
отказался,2
блаженства,2
написать,2
новую,2
васильевиче,2
грозном,2
много,2
записывает,2
сатире,2
согласиться,2
вечером,2
калинкин,2
туда,2
ноября,2
репетиция,2
дневник,2
-,2
публики,2
слабый,2
спектакля,2
партии,2
фурер,2
весьма,2
annotation,1
днями,1
ночами,1
ломавший,1
одним,1
занимательным,1
устройством,1
добивается,1
положительного,1
результата,1
отныне,1
проникать,1
глубины,1
научным,1
связана,1
сюжетная,1
завязка,1
сопровождении,1
подозрительной,1
жоржа,1
перемещаются,1
сотни,1
времена,1
попадает,1
квартирку,1
изобретателю,1
научный,1
эксперимент,1
возвратить,1
граждан,1
ссср,1
родное,1
старается,1
статус,1
кво,1
руководить,1
русью,1
iv,1
исходит,1
праведным,1
гневом,1
советской,1
произведение,1
создано,1
основе,1
последняя,1
отвергнута,1
московским,1
театром,1
ставилась,1
публиковалась,1
фильм,1
меняет,1
профессию,1
сюжет,1
всенародно,1
любимым,1
легко,1
узнаваемым,1
комедия,1
трех,1
действиях,1
действуют,1
киноактриса,1
московская,1
квартира,1
радиорупор,1
беспорядок,1
громадных,1
размеров,1
необычной,1
конструкции,1
по-видимому,1
радиоприемник,1
которым,1
работает,1
множество,1
ламп,1
которых,1
всклоченные,1
бессонницы,1
красные,1
озабочен,1
высоты…,1
пятой,1
лампе…,1
света,1
проверим,1
вычисляет,1
три…,1
направлениями,1
положительных,1
осей…,1
верно,1
колоколами,1
отвинтил,1
ставит,1
поправлю,1
выключает,1
крякнув,1
умолкает,1
высовывается,1
супруг,1
потерпел,1
поставлю,1
австралию,1
принимать,1
замучил,1
грозным,1
голове,1
висок,1
болит…,1
выпить,1
окну,1
перчатках…,1
попробую,1
получается,1
бумажке,1
зевает,1
звенит,1
хрипит…,1
музыкальный,1
управдом…,1
поникает,1
засыпает,1
певучему,1
звуку,1
начинаю,1
серьезно,1
бояться,1
сойдет,1
аппаратом,1
бедняга,1
удар…,1
разводилась…,1
зузина,1
считаю…,1
испытывала,1
волнения,1
утомляют,1
скандалы…,1
пудрится,1
сразу,1
развязать,1
гордиев,1
узел…,1
открой,1
вместо,1
радиоприемника,1
невиданный,1
твой,1
увидеть,1
будущее,1
безумная,1
кокочка,1
утопия,1
уверен,1
твои,1
разбираются,1
вопросах,1
специалистом,1
изумительные,1
специалисты,1
пойми,1
где-то,1
ошибка,1
малюсенькая,1
чувствую,1
ощущаю,1
где-то…,1
бродит,1
поймаю,1
вычислениями,1
мешаю,1
должна,1
сообщить,1
ужасное,1
известие…,1
решаюсь…,1
кафе,1
свистнули,1
курьезно,1
положила,1
могу…,1
подозреваю,1
соседнего,1
столика…,1
совсем,1
отупел,1
перчатки…,1
свершилось,1
возражай,1
сцен,1
люди,1
расстаться,1
непременно,1
драмой,1
согласись,1
необязательно,1
настоящее,1
заблуждением…,1
приготовься,1
прятки,1
сообщают,1
ибо,1
невежливо,1
он…,1
этого…,1
высокий,1
степени,1
интересоваться,1
женой,1
запомни,1
талантлив,1
гагры,1
выбирать,1
съемки,1
вернемся,1
врет…,1
глупо,1
ревности,1
каждую,1
врать,1
размышляла,1
последних,1
бессонных,1
ночей,1
пришла,1
заключению,1
подходим,1
другу,1
вся,1
кино…,1
искусстве,1
аппаратом…,1
твоему,1
тянет,1
устроить,1
выносит,1
уложилась,1
дорогу,1
верну,1
кавказа,1
сорок…,1
пятьдесят,1
рубля…,1
пиджака,1
посмотрев,1
пиджаке,1
поцелуй,1
прощай,1
грустно…,1
прожили,1
целых,1
одиннадцать,1
месяцев,1
решительно,1
выписывай,1
случиться,1
подлости,1
сделаешь,1
тупо,1
женился,1
ком,1
женщина,1
осуждаю,1
мешает,1
зато…,1
пятнадцать…,1
шестнадцать…,1
условиях,1
здравствуйте,1
заходил,1
передайте,1
марья,1
степановна,1
анне,1
ивановне,1
маникюрша,1
заграничную,1
предлагает,1
зинаида…,1
потому,1
конечно…,1
оригинальный,1
мешаете,1
будь,1
повесился,1
носом,1
захлопывать,1
грубиян,1
возвращаясь,1
чертова,1
кукла,1
полной,1
тихонько,1
дурно,1
одетый,1
артистическим,1
бритым,1
лицом,1
починяет,1
надпись,1
зайдем,1
шпаку…,1
комичный,1
давно,1
попадался,1
вдовы,1
мясницкой,1
брать,1
шестым,1
номером,1
отмычки,1
думает,1
чудный,1
повесил,1
служит,1
цели,1
показать,1
хозяина,1
остается,1
прекрасная,1
обстановка,1
удачно,1
зашел…,1
отдельный,1
большое,1
удобство,1
аккуратный,1
служебный,1
недоразумений,1
бонжур,1
самого,1
конца,1
одна,1
артистка…,1
знакома,1
четырех,1
позвоню,1
настойчивая…,1
контральто,1
удивился,1
начнем…,1
шкаф,1
шевиот…,1
завязывает,1
газету,1
шит…,1
письменный,1
цепочкой,1
карман,1
пообзавелись,1
прекрасный,1
шляпа…,1
устал,1
буфет,1
достает,1
настаивает,1
прелестная,1
полынь…,1
уютно,1
комнате…,1
почитать,1
любит…,1
книгу,1
ряд,1
разгульные,1
сидят…,1
славное,1
красивое,1
здравствуют,1
ж,1
громче,1
бейте,1
струны,1
баяны-соловьи…,1
опять…,1
настаиваете,1
таинственная…,1
театра…,1
сюрприз,1
удивляется,1
ряд…,1
набирается,1
певучие,1
звуки,1
вокруг,1
иное,1
обращает,1
свое,1
внимание,1
радиоаппарат,1
неимоверные,1
усилия,1
затрачиваю,1
вносить,1
культуру,1
радиофицировал,1
упорно,1
пользуются,1
тычет,1
вилкой,1
штепсель,1
антракт,1
войдите…,1
провалиться,1
хватало,1
удивляюсь,1
годы,1
сидеть,1
нянчить,1
целый,1
бродите,1
засаленной,1
книгой…,1
домовая,1
книга,1
перестану,1
произойдет,1
государство,1
думают,1
удивительный,1
прохожу,1
содрогаюсь,1
окна,1
раскрыты,1
подоконниках,1
лежат,1
лечиться,1
князем,1
доказал,1
путем,1
представления,1
документов,1
рождения,1
папа,1
уехал,1
границу,1
образом,1
пантелеевич,1
согласно,1
документам,1
заклинаю,1
заплатите,1
денег…,1
истязаете,1
заявили,1
вам-то,1
выписать,1
просила,1
выписывать,1
равно,1
отметить,1
событие,1
отмечает,1
присяду,1
незачем,1
присаживаться,1
объяснить,1
тревожить,1
работы,1
передовой,1
колоссальную,1
пользу,1
получил,1
почти,1
понял,1
стратосферу,1
наша,1
интересная,1
полезная,1
понимают,1
бредите,1
красное,1
дерево,1
покупает,1
платит,1
туго,1
мученье,1
машины,1
заявите,1
зарегистрировать,1
флигеле,1
строите,1
знаете…,1
погибнете,1
компанию,1
виноват,1
болтают,1
чепуху,1
виноваты,1
зуда,1
слоняетесь,1
подглядываете,1
ябедничаете,1
врете,1
кровных,1
оскорблений,1
направляюсь,1
занимающее,1
ответственный,1
пост,1
обязан,1
наблюдать,1
извините,1
погорячился,1
идите,1
просто-напросто,1
делаю,1
проникновением,1
четырехмерное,1
движение…,1
вообще…,1
взорвется,1
принесет,1
стране,1
неслыханную,1
пользу…,1
попроще…,1
например,1
пойти,1
прошлое…,1
разрешения,1
тревоги,1
опытов,1
вверенном,1
таинственная,1
гениальны,1
рассеянный,1
работал,1
запертом,1
механизме…,1
произойдет…,1
попробуем,1
близком,1
расстоянии…,1
маленький,1
угол…,1
поворачивает,1
пойдем,1
назад…,1
комнатами,1
исчезла,1
выпивающий,1
книжкой,1
исступленно,1
черт…,1
девалась,1
вне,1
неизвестный,1
забирает,1
узел,1
отвечать,1
закону,1
полквартиры,1
исчезло,1
стенкой,1
сделается,1
становится,1
видел,1
чудеса,1
техники,1
кружится,1
человечество,1
дожидаюсь,1
дожидаетесь,1
снаружи,1
закрыта,1
известиями,1
купить,1
запер…,1
пошлые,1
вопросы,1
пронзил,1
добился,1
любую,1
убрать,1
изобретению,1
цены,1
поздравляю,1
узоров,1
цветы,1
растут,1
терзает,1
смутное,1
сомнение,1
полоску,1
друзья,1
покупаем,1
удовлетворяет,1
больших,1
камерных,1
театров,1
известная,1
называл,1
цепочка,1
противно,1
оставьте,1
покое,1
вернуться,1
открою,1
коем,1
обижен,1
газетой,1
посмотрю,1
увидел…,1
свидетелем,1
дыру,1
протрете,1
противная,1
должность,1
сколько,1
неприятностей,1
знали,1
ученый,1
обращайте,1
артист…,1
приподнять,1
увлекательный,1
патефоном,1
пришли,1
доконает,1
перестанете,1
приставать,1
движение,1
минуя,1
стенки,1
проникнуть,1
двинуться,1
двести,1
изобретения,1
волнуюсь,1
понимаете…,1
профессор,1
расстраивайтесь,1
любая,1
плюньте,1
выписал,1
поднял,1
закрыл,1
дрожат,1
руки…,1
терпеть…,1
проникнем,1
увидим,1
древнюю,1
волнуетесь,1
одумайтесь,1
прежде,1
жакте,1
вмешаешься,1
академика,1
наказание,1
валяйте,1
царском,1
одеянии,1
кресле,1
примостившись,1
стола,1
плечах,1
наброшена,1
поверх,1
одеяния,1
опричнинская,1
ряса,1
слышится,1
далекое,1
церковное,1
пение,1
мягкий,1
пренебесному,1
селению,1
преподобному,1
игумну,1
козьме…,1
…козьме…,1
…царь,1
…всея,1
…челом,1
елки-палки,1
поворачивают,1
услышав,1
голоса,1
вскрикивает,1
грешному,1
окаянному,1
скверному,1
душегубцу,1
ища,1
выхода,1
исступлении,1
стены,1
бежит,1
увидят,1
звонить,1
собрался,1
обобью,1
секунды,1
врывается,1
гойда,1
бей,1
крестясь,1
бердыш,1
закрывай,1
поверни,1
машинка,1
вытаскивает,1
мгновение,1
занавеска,1
окне,1
вздувается,1
потащило,1
роняет,1
тащит,1
двинул,1
остался,1
заперся,1
оттуда,1
аппарату,1
двинули,1
стрелку,1
обратную,1
сторону,1
унесло,1
крик,1
орет,1
вытащили,1
делать-то,1
ключа…,1
ключ-то,1
бесполезно,1
захватили,1
собою,1
тревога,1
тех,1
пор,1
позвонила…,1
досидеть,1
службе…,1
трогает,1
письменному,1
столу,1
шкафу,1
банном,1
переулке,1
десять,1
грандиозная,1
кража,1
обокрала,1
начальник…,1
костюмы,1
рыдая,1
парадной,1
гремит,1
второе,1
волнении,1
тсс…,1
кричите,1
наживем,1
страшную,1
беду,1
всяком,1
стараюсь,1
держать,1
тяжко,1
молви,1
помилуйте,1
объяснил,1
лги,1
лжешь,1
человечьим,1
хотением,1
божиим,1
соизволением,1
есмь,1
забыть,1
называть,1
поверьте,1
пользы,1
отчаяние,1
происшествие,1
удручающее,1
ожидать,1
катастрофы,1
унесли,1
отправить,1
делов,1
погубил,1
двоих,1
людей,1
немыслимо,1
чудовищно,1
пьете,1
анисовую,1
анисовой,1
выпейте,1
горного,1
дубнячку,1
подкрепитесь,1
придете,1
отведай,1
кубка,1
отравить,1
принято,1
век,1
гораздо,1
легче,1
отравиться,1
нежели,1
смело,1
здрав,1
буди,1
покорно,1
твое,1
имя,1
кудесник,1
зовут,1
всю,1
утверждает,1
подумаю,1
закусите,1
ветчинкой,1
день-то,1
постный…,1
ключница,1
делала,1
ключница…,1
объяснять…,1
ох-хо-хо,1
такой…,1
крылья,1
сделал…,1
нуте-с,1
посадил,1
бочку,1
порохом,1
полетает,1
круто,1
живешь,1
хоромы-то,1
тесные,1
хоромы,1
неважные,1
твоя,1
церкви,1
убежала,1
врешь,1
ловят,1
поймают,1
кол,1
посадить,1
любят,1
счастливы,1
ищи,1
отправляй,1
побежал,1
копейки,1
жене,1
кармана,1
золотую,1
золото,1
спасены,1
ювелирный,1
магазин,1
сделает,1
откроем,1
пойду,1
останетесь,1
ничем,1
выдавайте,1
запру,1
стучать,1
открывайте,1
прийти,1
жену,1
увез…,1
ждите,1
час,1
закрыв,1
послышался,1
автомобиля,1
осторожно,1
великие,1
прегрешения…,1
пособи,1
господи…,1
пособите,1
чудотворцы,1
московские…,1
стучат,1
прекращается,1
осмелилась,1
беспокоить,1
семейной,1
драмы…,1
ищут,1
имеете,1
отмалчиваться,1
некультурный,1
крест,1
животворящий,1
помогает,1
прячется,1
чемоданчик,1
расстроена,1
разрушено,1
открыла,1
святому,1
человеку,1
запил,1
горя,1
запил…,1
хороший,1
оргия,1
была…,1
пил,1
разворачивает,1
штаны,1
вздыхает,1
щелке,1
обманутая,1
самым,1
наглым,1
образом…,1
парадном,1
берете,1
колен,1
бородой,1
растущей,1
подбородка,1
одни,1
откройте,1
негодяям,1
принципиально,1
молю,1
входя,1
убежали,1
савельевич,1
негодяй,1
объяснит,1
бросаю,1
мужа,1
чудную,1
расстаюсь,1
человеком,1
молился,1
сдувал,1
пылинки…,1
гениального,1
изобретателя,1
еду,1
подлецу,1
настоящих,1
отъезда,1
застаю,1
даму…,1
нежно,1
держит,1
проверял,1
нею,1
профессиональная,1
обязанность,1
ответьте,1
пощечину,1
сниматься,1
роль…,1
крохотный,1
малюсенький,1
эпизодик,1
снимать,1
курносой,1
ударили,1
режиссера,1
снимайте,1
курносых,1
безносых,1
ухожу,1
косому,1
постановку,1
годунова,1
халтурщик,1
постановки,1
утверждена,1
царицу,1
интересуюсь,1
вашими,1
яблоками,1
гаграх,1
законсервируют,1
чертям,1
вспомните,1
репетировала,1
репетировали,1
проходили,1
объявляют,1
твердый,1
заплакал,1
ребенок,1
репетировать,1
спиной,1
предательство,1
выходя,1
бориса-царя,1
бориску,1
застывают,1
подойди-ка,1
милый,1
типаж,1
царство,1
презлым,1
заплатил,1
предобрейшее,1
царствовати,1
владети,1
повинен,1
спрячьте,1
потолкует,1
борис,1
палачом,1
опосля,1
почто,1
обидел,1
замечательно,1
поразительно,1
невиданно,1
узнаю,1
гриме,1
представиться,1
двадцать,1
тысяч,1
завтра,1
девять,1
утра,1
фабрика,1
подписывает,1
контракт,1
бродяга,1
смертный,1
скрыли,1
жезлом,1
спятили,1
колени,1
червь,1
хватает,1
бороду,1
хулиганство,1
сошла,1
поймали,1
обидчика,1
сукина,1
сына,1
кто-нибудь…,1
квартире,1
крикам,1
коке,1
отпустите,1
выхватывает,1
кафтана,1
молись,1
щучий,1
живота,1
проси,1
боярыни,1
живота…,1
подымайся,1
разбойника,1
репетируем…,1
целуй,1
учили,1
подлеца,1
жел…,1
сядьте,1
натурально,1
играете,1
глупее,1
заливается,1
скрыться,1
куды,1
встречал,1
лестнице,1
блондинку,1
узлами,1
обработала…,1
домик,1
убиваешься,1
убиваться,1
взяли-то,1
зажигалку,1
коверкотовое,1
шляпу…,1
нажил,1
непосильными,1
трудами,1
чей,1
вынув,1
славь,1
великого,1
князя,1
шутки,1
народный,1
суд,1
влететь,1
нужна,1
монетка,1
ненастоящая,1
подарка,1
отказываешься,1
роли,1
роли…,1
ругательная,1
применять,1
зашел,1
засвидетельствовал,1
жуткую,1
покражу,1
моргайте,1
глазами,1
кокина,1
работа,1
машину…,1
хочет,1
будущее…,1
прошлого,1
сама,1
близка,1
помешательству…,1
всмотревшись,1
наши,1
дни,1
говорю…,1
другой,1
умер…,1
который…,1
доктора,1
сошел,1
зарезать,1
доколе,1
ты…,1
аз,1
семь…,1
хватайтесь,1
ножик,1
сплю…,1
звоните,1
взъелся,1
уберет,1
соблазнил,1
мое…,1
смердящий,1
зол,1
дьявол,1
научиши,1
долгому,1
спанию,1
зиянию,1
главоболию,1
похмелья,1
другим,1
злостям,1
неизмерным,1
неисповедимым,1
подскажите,1
по-славянски,1
имеет,1
паки,1
паки…,1
иже,1
херувимы,1
смилуйтесь,1
покайся,1
любострастный,1
убивайте,1
преклони,1
скверную,1
твою,1
главу,1
припади,1
честным,1
стопам,1
соблазненной,1
боярыни…,1
удовольствием,1
языками,1
владею,1
наяву,1
сидела,1
любить,1
красотою,1
лепа,1
бела,1
вельми,1
червлена,1
губами,1
бровьми,1
союзна,1
телом,1
изобильна…,1
женись,1
хороняка,1
отпускает,1
обманете,1
часто,1
обманута…,1
клянись,1
слушай,1
борода,1
многогрешная,1
ежели,1
худое,1
проведаю…,1
сергием…,1
перебивай,1
понеже,1
вотчины,1
вотчиной,1
костроме,1
минута,1
свезут,1
едем,1
везите,1
поезд,1
скатертью,1
дорога,1
беспокою…,1
догадался…,1
таком,1
увидеть…,1
я-то,1
переодеться,1
тряпье,1
разрешите,1
помогу,1
бесовская,1
одежда,1
искушение,1
уходят,1
записку,1
напишу,1
николаю,1
ивановичу,1
подтяжечек,1
лезь,1
слушаю-с…,1
возвращалась,1
едва,1
зарезал,1
предложение,1
выписывай…,1
костюме,1
удручен,1
очков,1
хватает…,1
валяются…,1
наденьте,1
вылитый,1
глянув,1
зеркало,1
поблагодарить…,1
темпераментный,1
гусли-то,1
очарованные,1
изволите,1
спрашивают,1
молчу…,1
слушаюсь…,1
иголочку,1
подкрутить,1
видите…,1
играйте,1
придет,1
выручит,1
путаются,1
мысли…,1
перестаньте,1
нервничать,1
особенного,1
кланяться,1
ехать-то,1
далеко,1
плеча,1
противоречьте,1
облачается,1
счастлива,1
поцелуйте,1
сбрасывает,1
зинаидой,1
патефону,1
звонит,1
сидишь-то,1
кто-нибудь,1
здрасте,1
водопроводчики,1
приходили,1
ушли…,1
проклятая,1
селедками,1
чужой,1
одурел,1
ограбили,1
одет,1
отвернувшись,1
подобное,1
угорел,1
дыра,1
сзади,1
дрался,1
лицо-то,1
отворачиваешь,1
синячищи-то,1
покажи,1
окосел,1
пьянства,1
оставь,1
печали…,1
язык,1
повернулся,1
нахал,1
моложе,1
врешь…,1
старая,1
шведов,1
поглядите,1
мою,1
обработали,1
полюбуйтесь,1
голубчика,1
ногах,1
ниточки,1
обобрали,1
горный,1
дубняк,1
артистка,1
обворовала,1
очнись,1
попрут,1
селедки,1
выбрасывает,1
хулиган,1
вооружается,1
поучу,1
интеллигентную,1
женщину,1
парадный,1
ход,1
потрясен,1
успокойтесь…,1
выпил,1
нервный,1
мужчина…,1
вполне,1
тихий…,1
башмаком…,1
орел,1
правы,1
построже…,1
дельцу,1
список,1
украденных,1
вещей,1
уважаемый,1
засвидетельствовать…,1
костюма,1
двое,1
портсигара,1
записано…,1
подает,1
челобитную,1
подаешь,1
выпивши,1
хулиганьте…,1
пате…,1
забирай,1
подавись,1
чужой…,1
остальное-то,1
подписать…,1
давал,1
сущеглупый,1
давали,1
придите,1
коллективную,1
жалобу,1
подадим,1
уймешься,1
вижу…,1
бесы,1
вселились,1
жильца,1
режет,1
происходит,1
переодел,1
впустили,1
открывали,1
остановитесь,1
погибнем,1
прячет,1
бросаясь,1
батогами,1
лестницы,1
шпаком,1
подождите,1
погодите…,1
нормален…,1
бегите,1
порядочный,1
срывайте,1
уберу,1
примерю,1
обещайте,1
дайте,1
объяснится,1
потом…,1
даете,1
одному,1
человеку…,1
благородное,1
открыли,1
открывать,1
замочной,1
скважине,1
пошто,1
дал,1
никому,1
ради,1
бога,1
примерим,1
вложить,1
дрожат…,1
немного,1
велик…,1
подпилим…,1
монета-то,1
настоящая,1
эх-эх-эх,1
сегодняшний,1
обокраденный,1
шпак…,1
кражи,1
дельце,1
почище…,1
инженер,1
царя…,1
непьющий…,1
посохом…,1
даю,1
третье,1
влетают,1
этими,1
опытами,1
кидаясь,1
стену,1
немедленного,1
прекращения,1
перестань,1
орать,1
грозному,1
занесло,1
протестую,1
зловещий,1
запирает,1
усиливается,1
мерещится,1
ответите,1
антисоветский,1
обман,1
зрения,1
слуха,1
вроде,1
спиритизма,1
умерли,1
призываю,1
влетает,1
стрела,1
видали,1
стреляют,1
есть…,1
позвольте…,1
учинить,1
насилие,1
убьют,1
лешему,1
вызывайте,1
номера,1
погибнуть,1
цвете,1
ужасе,1
кровь,1
стынет,1
жилах,1
щелку,1
существует,1
жильцов,1
соседнее,1
пофартило,1
дым,1
пустим,1
надевая,1
кафтан,1
капот,1
пропадем,1
убью,1
профиль,1
портит,1
шапку…,1
царем…,1
ухлопали,1
скипетр…,1
подвяжу,1
похож…,1
халтура,1
пройдет,1
умней…,1
касаться,1
лица,1
занимайся,1
государственным,1
делом,1
остановились,1
князь…,1
повторяй…,1
раскрывается,1
остолбеневают,1
говорите…,1
запятая…,1
секретарь,1
запропастился,1
драгоценные,1
паразит,1
осмелился,1
сломать,1
вешали,1
ломали,1
величество…,1
челом,1
бьет…,1
запятой…,1
опричникам,1
жду,1
ответа,1
поставленный,1
мною,1
оружие,1
бросают,1
бердыши,1
надежа…,1
схватили,1
кинулись…,1
хвать,1
ан,1
демонов-то,1
отрицаю,1
ликвидировались,1
глупую,1
тревогу,1
приостановить,1
федька…,1
посольского,1
приказу…,1
пишем…,1
остальных,1
очистить,1
царскую,1
короче,1
видите,1
напугали,1
рявкни,1
слушают,1
бросаются,1
выбегают,1
кувыркаться,1
хватит,1
гляди,1
волк,1
ягня…,1
прогневили,1
надежа-государь,1
прощаем,1
зубки-то,1
подвязаны,1
хворь,1
приключилась,1
пень,1
болят,1
флюс,1
периостит,1
приставай,1
слушаю,1
кланяться…,1
вечера,1
падать…,1
знакомы,1
вытаращил,1
гневайся,1
пожалуй,1
удивительного,1
палате-то,1
царской,1
батюшка-царь,1
томи,1
приятель,1
антона,1
семеновича,1
редко,1
попадаются…,1
другими,1
словами,1
устраивает,1
впадая,1
чур,1
намедни…,1
новость,1
трепаться,1
начинается,1
собственных,1
воротах,1
третьего,1
дня,1
спальней,1
приказу,1
неувязка,1
вышла,1
фамилией…,1
выручай,1
засыплемся,1
вспомнил,1
повешенного-то,1
звали,1
ванька-разбойник,1
ага,1
наоборот,1
бандиту,1
двоюродный,1
брат,1
отмежевался,1
любимец,1
приближенный,1
скажешь,1
гляжу,1
тут-то,1
любопытный,1
уголовном,1
розыске,1
служить,1
приехал,1
сюрпризом,1
мура,1
демонами,1
началась…,1
охранял,1
ихнюю,1
особу,1
исполать,1
порядочке,1
сценой,1
разорались,1
сбегай,1
узнай,1
истерики,1
спасенного,1
желают,1
радуются,1
отпадает,1
радоваться,1
услать,1
войны,1
заедают,1
безобразничает,1
допустили,1
встань,1
федор,1
виню,1
чего…,1
указ,1
послать,1
выбить,1
крымского,1
хана,1
изюмского,1
шляха,1
точку,1
поставь,1
подпиши,1
подписывать,1
дубовая,1
печать,1
жакта,1
приложил,1
осел,1
словечко-то,1
разберу…,1
словечко,1
ге…,1
ре…,1
федька,1
цепляешься,1
каждому,1
слову,1
по-твоему,1
накричи,1
наконец,1
натопай,1
ножками,1
слушает,1
валясь,1
таперича,1
торопились,1
поручение,1
потехи,1
брани…,1
былых,1
времен…,1
взятие,1
казани…,1
обратном,1
пути,1
заодно,1
казань,1
ездить…,1
батюшка…,1
прогневить…,1
казань-то,1
наша…,1
а…,1
поспешили…,1
отдавать…,1
духу,1
минут,1
пошли,1
кой-как,1
крутит,1
машинку,1
открыть,1
ужасную,1
панике,1
захватил,1
сдох,1
дурака,1
удивились,1
прекрасно,1
очереди,1
впускает,1
взглянув,1
начинает,1
поклоны,1
пресветлейши…,1
вельможнейши…,1
государ…,1
кенигсрейх,1
зейнен,1
трейен,1
динер,1
цу,1
имен,1
князе,1
усарусса,1
дамит,1
волост,1
румфоллвюрдиге,1
эроберы,1
фрейвиллиг,1
орднунг,1
бринген…,1
интурист,1
говорит…,1
одно,1
переводчика,1
толмач-немчин,1
анадысь,1
кипятке,1
сварили,1
переводчиками,1
что-нибудь…,1
надрывается,1
иностранных,1
языках,1
произносишь…,1
рыба,1
троне,1
зи,1
эроберн…,1
кенигс,1
рейхе,1
мих…,1
унд…,1
дас,1
ист,1
зер,1
эрнсте,1
фраге…,1
интересно,1
общих,1
чертах,1
требуется…,1
идейка…,1
смысл…,1
назло,1
шведском,1
языке,1
силен,1
нездоров…,1
по-немецки,1
понять-то,1
немудрено,1
требуют,1
воевали,1
молчал,1
разговор,1
забирают,1
здоровье,1
гут,1
исусе,1
обрадован,1
канн,1
фрейцелен,1
унд,1
мейн,1
фатерланд,1
цурюккерен,1
домой,1
оревуар,1
бефельт,1
цар,1
кнезе,1
ден,1
гроссен,1
шведенс,1
хинтербринген,1
пламенный,1
привет,1
пламенные,1
приветы,1
передавать,1
общественность,1
загрызет,1
бузотер,1
ауфвидерзеен,1
кланяйтесь,1
чтроы,1
присылал,1
нихтс,1
валюты,1
изнемогаю,1
тяжестью,1
преступлений,1
совершили,1
несчастная,1
стонет,1
царствую,1
воли…,1
покажусь,1
общему,1
собранию,1
полу,1
ползаешь,1
государь…,1
королевский,1
лик,1
потерял…,1
нем,1
алмазы,1
граненые…,1
рассеянным,1
нету…,1
постоянно,1
буфете,1
смотреть,1
входишь,1
таращишься,1
взял,1
завалился,1
столом,1
приложу…,1
происшествия,1
явиться,1
заявить,1
нашелся,1
ликование,1
поднялось,1
радуется,1
хуже,1
просим,1
срочном,1
присутствии,1
служителя,1
культа,1
находиться,1
погиб,1
здравствуй,1
нынешний,1
впредь,1
идущие,1
лета,1
вострубим,1
братие,1
златокованые,1
трубы,1
яви,1
зрак,1
красен,1
руцах,1
демонов,1
побывавший,1
самсонову,1
силу,1
александрову,1
храбрость,1
соломонову,1
мудрость,1
кротость,1
давидову,1
славят,1
страны,1
всякое,1
дыхание,1
человече,1
ныне,1
присно,1
веки,1
веков,1
аплодируя,1
силах,1
прибавить,1
блестящему,1
докладу,1
хор,1
запел,1
многолетие,1
отдает,1
поет,1
веселое,1
современное,1
приветствуют,1
хныкал,1
воистину,1
воскресе,1
причем,1
вернитесь,1
собор,1
вашим,1
угодникам,1
абсолютно,1
свободны,1
хоре,1
надобности,1
чего-нибудь,1
экстренного,1
кликнем,1
провожает,1
отдавая,1
поношение,1
панагию,1
груди…,1
неужто,1
мистика,1
ась,1
золота,1
четыре,1
угла,1
яхонт,1
лазоревый,1
изумруда…,1
прикажешь,1
воров,1
вешаем,1
извести,1
можем,1
вешать,1
скажу,1
перегиб,1
ворами,1
мягко,1
как-нибудь,1
поласковее,1
ним…,1
утешь,1
столбом,1
большие,1
потрясения,1
бывают,1
кому-кому,1
театрах…,1
начинают,1
смутные,1
панагия…,1
намекаешь,1
взять,1
устроены…,1
ненормально,1
городах,1
снимки,1
пальцев,1
делали…,1
ученые…,1
единогласно,1
пальцами,1
присвоить,1
чужого,1
стал,1
надоело,1
татарский,1
едигей,1
государю,1
сил,1
выбьюсь,1
объявляю,1
перерыв,1
обед,1
трапезовать,1
вносят,1
кушанья,1
стольниками,1
какой-то,1
заячьи,1
верченые,1
чесноком…,1
икра,1
анисовая,1
приказная,1
кардамонная,1
желаешь,1
красота,1
стопочке,1
горячей,1
закуской,1
батюшка-князь,1
болото,1
отвращения,1
вспомнить,1
манера,1
рубить,1
крошить,1
секиры,1
эти…,1
откровенность,1
вотр,1
сантэ,1
вероятно,1
спиртного,1
напитка,1
нервы,1
успокоились,1
жмешься,1
возле,1
почек,1
выпей,1
федюня,1
стесняйся,1
попросту,1
рук,1
брудершафт,1
выпьем,1
дружить,1
выучу,1
ходить…,1
построить,1
наметил,1
кое-какие,1
мероприятия,1
решил,1
начать,1
учреждения,1
велите,1
по-моему,1
важнее,1
драка,1
яхонты,1
магазины,1
принимают,1
предвидел,1
недоразумения,1
ульяной,1
андреевной,1
относится,1
зря,1
физиономия,1
молодец,1
разговаривал,1
изумлении,1
пресветлый,1
княже,1
господин,1
дозволь,1
рабыне,1
твоей,1
греемой,1
милостью,1
твоею…,1
царицы,1
представить,1
дьяк…,1
столику,1
плетешь,1
сними,1
но-но-но,1
имя-отчество,1
владимировна,1
разошелся,1
э-ге-ге,1
хват,1
тихоня,1
кардамонной,1
хихикая,1
говорили,1
интереснейшую,1
тему,1
все-то,1
пчела,1
щучью,1
уме,1
какого-нибудь,1
кого-нибудь,1
роде,1
плут…,1
хитрость,1
стороны,1
уважаемая,1
разыгрывал,1
отдельного,1
кабинета,1
нарезался,1
быстро,1
ловко,1
спасать,1
положение,1
гуслярам,1
гряньте,1
заиграли,1
запели,1
сильная,1
туча,1
затучилася…,1
сильные,1
громы,1
грянули…,1
позволю,1
песни,1
петь,1
музыкантов,1
привел,1
распустились,1
нарзану,1
румбу,1
переймем…,1
современный,1
танец,1
просить,1
тур,1
срамота,1
расстраивайся,1
перехватил,1
такого…,1
бывало,1
замолчали,1
взбунтовались,1
едут,1
ненастоящий,1
самозванец,1
ох-ти,1
ненастоящим,1
плясала…,1
чернеческий,1
чин,1
наложат,1
погибель,1
изюмский,1
шлях,1
доехали,1
смутили,1
заставы,1
повернули,1
распространил,1
гнусный,1
слух,1
самодержец,1
продолжения,1
танца,1
исчезают,1
иваныч,1
ближе,1
распадается,1
палатой,1
застегивая,1
буншей,1
волнуйся,1
имейте,1
виду,1
отдали,1
смели,1
дети,1
смотрел,1
ярости,1
валит,1
дьяка,1
раздавили,1
наделали,1
разозлили,1
мое,1
эге,1
гнусного,1
маскарада,1
парка,1
культуры,1
боярское,1
оправдались,1
обокрал,1
путаете,1
крадут,1
царями,1
притворяются,1
замели,1
дождался,1
пьяница,1
чистосердечно,1
признаюсь,1
царствовал,1
изменил,1
дорогая,1
соблазняли,1
порешь,1
алкоголик,1
погибла,1
пустяках…,1
несчастье,1
каждом,1
шагу…,1
явился,1
утащил,1
рамоли,1
князь-развалина…,1
разозлил,1
ерунде,1
кончили,1
кончил,1
радостно,1
скрою,1
прибыл,1
отделение,1
восторгом,1
предаюсь,1
надеюсь,1
уповаю,1
эх,1
академик,1
плачь,1
видно,1
судьба,1
панагии,1
верьте,1
подарил,1
выводит,1
квартиры,1
рупоре,1
спит,1
самой,1
позе,1
ерунда,1
приснилась…,1
аппарат-то,1
бросила…,1
вдруг…,1
колоколами…,1
колька,1
дам,1
ложись…,1
спросить…,1
вину…,1
заработался,1
обращал,1
последнее,1
репетиции,1
притворяйся,1
дадут,1
никакого,1
якина-режиссера,1
заливаясь,1
телефонный,1
срезали,1
распахнув,1
сильнее,1
грянула,1
комментарии,1
впервые,1
вторая,1
драмы,1
ю,1
ковалева,1
советский,1
писатель,1
кабала,1
святош,1
лосев,1
петелин,1
современник,1
расклейке,1
последнего,1
издания,1
сверено,1
машинописью,1
хранящейся,1
фонде,1
ор,1
году,1
публикация,1
осуществлена,1
благословения,1
булгаковой,1
выбрала,1
публикации,1
вторую,1
редакцию,1
третьем,1
томе,1
собрания,1
сборнике,1
-х,1
годов,1
машинописному,1
списку,1
хранящемуся,1
ргали,1
фонд,1
главреперткома,1
оп,1
списке,1
подписи,1
рецензентов,1
штамп,1
управление,1
контролю,1
зрелищами,1
репертуаром,1
комитета,1
делам,1
искусств,1
разрешается,1
печати…,1
публикатор,1
автор,1
примечаний,1
собрании,1
сравнив,1
обе,1
пришел,1
выводу,1
различие,1
редакцией,1
примыкает,1
версия,1
созданная,1
заключается,1
созданной,1
изобретателем,1
тимофеевым,1
описывалась,1
реально,1
происшедшая,1
переделка,1
вынужденной,1
экземпляров,1
надписано,1
приделанный,1
выразились,1
удален,1
читавшийся,1
начале,1
конце,1
первого,1
акта,1
свиновода,1
радиорепродуктору,1
мотив,1
отнюдь,1
безобидный,1
свидетельствуют,1
финале,1
двумя,1
путешественниками,1
арестовывает,1
послушайте,1
свиньями,1
путное,1
первоначальный,1
тема,1
заметно,1
перекликалась,1
темой,1
собачьего,1
сердца,1
стала,1
начинаться,1
передачей,1
музыки,1
мотивировался,1
заканчиваться,1
пробуждением,1
жильцы,1
заменены,1
собрание,1
художественная,1
литература,1
предложив,1
материале,1
попавшем,1
эпоху,1
всякого,1
воодушевления,1
принял,1
рекомендации,1
захватывала,1
удивительно,1
чуть,1
каждой,1
встрече,1
теми,1
слушал,1
чтение,1
говорилось,1
использовав,1
комедийных,1
положений,1
конфликтов,1
души,1
посмеяться,1
прошлыми,1
нынешними,1
нравами,1
обычаями,1
дневнике,1
сентября,1
встреча,1
веровым,1
новым,1
заместителем,1
директора,1
усиленно,1
просит,1
переделки,1
веров,1
просят,1
умоляют,1
переделать,1
прочитал,1
те,1
отрывки,1
обещал,1
сдать,1
первому,1
сатиру,1
рассказывает,1
реперткоме,1
читали,1
искали,1
подозрительного,1
нашли,1
замечательная,1
фраза,1
двадцатого,1
придется,1
горчаковым,1
ездил,1
репертком,1
привезли,1
булгакову,1
сотрудников,1
млечина,1
последний,1
никак,1
решиться,1
разрешить,1
сперва,1
искал,1
вредную,1
идею,1
найдя,1
мысли,1
идеи,1
скажем,1
афиногенов,1
подняли,1
щит…,1
выдал,1
головой,1
калинкина,1
сказав,1
опасения,1
какие-то…,1
ночью,1
верова,1
разрешили,1
небольшими,1
поправками,1
делал,1
цензурные,1
читал,1
труппе,1
громадный,1
успех,1
марта,1
прочитав,1
статью,1
ъ,1
правде,1
внешний,1
блеск,1
фальшивое,1
содержание,1
мольеру,1
мольера,1
сняли,1
продолжалась,1
потребовал,1
дополнительных,1
переделок,1
апреля,1
исправления,1
дней,1
пригласил,1
переговоров,1
хотят,1
выпускать,1
боятся,1
просили,1
поправках,1
придумал,1
бог,1
ввести,1
пионерку,1
положительную,1
наотрез,1
идти,1
дешевой,1
линии,1
гримах,1
костюмах,1
безвкусию,1
безобразию,1
редкостная,1
почему-то,1
испугался,1
блестящий,1
вор,1
задумал,1
обаятельна,1
велел,1
полю,1
грим,1
какого-то,1
поросенка,1
рыжего,1
дефективными,1
ушами,1
курихин,1
кара-дмитриев,1
режиссер,1
трус,1
генеральная,1
драматургов,1
безотрадное,1
смотрели,1
спектакль,1
нашей,1
семьи,1
евгений,1
сергей,1
екатерина,1
ивановна,1
боярский,1
ангаров,1
цк,1
концу,1
снимая,1
держа,1
фуражку,1
портфель,1
зал,1
мк,1
запрещена,1
передал,1
закончилась,1
критике,1
мелькала,1
мысль,1
высказался,1
резко,1
результатах,1
царствования,1
частности,1
писал,1
изображение,1
эпохи,1
однозначным,1
выразительным,1
изображенный,1
опричный,1
террор,1
страшный,1
чудовищно-абсурдный,1
неприятные,1
ассоциации,1
вряд,1
однозначных,1
решений,1
явление,1
показано,1
многогранным,1
многозначным,1
комедийной,1
интерпретации,1
суров,1
беспощаден,1
умен,1
справедлив,1
щедр…,1
выразителен,1
однозначен,1
шел,1
киноактера,1
многих,1
других,1
россии,1
стран,1
ближнего,1
дальнего,1
зарубежья,1
