Bulghakov_Biegh.txt,22656
а,1119
и,914
о,881
в,840
у,564
н,558
к,525
р,512
л,454
с,374
я,320
т,317
не,281
х,258
на,238
г,237
что,221
б,220
ч,199
е,196
д,194
вы,158
м,152
–,150
ты,133
й,114
это,107
з,101
ф,98
ь,96
ю,95
же,93
за,83
ну,80
как,79
меня,79
,71
нет,71
мне,67
да,67
все,64
он,61
вот,61
вас,60
вам,55
так,51
но,47
из,44
тебя,42
по,41
мы,41
его,41
п,40
ц,40
щ,39
серафима,39
только,39
человек,36
она,36
ее,35
ваше,35
от,34
чарнота,34
голубков,33
под,32
во,30
здесь,28
ничего,27
ли,26
если,26
теперь,26
сейчас,26
чем,25
хлудов,25
ы,24
куда,24
корзухин,24
могу,24
потом,23
ведь,23
очень,23
сон,22
где,22
быть,22
еще,22
ах,22
бы,21
надо,21
ни,21
может,21
кто,20
нас,20
владимировна,20
уже,20
до,19
входит,19
тебе,19
сюда,19
ним,19
станции,18
мой,18
выходит,18
этого,18
мной,18
они,17
уходит,17
чего,17
один,17
чтобы,17
ж,16
корзухина,16
их,16
генерал,16
со,16
дверь,16
говорит,16
зачем,16
парамон,16
когда,15
было,15
будет,15
есть,15
был,15
кричит,15
ней,15
севастополь,15
пожалуйста,15
появляется,14
там,14
исчезает,14
такое,14
господин,14
высокопревосходительство,14
долларов,14
деньги,14
антуан,14
вами,13
время,13
без,13
голубкову,13
черт,13
господи,13
тут,13
ему,13
опять,13
садится,13
перед,13
то,12
почему,12
голубкова,12
боже,12
превосходительство,12
хорошо,12
больше,12
a,12
григорий,12
франц,12
для,11
ш,11
сегодня,11
берет,11
мадам,11
нам,11
него,11
идет,11
хлудову,11
ними,11
карты,11
роман,11
при,11
корзухину,11
жена,10
них,10
кажется,10
этот,10
буду,10
господа,10
или,10
вместе,10
руках,10
тогда,10
голос,10
слушаю,10
ехать,10
над,10
дело,10
себе,10
три,10
ночью,10
карусели,10
лукьянович,10
первый,9
к-д,9
тьма,9
сидит,9
видите,9
уж,9
вдруг,9
знаю,9
схватывает,9
всех,9
говорю,9
простите,9
должен,9
револьвер,9
моя,9
сам,9
руки,9
хочу,9
впрочем,9
серафиму,9
ночь,9
тобой,9
молчание,9
ильич,9
сколько,9
париж,9
город,9
действие,8
чарноты,8
константинополе,8
бога,8
понял,8
знаете,8
тихо,8
какой,8
женщина,8
подходит,8
документ,8
ладно,8
который,8
совершенно,8
красные,8
будем,8
ко,8
открывается,8
люська,8
послышались,8
крапилин,8
лицо,8
нашел,8
пять,8
точно,8
где-то,8
туда,8
болен,8
равно,8
вальс,8
попрошу,8
тот,8
константинополь,8
итак,8
жива,8
кричат,8
прощайте,8
второй,7
тихий,7
вестовой,7
есаул,7
хлудова,7
года,7
крыму,7
нее,7
окна,7
нем,7
эта,7
эти,7
сергей,7
помните,7
руку,7
позвольте,7
барабанчикова,7
нельзя,7
шепотом,7
кого,7
кроме,7
огонь,7
внезапно,7
клянусь,7
богу,7
стал,7
де,7
себя,7
чарноте,7
видел,7
давай,7
действительно,7
владыко,7
эту,7
конечно,7
телефон,7
ольку,7
делаете,7
конец,7
одного,7
сказать,7
свет,7
раз,7
помню,7
русский,7
артур,7
медальон,7
всем,6
третий,6
генерала,6
начальника,6
свечи,6
окно,6
серафиме,6
рядом,6
начинает,6
павлович,6
лучше,6
пусть,6
времени,6
двери,6
нету,6
указывает,6
знать,6
будто,6
слава,6
мгновенно,6
вон,6
возьми,6
здравствуй,6
чарнотой,6
спасибо,6
потому,6
идем,6
карту,6
подает,6
умоляю,6
кабинет,6
кончается,6
мороз,6
надпись,6
глаза,6
одно,6
можно,6
валерьянович,6
головану,6
трубку,6
час,6
никто,6
минуту,6
прошел,6
вдали,6
положение,6
скажите,6
этом,6
поезд,6
никогда,6
ваша,6
никого,6
гурин,6
солдат,6
скрывается,6
тоже,6
ящик,6
говорите,6
оно,6
люблю,6
марья,6
константиновна,6
пятьдесят,6
а-к,6
брось,6
пошла,6
помяни,6
англ,6
собой,5
нему,5
свой,5
петербурга,5
белых,5
из-за,5
париже,5
монастырь,5
хор,5
пальто,5
слово,5
бежим,5
тем,5
вся,5
крым,5
полу,5
попону,5
чтоб,5
этих,5
белым,5
говорил,5
товарищ,5
откуда,5
интересно,5
играть,5
были,5
штаб,5
какие,5
вбегает,5
смотрит,5
сами,5
послышался,5
значит,5
бросается,5
твоя,5
вслед,5
видно,5
высокопреосвященство,5
министра,5
фамилия,5
показывает,5
дай,5
взять,5
пора,5
садись,5
два,5
никакого,5
кому-то,5
главнокомандующему,5
карпову,5
балку,5
коменданта,5
побежали,5
офицер,5
хлудовым,5
бронепоезд,5
можешь,5
двадцать,5
вашего,5
ставку,5
другого,5
прошу,5
возвращается,5
вопрос,5
пушной,5
дороге,5
появляются,5
давно,5
конвой,5
таинственно,5
мешки,5
отчаянно,5
идут,5
мешок,5
бормочет,5
диван,5
благодарю,5
этим,5
скажу,5
кем,5
помощь,5
иглу,5
города,5
тысяч,5
две,5
караул,5
была,5
похож,5
корабль,5
хотел,5
знаешь,5
тише,5
огни,5
кассе,5
газыри,5
карусель,5
марш,5
мсье,5
плачь,5
тени,5
денег,5
сима,5
принял,5
пойдем,5
наличные,5
итал,5
бег,4
судьба,4
предстает,4
четвертый,4
шестой,4
седьмой,4
последний,4
восемь,4
командир,4
армии,4
контрразведке,4
слышно,4
подземелье,4
глухо,4
возле,4
головой,4
лежит,4
вида,4
вижу,4
месяц,4
попали,4
хотя,4
скучно,4
кладет,4
жар,4
хотите,4
думаю,4
документы,4
паспорт,4
монастыре,4
читает,4
много,4
после,4
монахи,4
стало,4
пардон,4
конница,4
разговор,4
сквозь,4
землю,4
понимаю,4
погоны,4
петербург,4
мягко,4
виде,4
подбегает,4
окну,4
здравствуйте,4
полковник,4
чарноту,4
красных,4
крики,4
буденный,4
слышу,4
будут,4
музыкой,4
торговли,4
жезл,4
стой,4
хоть,4
бежать,4
человека,4
голову,4
поезжайте,4
говорить,4
бери,4
часы,4
страшный,4
делать,4
земли,4
послышалось,4
возникает,4
крыма,4
черные,4
стоит,4
этой,4
лишь,4
головы,4
самому,4
несколько,4
точка,4
подпись,4
стонет,4
таганаш,4
пройти,4
ходит,4
звонит,4
сию,4
большевикам,4
часов,4
добрый,4
другой,4
карточку,4
голован,4
тому,4
товар,4
фронтом,4
ставка,4
назад,4
ай-яй-яй,4
воду,4
нужно,4
желаю,4
графиня,4
ценой,4
рандеву,4
быстро,4
суда,4
шакал,4
том,4
дает,4
жизни,4
своей,4
дура,4
сумерки,4
просто,4
довольно,4
придет,4
россии,4
десять,4
дал,4
александра,4
македонского,4
гм,4
александр,4
македонский,4
сделать,4
тараканы,4
мгла,4
бегут,4
моей,4
оба,4
едем,4
открывает,4
оборачивается,4
расстреляна,4
ноги,4
того,4
янычар,4
русская,4
тараканьи,4
бега,4
фраке,4
янычара,4
свое,4
вошь,4
лиры,4
дитя,4
никаких,4
двор,4
пропал,4
люся,4
мужа,4
лир,4
ну-с,4
думала,4
мое,4
какой-то,4
сидеть,4
мадрид,4
такой,4
водоема,4
сережа,4
вспоминать,4
la,4
illah,4
поеду,4
фрежоль,4
тысячу,4
доллар,4
постой,4
вещь,4
девять,4
пойдет,4
поедем,4
войны,3
трагедии,3
пор,3
лица,3
пятый,3
восьмой,3
путь,3
дама,3
химик,3
полка,3
муж,3
серафимы,3
контрразведки,3
тараканий,3
царь,3
северной,3
сны,3
отче,3
николае,3
церкви,3
окном,3
что-то,3
черной,3
слышите,3
становится,3
зеленая,3
лампа,3
остаться,3
тех,3
случайно,3
фонарем,3
между,3
счастлив,3
вашему,3
вашей,3
вздор,3
пройдет,3
madame,3
наверно,3
пути,3
какая-то,3
одной,3
буденовец,3
святой,3
колокольне,3
такие,3
шепчет,3
ухо,3
верно,3
пошли,3
некогда,3
молитесь,3
завтра,3
послышалась,3
команда,3
паисий,3
зажигает,3
недаром,3
сказано,3
им,3
бой,3
крапчиков,3
душу,3
по-видимому,3
тушит,3
ох,3
господь,3
проваливается,3
топот,3
окне,3
белые,3
таврия,3
белый,3
штаны,3
черкеске,3
бризар,3
бородой,3
живой,3
шум,3
взял,3
выбегает,3
дверях,3
здорово,3
знает,3
штатском,3
приват-доцент,3
приятно,3
африкану,3
братие,3
рук,3
вновь,3
игумен,3
уходят,3
через,3
силой,3
мои,3
большой,3
заднем,3
плане,3
черная,3
чонгар,3
глубине,3
стеклянная,3
фонарей,3
горит,3
телефоны,3
поют,3
сутки,3
спит,3
людей,3
черный,3
любит,3
вопросы,3
голосом,3
стене,3
звонок,3
стены,3
останавливается,3
угаром,3
начальнику,3
бойтесь,3
искренний,3
нужна,3
тихому,3
дать,3
беда,3
николаевна,3
бурке,3
проходит,3
куда-то,3
делаешь,3
стук,3
бронепоезда,3
девочка,3
играет,3
курю,3
честь,3
имею,3
пяти,3
общем,3
именно,3
улыбнувшись,3
каких,3
бумагу,3
главнокомандующий,3
об,3
здравия,3
оставить,3
помещение,3
выходят,3
явно,3
ваши,3
немедленно,3
вынимает,3
готово,3
раба,3
сне,3
виноват,3
генералу,3
грузиться,3
аминь,3
тишина,3
выходя,3
ушел,3
табуретке,3
а-а,3
отдает,3
стоп,3
приехала,3
никакой,3
женщину,3
красноречивый,3
зверь,3
проскочишь,3
манит,3
пальцем,3
ногах,3
гаснет,3
полутьме,3
иди,3
смотри,3
действия,3
севастополе,3
множество,3
садитесь,3
важно,3
правду,3
самом,3
деле,3
большевиков,3
тяжело,3
поражен,3
понимаешь,3
моих,3
которая,3
перо,3
серафимой,3
корзухиной,3
сказал,3
коммунистической,3
лист,3
пропаганды,3
шляпу,3
поручик,3
скунский,3
советую,3
приехали,3
отпущу,3
ума,3
дорого,3
дворце,3
голова,3
пирамидон,3
сожалению,3
про,3
ненормален,3
дня,3
комнате,3
жаловаться,3
будьте,3
детей,3
душа,3
торчите,3
ушли,3
смотрю,3
стола,3
сделали,3
ненавижу,3
вообще,3
небытие,3
спиной,3
надеюсь,3
более,3
молчите,3
говори,3
оставь,3
злодей,3
случае,3
пароход,3
приеду,3
остался,3
сбоит,3
разлука,3
солнце,3
игра,3
пиастров,3
таракан,3
пива,3
живет,3
русские,3
чертями,3
зной,3
артуру,3
артурович,3
никому,3
мешает,3
бои,3
пожалуйте,3
каруселью,3
гармонии,3
публика,3
дам,3
мире,3
пуговица,3
кассы,3
артура,3
братики,3
ножи,3
дома,3
минарета,3
люсенька,3
гран-базаре,3
правда,3
жили,3
упрекнуть,3
счет,3
нечего,3
греки,3
проиграл,3
симка,3
такая,3
подлость,3
галерею,3
держать,3
наши,3
шарманкой,3
найду,3
брат,3
покупки,3
позор,3
жизнь,3
вернусь,3
краю,3
шарманке,3
ушла,3
ей,3
полился,3
муэдзина,3
душный,3
закат,3
je,3
всюду,3
день,3
парамоша,3
играешь,3
квит,3
семь,3
жир,3
тотчас,3
сплю,3
снег,3
никуда,3
булгакова,2
произведение,2
котором,2
также,2
михаил,2
булгаков,2
действующие,2
notes,2
кончил,2
сын,2
профессора-идеалиста,2
архипастырь,2
генерал-майор,2
гусарского,2
лет,2
начальник,2
лакей,2
таврии,2
начале,2
ноября,2
летом,2
осенью,2
первое,2
снился,2
монахов,2
поет,2
святителю,2
моли,2
коей,2
попоной,2
высоком,2
шубе,2
лицу,2
нездоровится,2
ног,2
молодой,2
сущности,2
странно,2
временами,2
честное,2
дальше,2
крутом,2
случилась,2
ей-богу,2
бесповоротно,2
встретились,2
мысль,2
молча,2
плечо,2
пустяки,2
удар,2
простонала,2
помощи,2
кто-нибудь,2
поселок,2
загадочная,2
особа,2
думаете,2
лихолетье,2
сударь,2
мало,2
своем,2
странная,2
смолкает,2
документики,2
махров,2
папаша,2
посмотри,2
паисию,2
что-нибудь,2
вашим,2
поставлю,2
барабанчикову,2
начинаются,2
убежать,2
славный,2
махрову,2
огурчики,2
протягивает,2
свидания,2
глухая,2
даст,2
отчего,2
произошло,2
прислали,2
тылу,2
винт,2
малый,2
червах,2
дела,2
сведения,2
весь,2
вышел,2
определенно,2
известно,2
знаем,2
ночи,2
отблески,2
офицеры,2
погонах,2
въехали,2
красными,2
боками,2
бризара,2
кричи,2
сбрасывает,2
распахивает,2
гусары,2
первой,2
шпорами,2
гриша,2
слушайте,2
служить,2
смерть,2
твою,2
поехал,2
сукин,2
кот,2
небес,2
начисто,2
панике,2
шлеп,2
приподымай,2
скорей,2
поднял,2
я-то,2
будь,2
свети,2
высокопреосвященнейший,2
африкан,2
тулуп,2
приехал,2
корпус,2
товарища,2
петербурге,2
бегу,2
гусеница,2
работать,2
невозможно,2
подымается,2
африкана,2
сей,2
воззри,2
вырастает,2
уходите,2
нами,2
пятам,2
роману,2
крыло,2
глотку,2
донцами,2
позже,2
минут,2
иначе,2
красным,2
люське,2
возьмите,2
лазарет,2
производите,2
впечатление,2
подымайтесь,2
жарко,2
тиф,2
придется,2
красноречив,2
уговори,2
даму,2
слушаюсь,2
голубковым,2
люка,2
прощай,2
крик,2
отец,2
принимать,2
ускакал,2
пастырь,2
из-под,2
зал,2
горят,2
перрон,2
отдъление,2
типа,2
юноша,2
победоносец,2
башлыках,2
третьи,2
работает,2
машина,2
увидеть,2
глазах,2
страх,2
первого,2
волосы,2
вечный,2
отвечать,2
хочет,2
столом,2
пишет,2
диктует,2
царское,2
село,2
передает,2
написанное,2
осветившись,2
сигналом,2
глазами,2
жду,2
дайте,2
бежит,2
тих,2
никак,2
печку,2
угар,2
каждого,2
свои,2
оля,2
детки,2
спал,2
родзянко,2
дети,2
сделаешь,2
приказание,2
исполнено,2
арестовать,2
повесить,2
вяло,2
стеклянной,2
перегородкой,2
христофор,2
федорович,2
заклинаю,2
составы,2
хочешь,2
появилась,2
волоки,2
обрывается,2
перрона,2
папахе,2
остается,2
дверей,2
кавалерийская,2
подошла,2
молчит,2
папаху,2
рома,2
генерального,2
штаба,2
молчать,2
отходит,2
тускло,2
вой,2
врывается,2
перегородку,2
олька,2
дорогой,2
ребенок,2
олечка,2
двое,2
серсо,2
карамель,2
нервы,2
расстроены,2
олюшенька,2
скажи,2
мерси,2
которую,2
необыкновенно,2
арестованных,2
ведет,2
моего,2
разрешения,2
превосходительства,2
груз,2
экспортный,2
границу,2
исчез,2
фронте,2
какое,2
подарок,2
тоска,2
сидим,2
иметь,2
доложить,2
отвечает,2
кемальчи,2
смирно,2
встает,2
которых,2
благословляет,2
часа,2
большевики,2
всемогущий,2
своим,2
напрасно,2
такого,2
жалею,2
перекопе,2
вешал,2
царство,2
вскоре,2
возвращаться,2
конверт,2
ныне,2
твоего,2
командующий,2
приказ,2
разум,2
честно,2
предупреждаю,2
распахивается,2
фронт,2
ставке,2
пожалуй,2
граф,2
казаков,2
оторваться,2
рысью,2
летчиков,2
штабных,2
начинают,2
опомнитесь,2
тифозная,2
больна,2
даже,2
снится,2
улыбается,2
висят,2
зверюга,2
коммунистка,2
слова,2
гурину,2
вводит,2
мутно,2
отрекся,2
допросить,2
докажу,2
всего,2
мимо,2
насчет,2
поговори,2
кого-то,2
фанеры,2
фамилие,2
пропадешь,2
убежишь,2
колени,2
смотреть,2
крапилина,2
прощанье,2
залп,2
настолько,2
светит,2
понимаете,2
чистую,2
разве,2
комедия,2
мерзавец,2
слушай,2
настоящая,2
закрывает,2
будешь,2
лгать,2
коснусь,2
прячет,2
петрограде,2
ложь,2
угрожает,2
пододвигает,2
партии,2
ставки,2
показал,2
свободны,2
свою,2
столе,2
каким-нибудь,2
поздно,2
арестованную,2
жару,2
стану,2
поехала,2
ваш,2
ложится,2
уйдите,2
комнаты,2
сошел,2
помогите,2
преступление,2
голоса,2
посмотрите,2
женщиной,2
зовите,2
разноплеменных,2
вышли,2
одна,2
портьера,2
месте,2
камина,2
болит,2
величества,2
отдохнуть,2
рад,2
границей,2
камину,2
спрашиваю,2
редактор,2
газеты,2
подобно,2
петрушка,2
червяк,2
рассеяться,2
весел,2
позорище,2
суд,2
дворец,2
схватили,2
устремляется,2
мужчин,2
купе,2
море,2
свинец,2
память,2
скоро,2
вообразите,2
зарево,2
считать,2
вошел,2
лапками,2
ведро,2
перестанете,2
год,2
причиной,2
лучший,2
лиях,2
беспокойно,2
темных,2
стрелой,2
тихонько,2
ради,2
одну,2
оборачиваясь,2
разошлись,2
которого,2
узнав,2
претензия,2
любезны,2
узнал,2
кому,2
огоньки,2
навсегда,2
столу,2
контрразведку,2
да-да,2
расстреляли,2
плачет,2
моим,2
твое,2
твой,2
пойми,2
попал,2
твои,2
узнаем,2
воздух,2
жалкий,2
пространство,2
страшен,2
шаги,2
стойте,2
четыре,2
витязь,2
порту,2
смотрите,2
замолчи,2
поговорить,2
уйдет,2
загорается,2
минарет,2
сооружение,2
французском,2
английском,2
русском,2
языках,2
полиции,2
касса,2
вечера,2
du,2
soi,2
воздухе,2
выше,2
пиво,2
переулок,2
проходят,2
военной,2
переулка,2
купите,2
ваших,2
вотр,2
сенкан,2
сорок,2
геен,2
зи,2
амбуляси,2
каймаки,2
кредит,2
жулик,2
константинопольский,2
скрылся,2
прежде,2
гораздо,2
ресторане,2
un,2
bock,2
клоп,2
ползет,2
черту,2
киев,2
эх,2
днепро,2
неописуемый,2
тепло,2
все-таки,2
выглядывает,2
везет,2
флаг,2
заиграли,2
вламывается,2
кафар,2
номер,2
фаворит,2
ы-м,2
свистят,2
away,2
ура,2
it,2
is,2
swindle,2
trap,2
толпа,2
игроков,2
появились,2
заборе,2
гул,2
мальчишка-грек,2
побезали,2
артурку,2
личико,2
полицейские,2
крови,2
полицию,2
hip,2
когда-либо,2
ву,2
эн,2
полис,2
бейте,2
итальянца,2
итальянцы,2
воем,2
новый,2
дом,2
воды,2
съест,2
спросить,2
галерейку,2
голодна,2
вашем,2
вести,2
неужели,2
снял,2
украли,2
смею,2
жены,2
сказала,2
дурака,2
французом,2
бегах,2
гибели,2
симку,2
люськи,2
подслушивать,2
услышала,2
отработаю,2
ссориться,2
торговать,2
перестаньте,2
ужин,2
словами,2
евши,2
ходишь,2
продам,2
голоду,2
дурой,2
чепуха,2
шарманка,2
разлуку,2
босфор,2
русских,2
окурок,2
перестанешь,2
край,2
меня-то,2
э,2
постарел,2
думали,2
полгода,2
больнице,2
месяца,2
хожу,2
слышал,2
удобно,2
сразу,2
умерла,2
обнимает,2
перу,2
газырей,2
лжешь,2
всю,2
неудобно,2
морщась,2
грек-донжуан,2
окнах,2
недоразумение,2
магазин,2
отсюда,2
бежал,2
право,2
слышать,2
передо,2
кинжал,2
представление,2
сверток,2
делом,2
спрашивай,2
одном,2
задержи,2
панель,2
помочь,2
поедешь,2
тайком,2
уеду,2
трюме,2
прощения,2
illa,2
ужасный,2
днем,2
золотой,2
monsieu,2
ne,2
pas,2
учитесь,2
вашу,2
слушаю-сь,2
припоминаю,2
уехал,2
намерен,2
французское,2
подданство,2
жене,2
голубая,2
луна,2
контрразведка,2
верну,2
далеко,2
химера,2
миллионы,2
несет,2
музыки,2
тысячи,2
музыка,2
настаивать,2
человеку,2
самый,2
проси,2
кальсонах,2
встречались,2
пили,2
парижу,2
улице,2
передней,2
ухожу,2
словом,2
обратно,2
какую,2
игру,2
неслыханная,2
триста,2
кассу,2
пошло,2
пришлите,2
пятьсот,2
швыряет,2
ответ,2
грабят,2
люси,2
мадемуазель,2
выиграл,2
маленький,2
усни,2
двенадцать,2
разбойников,2
просветление,2
каждый,2
поймал,2
вернется,2
кивни,2
бедный,2
проиграли,2
приходится,2
какие-то,2
забыла,2
кончено,2
тоскую,2
домой,2
именем,2
смерти,2
входят,2
балкон,2
поведут,2
доберемся,2
забудь,2
молитва,2
турецк,2
cinquante,2
gehen,2
sie,2
бокал,2
здравствует,2
долой,2
афера,2
ловушка,2
хип,2
annotation,1
знаковое,1
творчества,1
михаила,1
глубокое,1
многоплановое,1
многозначное,1
поколения,1
опаленного,1
огнем,1
революции,1
величии,1
подлинной,1
книгу,1
вошли,1
классические,1
сих,1
сходящие,1
театральных,1
подмостков,1
пьесы,1
являющие,1
иную,1
грань,1
яркого,1
масштабного,1
таланта,1
первоесон,1
второесон,1
третьесон,1
четвертоесон,1
снов,1
пьеса,1
четырех,1
действиях,1
бессмертье,1
светлый,1
брег,1
наш,1
стремленье,1
покойся,1
жуковский,1
молодая,1
петербургская,1
архиепископ,1
симферопольский,1
карасу-базарский,1
именитого,1
воинства,1
монах,1
конармии,1
буденного,1
запорожец,1
происхождению,1
кавалерист,1
существующая,1
исключительно,1
воображении,1
походная,1
погибший,1
своего,1
красноречия,1
адъютант,1
дочь,1
-х,1
служащие,1
а–к,1
р-р,1
происходит,1
октябре,1
скупо,1
освещенная,1
свечечками,1
прилепленными,1
икон,1
внутренность,1
монастырской,1
неверное,1
пламя,1
выдирает,1
тьмы,1
конторку,1
продают,1
широкую,1
скамейку,1
забранное,1
решеткой,1
шоколадный,1
лик,1
святого,1
полинявшие,1
крылья,1
серафимов,1
золотые,1
венцы,1
безотрадный,1
октябрьский,1
вечер,1
дождем,1
снегом,1
скамейке,1
укрытая,1
бараньем,1
тулупе,1
примостился,1
силится,1
разглядеть,1
игуменском,1
кресле,1
судя,1
скамеечке,1
чемоданом,1
петербургского,1
черном,1
перчатках,1
прислушиваясь,1
пению,1
внизу,1
казаться,1
весям,1
городам,1
непонятнее,1
церковь,1
кутерьма,1
заскучал,1
петербургу,1
отчетливо,1
вспомнилась,1
кабинете,1
настроения,1
опасны,1
берегитесь,1
затосковать,1
скитаний,1
скрашивает,1
тяжелый,1
теплушке,1
прошло,1
немного,1
давно-давно,1
облегчает,1
полет,1
осенней,1
мгле,1
горд,1
донесу,1
сдам,1
мужу,1
радоваться,1
радостью,1
погладив,1
мягкий,1
пушечный,1
шевельнулась,1
послушайте,1
оставаться,1
проберется,1
акушерка,1
сбегаю,1
голубушка,1
капризно,1
недоумении,1
весьма,1
встретишь,1
пение,1
землей,1
бесшумно,1
черен,1
испуган,1
приготовьте,1
честные,1
задувает,1
достают,1
высовывает,1
выкладывает,1
коротком,1
полушубке,1
забрызган,1
грязью,1
возбужден,1
баевым,1
задавил,1
гнездо,1
винтовая,1
лестница,1
колокольню,1
буденовцу,1
железной,1
мерцал,1
ежели,1
обнаружу,1
единого,1
седым,1
шайтаном,1
стенке,1
фонарями,1
махали,1
души,1
посторонней,1
беженцы,1
бе,1
застиг,1
обстрел,1
поселке,1
бросились,1
роды,1
барабанчиковой,1
замужняя,1
сатанея,1
ужаса,1
пронеси,1
готов,1
святый,1
великомученик,1
димитрий,1
нашла,1
место,1
рожать,1
документик,1
мариуполя,1
химиков,1
фронтовой,1
полосе,1
продукты,1
ездил,1
покупать,1
баев,1
обнаружил,1
баеву,1
главное,1
темно,1
вмешиваются,1
гражданскую,1
войну,1
черного,1
барона,1
советскую,1
власть,1
скорого,1
разберемся,1
буденовцем,1
окнами,1
стихло,1
жадно,1
часто,1
крестится,1
расточились,1
начертание,1
челах,1
звезды-то,1
пятиконечные,1
обратили,1
внимание,1
теряюсь,1
местность,1
взялись,1
внезапный,1
оттого,1
задница,1
машинально,1
депешу,1
красная,1
язви,1
расшифровку,1
отложил,1
утра,1
сел,1
объявил,1
ого-го,1
интересная,1
курсе,1
курчулане,1
подробные,1
удалился,1
болото,1
любопытен,1
именуете,1
архипастырем,1
скучный,1
отойдите,1
послал,1
живы,1
многокопытный,1
затанцевали,1
пламени,1
пожар,1
факелы,1
войска,1
свершилось,1
кутаясь,1
интеллигент,1
проклятый,1
заткнись,1
коварная,1
страна,1
нацепить,1
отряд,1
переодетый,1
ударил,1
колокол,1
зазвонили,1
засыпались,1
монахи-идиоты,1
синие,1
лампасами,1
эскадрон,1
слезай,1
смело,1
разрешаю,1
тряпье,1
выскакивает,1
смятыми,1
серебряными,1
погонами,1
засовывает,1
карман,1
донцы,1
косынке,1
сестры,1
милосердия,1
кожаной,1
куртке,1
высоких,1
сапогах,1
обросший,1
факелом,1
гри-гри,1
шею,1
верю,1
глазам,1
спасся,1
отбили,1
панихиду,1
собирались,1
близко,1
косынку,1
крапчикову,1
посадил,1
пулеметы,1
перебили,1
отстрелялся,1
огородами,1
учителю,1
те,1
сунул,1
приползаю,1
глядь,1
документы-то,1
бабьи,1
женины,1
удостоверение,1
беременная,1
кладите,1
лежу,1
рожаю,1
командир-буденовец,1
шлепаешь,1
хоронить,1
визжит,1
племя,1
казачье,1
станичники,1
приподыму,1
краповый,1
радостях,1
кого-нибудь,1
повешу,1
второпях,1
забыли,1
спрашивать,1
волосам,1
птица,1
влетает,1
сатана,1
чернохвостая,1
несешь,1
шапку,1
всматривается,1
махрова,1
курчулан,1
благословить,1
донской,1
пленили,1
набега,1
снабдили,1
документами,1
застряла,1
фальшивые,1
настоящий,1
mille,1
excuses,1
обер,1
прокурор,1
отнюдь,1
обер-прокурор,1
знаменитого,1
ноев,1
ковчег,1
кованый,1
люк,1
дряхлый,1
свечами,1
монахам,1
сподобились,1
владыку,1
нечестивых,1
социалов,1
спасти,1
сохранить,1
облекают,1
взволнованного,1
мантию,1
подают,1
прими,1
утверждай,1
паству,1
виждь,1
посети,1
виноград,1
насади,1
десница,1
запели,1
ειζ,1
πολλαξτη,1
δε′ζποτα,1
отцы,1
святые,1
белены,1
объелись,1
церемонию,1
затеяли,1
ну-ка,1
жестом,1
выйдите,1
богослужение,1
устроили,1
драпать,1
ловят,1
морю,1
придушит,1
армия,1
всеблагий,1
двуколки,1
вами-то,1
заперто,1
гроб,1
щель,1
бризару,1
возьмешь,1
полк,1
пойдешь,1
алманайку,1
притянешь,1
немножко,1
бабий,1
гай,1
переправляйся,1
подамся,1
молоканам,1
хутора,1
выйду,1
арабатскую,1
стрелу,1
соединимся,1
выходи,1
ф-фу,1
хлебнуть,1
уезжают,1
попадем,1
отзываетесь,1
фляжку,1
заболела,1
университете,1
учились,1
необразованного,1
пуля,1
попадет,1
бабьем,1
гае,1
поможет,1
спросили,1
рентгеновский,1
интеллигенция,1
дай-ка,1
коньячку,1
красивая,1
достанется,1
прилягу,1
немыслимо,1
пить,1
победоносно,1
сударыня,1
худо,1
мастер,1
глянул,1
браслет-часы,1
подымай,1
подымают,1
ведут,1
двуколку,1
допивает,1
коньяк,1
неужто,1
отстоишь,1
давший,1
приют,1
спасение,1
расстраиваешь,1
колоколам,1
языки,1
подвяжи,1
прискачут,1
звонили,1
мученический,1
венец,1
двуколке,1
недостойный,1
покинувший,1
овцы,1
своя,1
съедает,1
становятся,1
тяжелее,1
неизвестной,1
части,1
зала,1
необычных,1
размеров,1
чувствуется,1
голубыми,1
электрическими,1
лунами,1
случился,1
зверский,1
непонятный,1
сковал,1
сиваш,1
перекоп,1
станцию,1
оледенели,1
ледяным,1
зеркалам,1
текут,1
змеиные,1
огненные,1
проходящих,1
поездов,1
переносные,1
железные,1
печки,1
керосиновые,1
лампы,1
столах,1
выходом,1
главный,1
старой,1
орфографии,1
оперативное,1
перегородка,1
казенного,1
зеленых,1
похожих,1
чудовищ,1
огня,1
кондукторских,1
темном,1
облупленном,1
фоне,1
коне,1
копьем,1
поражает,1
чешуйчатого,1
дракона,1
георгий,1
граненая,1
разноцветная,1
лампада,1
занят,1
большинство,1
наушниках,1
бесчисленные,1
полевые,1
штабные,1
флажками,1
пишущие,1
машинки,1
телефонах,1
вспыхивают,1
разноцветные,1
сигналы,1
нежными,1
голосами,1
фронта,1
опытный,1
наблюдательный,1
глаз,1
мог,1
беспокойный,1
налет,1
надежду,1
разобрать,1
обращаются,1
буфет,1
класса,1
отделенный,1
высоким,1
буфетным,1
шкафом,1
конторкой,1
съежившись,1
табурете,1
лицом,1
бел,1
кость,1
причесаны,1
неразрушимый,1
офицерский,1
пробор,1
курнос,1
павел,1
брит,1
актер,1
моложе,1
окружающих,1
старые,1
солдатская,1
шинель,1
подпоясан,1
ремнем,1
по-бабьи,1
помещики,1
подпоясывали,1
шлафрок,1
суконные,1
небрежно,1
нашит,1
генеральский,1
зигзаг,1
фуражка,1
защитная,1
грязная,1
тусклой,1
кокардой,1
варежки,1
хлудове,1
оружия,1
чем-то,1
морщится,1
дергается,1
менять,1
интонации,1
задает,1
изобразить,1
улыбку,1
скалится,1
возбуждает,1
телефонов,1
исполнительный,1
влюбленный,1
запятая,1
фрунзе,1
обозначенного,1
противника,1
маневрах,1
изображать,1
пожелал,1
шахматы,1
незабвенное,1
зашифровать,1
послать,1
телефона,1
возвращает,1
голоса-эхо,1
бледный,1
косящий,1
растерянный,1
красной,1
фуражке,1
пробегает,1
столами,1
мертвым,1
доказал,1
ходу,1
всхлипывающим,1
поделаю,1
параличом,1
разбило,1
палкой,1
вспыхивает,1
контрразвъдывательное,1
около,1
внимателен,1
обращается,1
театре,1
яростно,1
печка,1
угару,1
доказали,1
движется,1
мертвый,1
физической,1
силы-возможности,1
вручную,1
сортировали,1
забили,1
пробка,1
вторая,1
сторону,1
залить,1
почему-то,1
относитесь,1
поговорите,1
откровенно,1
убеждения,1
скрывать,1
хитрец,1
подозрение,1
детишки,1
государе,1
императоре,1
александровиче,1
павлик,1
тридцать,1
верьте,1
лично,1
председателю,1
государственной,1
думы,1
михаилу,1
владимировичу,1
известен,1
сочувствую,1
любовь,1
любви,1
войне,1
укоризненно,1
любят,1
сухо,1
сапер,1
толкать,1
сортировать,1
пятнадцать,1
выходной,1
семафор,1
течение,1
семафоре,1
осветив,1
саботаж,1
нежный,1
медленный,1
когда-то,1
танцевали,1
гимназических,1
балах,1
школу,1
ходили,1
уводит,1
комендант,1
оживает,1
христом-богом,1
четвертого,1
пятого,1
всплошную,1
гони,1
саперы,1
толкай,1
господом,1
вася,1
семьей,1
вбежавшая,1
чонгарского,1
дефиле,1
сводная,1
дивизия,1
вдаль,1
снимает,1
прекрати,1
надевает,1
обоз,1
бросите,1
пойдете,1
станете,1
бросаю,1
раненых,1
тифозную,1
погибнуть,1
лязганье,1
страдальческий,1
тащит,1
закутанную,1
платок,1
дотянул,1
способная,1
служу,1
суток,1
достает,1
кармана,1
курить,1
доктора,1
запрещают,1
помогает,1
подхватывает,1
уносит,1
олькой,1
удаляться,1
той,1
входил,1
европейского,1
очках,1
портфелем,1
представиться,1
совет,1
министров,1
уполномочил,1
обратиться,1
тремя,1
запросами,1
севастополя,1
поручили,1
узнать,1
судьбе,1
симферополе,1
рабочих,1
увезенных,1
согласно,1
распоряжения,1
предъявите,1
господину,1
товарищу,1
напряженном,1
внимании,1
главной,1
приоткрывает,1
ввысь,1
вздрагивает,1
голованом,1
исчерпан,1
волнуясь,1
касается,1
непосредственно,1
министерства,1
застряли,1
грузы,1
особо,1
важного,1
назначения,1
испрашиваю,1
содействия,1
срочно,1
протолкнуть,1
предназначенный,1
составах,1
указанные,1
выгнать,1
тупик,1
керосин,1
зажечь,1
приняв,1
покороче,1
остолбенев,1
зевнув,1
бестолочь,1
пушек,1
стреляют,1
командующему,1
нос,1
подсунули,1
кубанцев,1
прислал,1
босые,1
ресторана,1
девочек,1
табуретах,1
попугаи,1
меняя,1
интонацию,1
шипит,1
тыловые,1
гниды,1
укладывали,1
чемоданы,1
заграничным,1
шлюхам,1
собольих,1
манжет,1
видать,1
неслыханно,1
травлено,1
озирается,1
вежливо,1
пятясь,1
боковой,1
спрашивает,1
мертвея,1
кермана,1
особое,1
назначение,1
малиновых,1
заломленной,1
затылок,1
длиннейшей,1
шинели,1
кавказской,1
шашкой,1
желаем,1
рапорт,1
представить,1
высокопревосходительству,1
конфиденциально,1
конфиденциальный,1
командующим,1
наедине,1
главнокомандующим,1
противник,1
юшунь,1
встревоженный,1
западноевропейскими,1
державами,1
покинутые,1
коварными,1
поляками,1
обманутые,1
милосердие,1
божие,1
уповаем,1
наступила,1
помолитесь,1
георгием,1
победоносцем,1
новое,1
испытание,1
посылаешь,1
чадам,1
христову,1
именитому,1
воинству,1
крестная,1
сила,1
низлагает,1
врага,1
благословенным,1
оружием,1
перегородке,1
показалось,1
тоскующего,1
страха,1
перебиваю,1
беспокоите,1
отступился,1
бывало,1
сиваша,1
угнало,1
паркету,1
прошли,1
георгий-то,1
смеется,1
доблестный,1
категорически,1
против,1
тона,1
нездоровы,1
уехали,1
лечиться,1
советовал,1
солдаты,1
вал,1
удерживали,1
чонгара,1
пошел,1
темнея,1
просвети,1
укрепи,1
аще,1
разделится,1
раззорится,1
вскрыть,1
предвидели,1
отпущаеши,1
телефону,1
керман,1
козырек,1
объявит,1
ниспошлет,1
силы,1
пережить,1
русское,1
иной,1
завязанной,1
марлей,1
императорское,1
величество,1
назову,1
контужен,1
сопровождении,1
конвойных,1
увлекаемый,1
штабными,1
вскрывает,1
прочитал,1
оскалился,1
летчика,1
барбовичу,1
неприятеля,1
ялту,1
проносится,1
шелест,1
могильная,1
кутепову,1
фостикову,1
кубанцами,1
феодосию,1
калинину,1
керчь,1
свернуть,1
сдан,1
поспешно,1
группы,1
таять,1
сворачиваются,1
исчезать,1
взревел,1
суета,1
порядка,1
которой,1
выходил,1
пытающиеся,1
удержать,1
удивленным,1
штабным,1
звонко,1
нелепом,1
вопросе,1
пропустите,1
удостоилась,1
лицезреть,1
кругом,1
бредит,1
эшелона,1
прикончат,1
группе,1
шорох,1
отчета,1
отдавая,1
отчет,1
говорят,1
правды,1
добьешься,1
негодяя,1
благословенный,1
случай,1
посчитаюсь,1
успел,1
уехать,1
знак,1
имя-отчество,1
смертельно,1
бледен,1
чует,1
беду,1
выехали,1
навстречу,1
наконец-то,1
ласково,1
супруга,1
посмотрел,1
учуял,1
какую-то,1
ловушку,1
владимировны,1
впервые,1
обман,1
поглядев,1
гадина,1
шантаж,1
счастье,1
обоих,1
забирай,1
интеллигентные,1
люди,1
нашелся,1
заступишься,1
уводят,1
став,1
книгах,1
написано,1
одними,1
удавками,1
выиграешь,1
мировой,1
порезал,1
попался,1
пожалела,1
удавленных,1
цап,1
стервятиной,1
питаешься,1
убрать,1
речи,1
проскальзывают,1
здравые,1
мысли,1
контрразведывательного,1
отделения,1
контрразведчика,1
доску,1
куском,1
заносясь,1
гибельные,1
выси,1
неизвестное,1
крапилин-вестовой,1
оголтелый,1
канаве,1
подожди,1
улыбаясь,1
храбер,1
женщин,1
вешать,1
слесарей,1
ошибаешься,1
чонгарскую,1
гать,1
ходил,1
гати,1
раза,1
ранен,1
губернии,1
плюют,1
музыку,1
очнулся,1
вздрогнул,1
опустился,1
жалобно,1
смилуйтесь,1
крапилиным,1
забытьи,1
плохой,1
начал,1
скверно,1
валяешься,1
контрразведчики,1
накидывают,1
увлекают,1
появляясь,1
летчики,1
вылетели,1
готовь,1
вагон,1
исчезают,1
телефонную,1
передать,1
линии,1
таганашу,1
втопчет,1
рвет,1
скорчившись,1
пролетел,1
далекий,1
раздается,1
тяжел,1
звука,1
почти,1
электричество,1
зале,1
обледенелые,1
обрушиваются,1
обнажается,1
видны,1
голубоватые,1
электрические,1
луны,1
железном,1
столбе,1
висит,1
длинный,1
фанера,1
надписью,1
углем,1
большевик,1
следующей,1
мачтой,1
повешенного,1
выпущенная,1
тащится,1
валенках,1
ищет,1
сонно,1
олька-то,1
дурочка,1
отцу,1
замечен,1
тьму,1
второе,1
игла,1
какое-то,1
грустное,1
освещение,1
осенние,1
письменный,1
стол,1
углу,1
столике,1
газет,1
шкаф,1
портьеры,1
письменным,1
платье,1
впускает,1
ва,1
шляпа,1
интеллигентный,1
робко,1
кашлянул,1
уверен,1
насколько,1
следовательно,1
командованию,1
распространяют,1
гадкие,1
слухи,1
учреждение,1
исполняет,1
труднейшую,1
работу,1
охране,1
государства,1
согласны,1
боитесь,1
причинили,1
какое-нибудь,1
зло,1
пока,1
везли,1
курите,1
предлагает,1
папиросы,1
интересует,1
арестованная,1
нелепая,1
история,1
припадок,1
волнуетесь,1
успокойтесь,1
разыгрывать,1
приват-доцента,1
надоела,1
сидишь,1
встать,1
швам,1
подымаясь,1
целится,1
руками,1
условимся,1
начнешь,1
включу,1
включает,1
нагреваясь,1
электричества,1
светить,1
ею,1
скучающим,1
имя,1
отчество,1
проживаете,1
постоянно,1
прибыли,1
расположение,1
советской,1
стремился,1
условия,1
поезде,1
познакомился,1
владимировной,1
бежала,1
именующая,1
твердо,1
солгал,1
испугался,1
опасность,1
игле,1
записываю,1
показания,1
делаю,1
состоит,1
бумаги,1
пишите,1
показали,1
диктовать,1
легче,1
остановитесь,1
иглой,1
будете,1
останавливаться,1
освещает,1
нижеподписавшийся,1
писать,1
диктовку,1
допросе,1
контрразведывательном,1
отделении,1
комфронтом,1
октября,1
двоеточие,1
парамона,1
ильича,1
останавливайтесь,1
состоящая,1
петрограда,1
район,1
занятый,1
вооруженными,1
силами,1
юга,1
установления,1
связи,1
подпольем,1
городе,1
чистосердечное,1
показание,1
невиновности,1
убежден,1
извините,1
резок,1
выведи,1
арестованного,1
улицу,1
отпусти,1
свободен,1
гуриным,1
забыв,1
мрачен,1
зажигая,1
лампу,1
оцените,1
откупиться,1
трапа,1
меньше,1
получить,1
признание,1
задержите,1
предлогом,1
посадку,1
полчасика,1
доля,1
пальцами,1
пошлю,1
агентуру,1
поскорей,1
памяти,1
полегче,1
та,1
больны,1
задерживать,1
сознайтесь,1
какая,1
пропаганда,1
приближаться,1
стрекот,1
копыт,1
играют,1
пристань,1
отвлекайтесь,1
сообщник,1
отдувается,1
мешайте,1
спать,1
очнитесь,1
прочтите,1
щурится,1
комкает,1
локтем,1
выбивает,1
стекло,1
отними,1
мелькнуло,1
папахой,1
бурках,1
выпускает,1
заступитесь,1
делают,1
заставили,1
написать,1
покажу,1
вытаскивает,1
гасите,1
темноте,1
обойдется,1
странном,1
наполовину,1
оборвана,1
беловатое,1
квадратное,1
пятно,1
большая,1
военная,1
карта,1
деревянный,1
бумагами,1
камин,1
неподвижно,1
перевязанной,1
пирамидону,1
доктор,1
рассеян,1
по-вашему,1
удивляясь,1
портретов,1
надлежит,1
приютить,1
исполнили,1
долг,1
отечеством,1
прикажете,1
позабочусь,1
одержана,1
победа,1
стать,1
величеству,1
кремле,1
остро,1
ставить,1
слишком,1
крайних,1
взглядов,1
выходу,1
оставшихся,1
посетителей,1
впускать,1
автоматически,1
минуты,1
приму,1
успею,1
пошлите,1
казака,1
отконвоировать,1
полковника,1
напишите,1
врачу,1
лекарство,1
задумывается,1
негодяи,1
вовремя,1
вызвать,1
невзирая,1
кутерьму,1
серьезно,1
газетный,1
тычет,1
отвечаете,1
напечатано,1
александру,1
македонскому,1
перрону,1
означает,1
свинячья,1
времена,1
перроны,1
дальше-с,1
взгляде,1
веселое,1
всякий,1
сомнения,1
туча,1
батальон,1
набрали,1
безграмотную,1
продажную,1
ораву,1
смели,1
печатать,1
катастрофы,1
отдам,1
оглушительно,1
грянул,1
соседней,1
хлопнув,1
дверью,1
отдышавшись,1
какого,1
черта,1
спрашивается,1
понесло,1
одному,1
бесноватому,1
владимировну,1
погибнет,1
небесное,1
лишаться,1
грубиян,1
прокляты,1
присно,1
веки,1
веков,1
дверям,1
входя,1
делается,1
незаметно,1
ускользает,1
глядя,1
ящики,1
отправились,1
сыны,1
израилевы,1
раамсеса,1
сокхоф,1
шестисот,1
пеших,1
библию,1
помню-с,1
читал,1
скуки,1
дунул,1
духом,1
твоим,1
покрыло,1
погрузились,1
великих,1
водах,1
погонюсь,1
настигну,1
разделю,1
добычу,1
насытится,1
ими,1
обнажу,1
меч,1
истребит,1
рука,1
хороша,1
клевещет,1
дожидаюсь,1
главнокомандующего,1
дожидается,1
дождется,1
стиле,1
библии,1
дождетесь,1
священное,1
писание,1
вспоминаем,1
севера,1
севастополю,1
подводит,1
гляньте,1
самое,1
осенив,1
частыми,1
крестами,1
провалился,1
нетерпением,1
ждал,1
конницу,1
сильно,1
трепали,1
зеленые,1
уютно,1
ехал,1
забился,1
утолок,1
обижаю,1
кухне,1
детстве,1
кухню,1
плите,1
зажег,1
спичку,1
чирк,1
спичка,1
погасни,1
шуршат,1
шур-шур,1
мур-мур,1
шуршание,1
кухонного,1
бух,1
громадным,1
стратегическим,1
талантом,1
задерживаю,1
переезжаю,1
гостиницу,1
воде,1
поближе,1
забываться,1
арестую,1
предвидел,1
вестибюле,1
произойдет,1
скандал,1
популярен,1
болезнь,1
целый,1
омерзительным,1
паясничеством,1
прикрываете,1
ненависть,1
скрою,1
зависть,1
власти,1
вовлекли,1
обещанные,1
союзные,1
рати,1
российская,1
империя,1
могли,1
вступить,1
борьбу,1
бессильны,1
ненавидеть,1
выйдет,1
стали,1
болезни,1
утихая,1
уходим,1
способ,1
перейти,1
продумал,1
следует,1
держу,1
гоните,1
верного,1
слугу,1
аз,1
иже,1
кровь,1
непрестанных,1
боях,1
тя,1
аки,1
стукнув,1
стулом,1
клоун,1
герой,1
стулья,1
ломать,1
словах,1
пришел,1
ярость,1
вырос,1
школа,1
симферополя,1
увидимся,1
пусто,1
показывается,1
анфилада,1
брошенных,1
комнат,1
люстрами,1
кисейных,1
мешках,1
эй,1
разрешает,1
уйдешь,1
вчера,1
пронзил,1
туман,1
раздавил,1
шляпы,1
войти,1
войдите,1
безумная,1
дерзость,1
обещали,1
допустят,1
осмелился,1
прибежать,1
сообщить,1
ужаснейших,1
преступлениях,1
совершающихся,1
прибежал,1
зверское,1
является,1
пятится,1
повешены,1
приятное,1
проявляйте,1
трусости,1
пришли,1
позавчера,1
велели,1
вспомнил,1
хотели,1
мерцают,1
малое,1
водой,1
погрузился,1
некому,1
пожаловаться,1
телефонных,1
трубок,1
вестибюль,1
есаула,1
голована,1
записана,1
доставь,1
подождем,1
сказали,1
ведите,1
мужчина,1
издеваетесь,1
поведу,1
живых,1
убью,1
исход,1
убьете,1
умолкает,1
отвернувшись,1
спутником,1
давит,1
представляется,1
тяжелым,1
медным,1
воли,1
поддамся,1
первому,1
видению,1
выздоравливают,1
колесо,1
стерло,1
кости,1
сломало,1
бессмысленно,1
таскаться,1
слышишь,1
неизменный,1
рукой,1
разрезает,1
любовница,1
нет-нет,1
встреченный,1
безумец,1
больную,1
уговорил,1
дьявольские,1
лапы,1
подвернулись,1
принесло,1
сломалась,1
явились,1
требовать,1
бессмысленный,1
двух,1
сторон,1
говорящий,1
нелепый,1
молчащий,1
раздвоилась,1
погружаюсь,1
проклятые,1
тянут,1
мглу,1
призывает,1
сумасшедший,1
лед,1
чонгаре,1
гнетешь,1
сберег,1
мою,1
слепой,1
убийца,1
помутился,1
чудак,1
бросает,1
сделайте,1
одолжение,1
стреляйте,1
догадается,1
выстрелить,1
стрелять,1
жалок,1
омерзителен,1
конце,1
концов,1
доставили,1
таком,1
косится,1
ворвался,1
угрожая,1
вооруженной,1
отбил,1
увез,1
рейд,1
открытое,1
берите,1
знамя,1
грузитесь,1
святителя,1
осмелюсь,1
здравом,1
уме,1
плывет,1
слепо,1
да-да-да,1
отстану,1
скорее,1
удовлетворил,1
свободе,1
бледнеет,1
покрылся,1
тьмой,1
тоскуя,1
бред,1
спешить,1
святитель,1
опоздаем,1
второго,1
третье,1
симфония,1
турецкие,1
напевы,1
вплетается,1
шарманочная,1
стоны,1
уличных,1
торговцев,1
гудение,1
трамваев,1
предвечернем,1
виден,1
господствующий,1
кровли,1
домов,1
необыкновенного,1
вроде,1
которым,1
красуется,1
крупная,1
сенсация,1
азартная,1
дозволения,1
sensation,1
constantinople,1
courses,1
des,1
cafards,1
races,1
of,1
cock-roachs,1
украшено,1
флагами,1
разных,1
стран,1
надписями,1
ординаре,1
двойном,1
кассой,1
начало,1
commencement,1
heures,1
сбоку,1
ресторан,1
золотушными,1
лаврами,1
кадках,1
деликатес,1
вобла,1
порция,1
вырезанный,1
раскрашенный,1
подающий,1
пенящуюся,1
кружку,1
лаконическая,1
сооружения,1
сзади,1
зное,1
жизнью,1
узкий,1
турчанки,1
чарчафах,1
турки,1
фесках,1
иностранные,1
моряки,1
белом,1
изредка,1
проводят,1
осликов,1
корзинами,1
лавчонка,1
кокосовыми,1
орехами,1
мелькают,1
потрепанной,1
форме,1
слышны,1
звоночки,1
продавцов,1
лимонада,1
вопит,1
мальчишка,1
пресс,1
дю,1
суар,1
выхода,1
вниз,1
сооружению,1
погон,1
выпивший,1
несмотря,1
мрачный,1
торгует,1
резиновыми,1
тещиными,1
языками,1
какими-то,1
прыгающими,1
фигурками,1
лотка,1
животе,1
бьется,1
ломается,1
кувыркается,1
красного,1
комиссара,1
увеселения,1
детишек-ангелочков,1
аштэ,1
пур,1
анфан,1
бунун,1
фиа,1
надыр,1
комбьен,1
пиастр,1
иох,1
бу,1
пахалы,1
дыр,1
каран,1
пропасть,1
ступай,1
гарем,1
сволочной,1
надрываются,1
тенора,1
продавцы,1
лимонов,1
сладко,1
басы,1
симфонии,1
струится,1
дельце,1
поставить,1
помилуйте,1
фармазон,1
неизвестный,1
поверить,1
имеет,1
торговое,1
бегами,1
так-то,1
артуровичу,1
ширм,1
мучается,1
пристегивая,1
фрачный,1
воротничок,1
понадобился,1
попросить,1
хамство,1
скажете,1
интереснее,1
скотина,1
снимите,1
подумаю,1
снимать,1
бесполезно,1
пускай,1
городов,1
перевидал,1
видал,1
многие,1
очаровательные,1
мировые,1
видали,1
харьков,1
ростов,1
киев-город,1
красота,1
лавра,1
пылает,1
горах,1
травы,1
сеном,1
пахнет,1
склоны,1
долы,1
днепре,1
черторой,1
киевом,1
прелестный,1
солнышко,1
вши,1
насекомое,1
фу,1
гадости,1
гадость,1
разбираться,1
насекомых,1
животное,1
военное,1
боевое,1
паразит,1
эскадронами,1
конном,1
строю,1
кроет,1
лавой,1
громаднейшие,1
тоскует,1
кричите,1
восхищаюсь,1
природы,1
нация,1
везучая,1
начнете,1
проповедовать,1
антисемитизм,1
прекращу,1
беседу,1
тебе-то,1
венгерец,1
менее,1
венгерцам,1
ликвидировать,1
предприятие,1
лоток,1
насмешки,1
строишь,1
штуку,1
продаю,1
продолжай,1
впредь,1
намерены,1
кровопийствовать,1
навязываюсь,1
счастливый,1
попались,1
северная,1
серебряные,1
ящиком,1
шапках,1
павлиньими,1
перьями,1
безрукавках,1
гармониями,1
выглянул,1
начинаем,1
взвивается,1
трехцветный,1
залихватский,1
первым,1
давайте,1
повалила,1
группа,1
полезли,1
разного,1
мелькнул,1
гремит,1
летает,1
цилиндре,1
взвился,1
смолк,1
открыты,1
виданная,1
нигде,1
придворная,1
курс,1
карсо,1
дель,1
пьятелло,1
рейс,1
оф,1
кок-рочс,1
любимая,1
забава,1
покойной,1
императрицы,1
царском,1
селе,1
ламюземан,1
префере,1
ла,1
дефянт,1
эмператрис,1
рюсс,1
итальянский,1
турецкий,1
заезд,1
жемчужина,1
аплодируют,1
evviva,1
е-м,1
потная,1
взволнованная,1
котелке,1
интендантских,1
опоздал,1
поспеешь,1
баба-яга,1
серый,1
яблоках,1
хулиган,1
свист,1
ай,1
ер,1
шансов,1
открытой,1
доске,1
бумажными,1
наездниками,1
живут,1
опечатанном,1
ящике,1
наблюдением,1
профессора,1
энтомологии,1
казанского,1
императорского,1
университета,1
еле,1
спасшегося,1
началу,1
хлынула,1
каменном,1
мертвое,1
музыке,1
шурша,1
лапки,1
отчаянный,1
похожий,1
дьяволенка,1
танцует,1
убить,1
высовывается,1
проявляют,1
беспокойство,1
заглядывают,1
выбежав,1
жульничество,1
артурка,1
пивом,1
опоил,1
вырывается,1
обе,1
фалды,1
фрака,1
оторваны,1
цилиндр,1
превращен,1
лепешку,1
воротничка,1
гонится,1
ladro,1
scroccone,1
trufatore,1
бей,1
джанни,1
ingannatore,1
ы-а,1
hurrah,1
long,1
live,1
pugovitza,1
фрателли,1
кто-то,1
подкупил,1
пуговицу,1
трясет,1
пьян,1
зюзя,1
видано,1
сбоил,1
отчаянии,1
видели,1
пьяного,1
таракана,1
деманд,1
пе,1
эсе-ке,1
заве,1
вю,1
суль,1
скур,1
полиция,1
мансонж,1
играла,1
мошенника,1
ц-м,1
marmalia,1
canalia,1
томно,1
убивают,1
н-а,1
итальянцу,1
stop,1
keep,1
back,1
уху,1
англичанину,1
заступаться,1
англичанин,1
ударяет,1
падает,1
soccorso,1
fratelli,1
англичан,1
англичане,1
схватываются,1
итальянцами,1
вытаскивают,1
ножей,1
разные,1
стороны,1
танцуя,1
англицанов,1
резут,1
свистя,1
схватывается,1
разваливается,1
настает,1
течет,1
кипарисами,1
двухэтажный,1
галереей,1
водоем,1
каменной,1
стучат,1
капли,1
каменная,1
скамья,1
калитки,1
повыше,1
кривой,1
пустынный,1
балюстраду,1
первые,1
предвечерние,1
чертова,1
пуговице,1
побежите,1
бегать,1
полагается,1
одета,1
неряшливо,1
блестят,1
дышит,1
неземно,1
мимолетной,1
красотой,1
бонжур,1
рано,1
прошлялась,1
позднего,1
провизии,1
счастливые,1
написаны,1
выразительном,1
лице,1
ящика,1
отсутствуют,1
начинаю,1
понимать,1
ели,1
вчерашнего,1
стирает,1
подавай,1
катастрофа,1
задумал,1
продать,1
видишь,1
положил,1
минутку,1
угу,1
украл,1
слабея,1
всегда,1
крадет,1
мерзавцев,1
кивает,1
таков,1
подлец,1
смеешь,1
ведром,1
ссорящиеся,1
замечают,1
куплен,1
общие,1
совсем,1
другими,1
вещами,1
валяешь,1
прошлой,1
неделе,1
псалмы,1
ездила,1
петь,1
спросил,1
появилось,1
неделю,1
газырями,1
тараканьих,1
подведем,1
итоги,1
лихой,1
рыцарь,1
разгромил,1
вынужден,1
нищенствует,1
спас,1
закусила,1
удила,1
непорочная,1
вздыхает,1
пропавшем,1
голубкове,1
блистательный,1
распутной,1
занимаюсь,1
раньше,1
лукавишь,1
слепая,1
знала,1
принес,1
беспокойся,1
благородства,1
сердись,1
выясним,1
выяснять,1
турнут,1
квартиры,1
жрать,1
абсолютно,1
продано,1
успокоиться,1
довел,1
белого,1
каления,1
отвечай,1
войди,1
воевал,1
полторы-две,1
помогут,1
злостный,1
рок,1
травит,1
лирика,1
поди,1
принесу,1
берись,1
моими,1
обижайся,1
пойду,1
принципов,1
чужой,1
питаться,1
зарабатываешь,1
яму,1
действовать,1
продаст,1
револьвера,1
жить,1
заменяет,1
питайся,1
женский,1
искушай,1
тронь,1
отравлю,1
грызетесь,1
затеваешь,1
шляпе,1
уходя,1
ждите,1
драки,1
заиграла,1
гнусный,1
клопы,1
изгои,1
чертовы,1
берлин,1
податься,1
испанский,1
бывал,1
пари,1
дыра,1
присаживается,1
корточки,1
шарит,1
кипарисом,1
находит,1
жадный,1
народ,1
самого,1
хвостика,1
докуривает,1
согласен,1
френче,1
обмотках,1
турецкой,1
феске,1
ставит,1
галереи,1
турецкая,1
морда,1
надрывать,1
гри,1
волнении,1
сбегает,1
турка,1
целует,1
пропадал,1
сперва,1
лагере,1
околачивался,1
тифом,1
заболел,1
провалялся,1
константинополю,1
приютил,1
разжаловали,1
штатский,1
насмотрелись,1
дворам,1
таким,1
образом,1
ищу,1
бойся,1
всему,1
привык,1
поправилась,1
живехонька,1
трудное,1
доцент,1
рухнуло,1
добегались,1
ручки,1
ловить,1
выпятился,1
сдыхаем,1
курил,1
полдня,1
чего-то,1
кидает,1
увешанный,1
покупками,1
бутылками,1
посидим,1
поболтаем,1
живем,1
бивуаках,1
сильным,1
акцентом,1
мило,1
боюсь,1
стеснить,1
познакомлю,1
поворачивается,1
греку,1
роняет,1
крайне,1
подавлен,1
встревоженные,1
греческие,1
армянские,1
грек,1
мухоловку,1
притон,1
печален,1
ужас,1
берясь,1
окнам,1
провалиться,1
проваливаются,1
закрываются,1
тоскливо,1
ой,1
двинулся,1
вынув,1
бумажник,1
кошелек,1
храбрый,1
дорогая,1
семья,1
живи,1
славь,1
всемогущего,1
стамбул,1
всмотрелся,1
кинулся,1
далее,1
вспоминали,1
находитесь,1
выход,1
блестящим,1
плыл,1
обрита,1
упрекать,1
гнался,1
оставьте,1
надоело,1
нищие,1
отделяюсь,1
погибать,1
срам,1
выхватывает,1
обхватив,1
отнимает,1
тюрьму,1
хочется,1
пусти,1
задержу,1
поражены,1
открывай,1
прикоснуться,1
сверткам,1
открою,1
терпение,1
кончилось,1
выпила,1
константинопольскую,1
чашу,1
галерее,1
хорошего,1
совместная,1
наша,1
кончена,1
знакомства,1
восточном,1
экспрессе,1
сидела,1
переулке,1
сидят,1
молчат,1
а-т,1
мальчишкой,1
поседел,1
появился,1
смотришь,1
вольный,1
ходим,1
следам,1
указывая,1
лечил,1
носится,1
мыслью,1
вылечить,1
безрезультатно,1
догони,1
побереги,1
водоеме,1
твердое,1
решение,1
уезжаю,1
богатый,1
обязан,1
погубил,1
пустит,1
францию,1
играл,1
капитан,1
участие,1
трюм,1
заберу,1
марсель,1
отвезу,1
долго,1
караулить,1
даю,1
клятву,1
обошлась,1
станция,1
хорош,1
караульщик,1
борется,1
трудно,1
угадать,1
грека,1
вымаливать,1
шишлы,1
комиссионный,1
дури,1
отстегивает,1
крайности,1
продашь,1
вечерние,1
гуще,1
сладкий,1
наступает,1
нестерпимый,1
сижу-то,1
достанем,1
куда-нибудь,1
думал,1
как-то,1
пристойнее,1
то-то,1
греки-хозяева,1
удивятся,1
обрадуются,1
прохлады,1
мальчишка-турок,1
вертит,1
ручку,1
летит,1
кое-где,1
загораются,1
небе,1
бледноватый,1
рог,1
третьего,1
четвертое,1
осенний,1
господина,1
собственном,1
особняке,1
обставлен,1
внушительно,1
числе,1
прочего,1
несгораемая,1
письменного,1
карточный,1
приготовлены,1
незажженные,1
благообразного,1
французского,1
зеленом,1
фартуке,1
marchand,1
m'avait,1
averti,1
qu'il,1
viendra,1
aujourd'hui,1
emuez,1
table,1
me,1
servirai,1
plus,1
tard,1
repondez-donc,1
quelque,1
chose,1
поняли,1
по-французски,1
лентяй,1
запомните,1
живущий,1
язык,1
пригоден,1
ругаться,1
непечатными,1
хуже,1
провозглашать,1
какие-нибудь,1
разрушительные,1
лозунги,1
другое,1
принято,1
que,1
faites-vous,1
ce,1
moment,1
настоящую,1
чищу,1
ле,1
куто,1
правильно,1
расстегивает,1
пижаму,1
принять,1
авось,1
партнер,1
подвернется,1
suis,1
maison,1
матросских,1
черных,1
брюках,1
сером,1
потертом,1
пиджачке,1
кепка,1
voudrais,1
parle,1
визитную,1
карт,1
француза,1
грищенко,1
жмет,1
антуану,1
карточек,1
мол,1
константинополя,1
пиджаке,1
вероятно,1
узнаете,1
ту,1
ужасную,1
жену,1
во-первых,1
во-вторых,1
сделался,1
взятия,1
мороза,1
изволите,1
ошибаться,1
некоторое,1
проживал,1
бушевали,1
полоумные,1
генералы,1
связей,1
россией,1
женат,1
доме,1
проживает,1
качестве,1
личного,1
секретаря,1
эмигрантка,1
принявшая,1
фамилию,1
очаровательнейшее,1
существо,1
тронуло,1
сердце,1
секрету,1
жениться,1
всякие,1
разговоры,1
якобы,1
имеющейся,1
неприятны,1
отказываетесь,1
живого,1
ехала,1
арестовали,1
фонарь,1
пыталась,1
шантажировать,1
легенды,1
жене-коммунистке,1
неприятен,1
повторяю,1
вне,1
всяких,1
сомнений,1
поймите,1
сделаю,1
выручить,1
нищеты,1
временно,1
богатейший,1
капиталы,1
взаймы,1
станем,1
свято,1
целью,1
предполагал,1
мифической,1
приведет,1
долларам,1
ослышался,1
тысяче,1
балладу,1
долларе,1
вдохновляется,1
великий,1
дух,1
глядите,1
кровле,1
луч,1
высоко,1
согбенная,1
кошка,1
стережет,1
пол,1
неясное,1
ощущение,1
звук,1
дыхание,1
вспученной,1
летят,1
поезда,1
закройте,1
мрак,1
волны,1
ходят,1
горы,1
вода,1
океан,1
сожрет,1
океане,1
сипением,1
топок,1
взрывая,1
тонн,1
чудовище,1
кряхтит,1
роет,1
тяжко,1
адских,1
топках,1
голые,1
кочегары,1
золотое,1
божественное,1
сердце-доллар,1
тревожно,1
звуки,1
проходящей,1
запаяны,1
стальные,1
шлемы,1
бросаются,1
грудью,1
колючую,1
проволоку,1
кинулись,1
оскорбили,1
божественный,1
городах,1
ликующе,1
трубы,1
отомщен,1
доллара,1
утихает,1
удаляется,1
вручил,1
неизвестному,1
молодому,1
целую,1
бездушный,1
получите,1
возмездие,1
уйти,1
женераль,1
серебряного,1
пояса,1
кинжала,1
лимонного,1
цвета,1
выражение,1
терять,1
развязен,1
грезишь,1
брудершафт,1
прости,1
удивляет,1
вид,1
одежды,1
присвоен,1
шли,1
улицам,1
шел,1
штанах,1
дурацкий,1
соотечественники,1
которые,1
боролись,1
большевиками,1
отказываешь,1
пустяковой,1
сумме,1
голодает,1
замолчать,1
грешный,1
нарочно,1
записался,1
расстрелять,1
расстрелял,1
выписался,1
удивительного,1
играю,1
представь,1
девятку,1
сыграем,1
удовольствием,1
унижаться,1
унижения,1
крайнем,1
крайнее,1
хлудовский,1
выйдем,1
физиономией,1
сену,1
нырнешь,1
приличная,1
однако,1
разбираешься,1
вручает,1
карточному,1
откатывает,1
рукава,1
черкески,1
взламывает,1
колоду,1
зовут,1
зычно,1
принеси,1
голубчик,1
закусить,1
удивленно,1
почтительно,1
лэнстан,1
самые,1
платит,1
мечет,1
желаете,1
удваивает,1
возьмет,1
умею,1
засти,1
очка,1
прикупаете,1
тройке,1
иногда,1
вносит,1
закуску,1
выпивая,1
рюмку,1
завтракал,1
ага,1
угодно,1
сто,1
шестьдесят,1
прислать,1
добр,1
займись,1
альбом,1
грянули,1
колокола,1
звонки,1
револьвером,1
руке,1
сигнализация,1
воров,1
открывал,1
хорошая,1
шестьсот,1
принимает,1
банк,1
играете,1
примете,1
девяносто,1
азартный,1
слабая,1
струна,1
уйдем,1
половиной,1
шучу,1
стоном,1
уши,1
ключом,1
звон,1
сцене,1
карточном,1
розовых,1
колпачках,1
пиджака,1
всклокочены,1
парижа,1
слышна,1
корзухиным,1
груды,1
валюты,1
диване,1
напевает,1
получишь,1
смертельный,1
четыреста,1
звоном,1
синий,1
рассвет,1
похожи,1
валяются,1
бутылки,1
шампанского,1
комкая,1
карманы,1
завернуть,1
сдайте,1
выдам,1
чек,1
каком-нибудь,1
банке,1
выдадут,1
явился,1
подштанниках,1
выкупи,1
вернуть,1
засиделись,1
загораживая,1
воспользовались,1
болезнью,1
верните,1
отступного,1
шутишь,1
вскричал,1
коварный,1
звоню,1
ограбили,1
схватят,1
оборванцы,1
молись,1
парижской,1
богоматери,1
смертный,1
настал,1
вопли,1
белье,1
спят,1
вилла,1
слышит,1
раздвигается,1
пижаме,1
увидев,1
окаменевает,1
спите,1
милая,1
патрона,1
бандиты,1
испила,1
горькой,1
чаши,1
казалось,1
имела,1
видела,1
тараканов,1
добрались,1
умоляюще,1
складывает,1
понятия,1
познакомимся,1
крысик,1
кричал,1
обидел,1
вернул,1
жабочка,1
поделаешь,1
покупал,1
покупали,1
дьяволу,1
каком,1
принадлежат,1
недоразумений,1
мальчик,1
уволю,1
антуана,1
пускать,1
всхлипнув,1
рада,1
повидать,1
соотечественников,1
встретиться,1
выиграли,1
уносите,1
громко,1
покидают,1
выпустите,1
ревуар,1
адье,1
унесло,1
наконец,1
отдохну,1
пустынной,1
воровски,1
оглянувшись,1
береги,1
купи,1
комната,1
коврах,1
низенькие,1
диваны,1
кальян,1
сплошная,1
стена,1
стеклами,1
догорают,1
лавры,1
верх,1
артуровой,1
осеннее,1
ковре,1
поджав,1
по-турецки,1
разговаривает,1
кем-то,1
достаточно,1
измучил,1
наступило,1
забывать,1
живые,1
повисли,1
требуют,1
завязала,1
узел,1
отлепить,1
примирился,1
непонятно,1
отделился,1
длинной,1
цепи,1
лун,1
вечного,1
покоя,1
думает,1
стареет,1
поникает,1
сделал,1
вертится,1
ловец,1
даль,1
проник,1
мучь,1
решился,1
облегчи,1
кивнул,1
решено,1
говорили,1
манера,1
бормотать,1
ковер,1
живу,1
стеной,1
ночам,1
бормотанье,1
легко,1
сама,1
достану,1
другую,1
комнату,1
квартале,1
надзором,1
продал,1
перстень,1
светло,1
особенного,1
комфорта,1
предложить,1
разгром,1
выброшены,1
мы-то,1
уезжал,1
догнали,1
вернули,1
сходит,1
применять,1
силу,1
ненормальные,1
жаль,1
осталась,1
нянька,1
раздражайтесь,1
причиняете,1
вред,1
причинить,1
вреда,1
ушло,1
вспоминайте,1
решиться,1
этак,1
клубочек,1
размотается,1
сдаю,1
врассыпную,1
каким,1
безумием,1
отпустить,1
прощу,1
виновата,1
обезумела,1
упреков,1
скитаниях,1
умер,1
валят,1
отпустили,1
проклинаю,1
правде,1
решила,1
пустили,1
попрошусь,1
сумасшедшая,1
умно,1
умный,1
можете,1
спокойно,1
держит,1
придвигается,1
тсс,1
вам-то,1
нюх,1
россию,1
чужим,1
явлюсь,1
расстреляют,1
моментально,1
ситцевая,1
рубашка,1
подвал,1
тает,1
бремя,1
бормочете,1
безумный,1
останьтесь,1
вылечитесь,1
вылечился,1
здоров,1
ведрах,1
плавать,1
снега,1
столбы,1
столбах,1
фонарики,1
фонариками,1
громкий,1
одеты,1
приличные,1
костюмы,1
чемоданчик,1
поговорим,1
стеклянную,1
стену,1
плачешь,1
вернулся,1
погиб,1
знал,1
тосковала,1
ясно,1
дождалась,1
придумаем,1
жила,1
измучилась,1
опомнилась,1
могла,1
простить,1
отпустила,1
сижу,1
мерещится,1
оборванный,1
голодный,1
больной,1
новая,1
неинтересно,1
свободна,1
порядке,1
любишь,1
скажет,1
чемодан,1
одумайся,1
говорила,1
удержишь,1
сообразил,1
задумано,1
какой-нибудь,1
хитроумный,1
план,1
созрел,1
зря,1
едешь,1
знай,1
проживешь,1
ровно,1
столько,1
потребуется,1
парохода,1
снять,1
довести,1
ближайшей,1
стенки,1
строжайшим,1
караулом,1
разорвали,1
большую,1
оставил,1
попутно,1
божьего,1
больному,1
говоришь,1
остановить,1
останься,1
тосковать,1
мучает,1
лавру,1
бегал,1
смертью,1
специально,1
жалости,1
езди,1
каяться,1
удержите,1
требует,1
проситься,1
придумала,1
скитаться,1
пустят,1
делить,1
корзухинские,1
доехал,1
как-нибудь,1
хватит,1
предлагаю,1
благородство,1
развязала,1
петлю,1
питер,1
жид,1
отныне,1
агасфер,1
летучий,1
голландец,1
собачий,1
пробили,1
поднялся,1
кудеяр-атаман,1
ба,1
вертушка,1
яснее,1
разбойники,1
пролили,1
честных,1
христиан,1
ахнешь,1
явится,1
всей,1
славе,1
видеть,1
полтора,1
объясни,1
бежали,1
фонари,1
перроне,1
караванную,1
забыть,1
разливается,1
шире,1
господу,1
помолимся,1
древнюю,1
быль,1
возвестим,1
издали,1
мерещилось,1
вернемся,1
следы,1
заметет,1
выбегают,1
гаснуть,1
угасает,1
примечания,1
тысяча,1
извинений,1
греческая,1
века,1
владыка,1
presse,1
вечерняя,1
газета,1
achetez,1
pou,1
votres,1
enfants,1
piastres,1
i,1
beg,1
you,1
pardon,1
мошенник,1
плут,1
сброд,1
негодяй,1
магометан,1
маршан,1
сообщил,1
убирать,1
обедать,1
позднее,1
отвечайте,1
l'instant,1
au,1
evoi,1
mademoiselle,1
свиданья,1
adieu,1
