Bulghakov_Zapiski iunogho vracha.txt,22899
–,985
и,939
я,704
в,695
не,377
на,340
что,272
а,219
как,208
у,197
с,194
меня,163
мне,131
он,125
же,106
за,102
но,102
по,98
это,94
было,91
к,89
она,87
все,83
его,80
из,80
ее,78
так,77
мы,70
вот,68
от,64
еще,59
то,56
потом,55
сказал,54
да,54
был,51
бы,49
о,48
уже,48
ты,48
нет,47
глаза,46
только,46
когда,45
под,44
вы,44
доктор,43
ничего,42
,40
человек,40
тут,39
при,38
нужно,38
сейчас,36
ну,36
очень,35
него,35
ни,35
фельдшер,35
нее,34
через,33
пелагея,33
два,31
во,31
чем,31
стал,31
ли,30
мать,30
раз,29
может,29
была,29
лукич,29
подумал,29
руки,28
себе,28
демьян,28
вдруг,28
лицо,28
если,27
ему,27
даже,26
до,26
будет,25
мой,25
том,25
анна,25
там,25
были,24
ах,24
ведь,24
их,24
теперь,24
аксинья,24
ивановна,24
николаевна,24
делать,24
баба,24
этого,23
спросил,23
со,23
быть,23
горло,22
того,21
опять,21
буду,21
ко,21
моей,21
день,21
ответил,21
видел,21
ей,21
пять,20
возница,20
женщина,20
голосом,20
вам,20
лет,19
время,19
вас,19
себя,19
без,19
минут,18
они,18
отозвался,18
больше,18
после,18
глазах,18
один,18
или,17
этот,17
больницу,17
руках,17
затем,17
стало,17
где,17
врач,17
часа,16
зачем,16
тебе,16
пока,16
дело,16
для,16
лошади,16
говорил,16
мои,15
черт,15
думал,15
увидел,15
уж,15
сидел,15
ней,15
сказала,15
хорошо,15
голос,15
глазами,15
моего,15
совершенно,15
младенца,15
нас,15
этом,14
них,14
чтобы,14
кроме,14
ж,14
значит,14
голову,14
наконец,13
всего,13
будто,13
такое,13
свет,13
крови,13
мной,13
над,13
тогда,13
здесь,13
эту,13
долго,13
глаз,12
больницы,12
дня,12
года,12
хотя,12
руками,12
шесть,12
дверь,12
конечно,12
зубы,12
сразу,12
никогда,12
какие,12
столе,12
десять,12
несколько,12
спросила,12
сам,12
сколько,12
груди,12
вьюга,11
кто,11
ноги,11
сквозь,11
заговорил,11
тоже,11
руку,11
три,11
мною,11
свете,11
почему,11
жизни,11
помню,11
чего,11
девочку,11
бабка,11
год,11
тьма,10
город,10
мысленно,10
другой,10
мог,10
хотел,10
роды,10
лампы,10
что-то,10
взял,10
эти,10
весь,10
дней,10
передо,10
зуб,10
сердце,10
женщины,10
узнал,10
знаю,10
часы,10
стала,10
второй,10
мельник,10
сифилис,10
семен,10
сыпь,9
почему-то,9
тоскливо,9
месяц,9
прямо,9
ним,9
чему,9
должен,9
про,9
гм,9
можно,9
видно,9
двери,9
стали,9
кто-то,9
лежала,9
пульс,9
лишь,9
сказать,9
фельдшеру,9
акушерка,9
нож,9
дальше,9
знаете,9
много,9
делал,9
как-то,9
говорит,9
поворот,9
одна,9
матери,9
где-то,9
понял,9
страшно,9
часов,9
вон,9
нету,9
рот,9
иванна,9
об,8
тому,8
верст,8
виде,8
болезнь,8
которой,8
назад,8
окнами,8
голове,8
вместо,8
одной,8
лица,8
каждый,8
понимаю,8
кабинете,8
рядом,8
жизнь,8
акушерок,8
вечера,8
есть,8
двух,8
прием,8
потому,8
правда,8
резать,8
сообразил,8
пол,8
слова,8
чтоб,8
моя,8
волосы,8
операционной,8
головой,8
стороны,8
придется,8
лежал,8
больнице,8
сон,8
прошел,8
положение,8
батюшка,8
тотчас,8
дома,8
нем,8
именно,8
снегом,8
девочка,8
две,8
акушерки,8
снег,8
лидка,8
эта,8
завтра,8
солдат,8
врача,7
египетская,7
ровно,7
стараясь,7
действительно,7
пальцы,7
собственно,7
такой,7
могу,7
двадцать,7
сегодня,7
разве,7
начал,7
обязательно,7
фельдшера,7
однако,7
заметил,7
больной,7
грыжа,7
раза,7
надо,7
приехал,7
белой,7
ответила,7
глянул,7
мысль,7
умрет,7
первый,7
капли,7
операцию,7
сторону,7
пелагеи,7
ивановны,7
фонарь,7
кабинет,7
привезли,7
перед,7
рук,7
рукой,7
глядя,7
сзади,7
показалось,7
одного,7
который,7
зрачки,7
пожарный,7
лечиться,7
липонтий,7
грудь,7
солдата,7
пациент,7
мазь,7
нечего,6
равно,6
стоял,6
этих,6
лежали,6
мое,6
пальцами,6
ручку,6
отчаянно,6
хоть,6
ночь,6
одно,6
вперед,6
кругом,6
прежде,6
глушь,6
помнится,6
слово,6
неужели,6
возможности,6
свой,6
леопольда,6
палаты,6
вечер,6
забыл,6
коллега,6
сто,6
никто,6
чуть,6
окном,6
спать,6
хотите,6
дам,6
аксиньи,6
ужасе,6
кровь,6
всегда,6
тихо,6
кожу,6
вышел,6
видимо,6
быстро,6
шприц,6
мою,6
жаль,6
ножом,6
пот,6
пусть,6
жива,6
ногу,6
фигура,6
всех,6
приказал,6
вошел,6
такие,6
таких,6
читал,6
анны,6
рвать,6
заснул,6
словно,6
тихонько,6
почувствовал,6
женщину,6
постели,6
этой,6
самому,6
лошадь,6
час,6
поперечное,6
диагноз,6
халате,6
ножку,6
самое,6
свои,6
мгновенно,6
слушал,6
бывает,6
марли,6
четыре,6
верстах,6
шел,6
вообще,6
черной,6
вынул,6
добавил,6
минуту,6
тебя,6
внизу,6
ушел,6
пути,6
приехали,6
врачу,6
какая,6
гу,6
нам,6
бабочка,6
тот,6
зеркало,6
неделю,6
глотку,6
глотка,6
карпова,6
настолько,5
страницы,5
человека,5
говорить,5
шепотом,5
свое,5
виноват,5
белый,5
сами,5
кости,5
оказывается,5
возле,5
торопливо,5
егорыч,5
немного,5
первых,5
помощи,5
плохо,5
вдохновенно,5
левой,5
успел,5
которых,5
сама,5
вследствие,5
убедился,5
вовсе,5
поглядел,5
давно,5
простыней,5
хирургии,5
тридцати,5
городе,5
какой,5
тех,5
пор,5
лен,5
одному,5
позвольте,5
страх,5
ответ,5
господин,5
случилось,5
померла,5
вновь,5
памяти,5
конец,5
цвета,5
нос,5
белом,5
глухо,5
молвил,5
нашел,5
своего,5
помрет,5
умерла,5
палате,5
дай,5
благополучно,5
вторую,5
лучше,5
видите,5
последний,5
стук,5
сорока,5
пяти,5
сверток,5
вода,5
тишина,5
спальню,5
вспомнил,5
всю,5
дверью,5
снова,5
щипцы,5
времени,5
воду,5
посмотрим,5
осторожно,5
николаевны,5
додерляйна,5
додерляйн,5
йодом,5
своей,5
внутри,5
вытер,5
вещи,5
операции,5
поможет,5
получил,5
одну,5
голова,5
палату,5
младенец,5
ночью,5
глуши,5
засыпая,5
итак,5
хотелось,5
слышал,5
двор,5
смотрел,5
трех,5
девочки,5
капель,5
ясно,5
метель,5
книгу,5
лечить,5
раны,5
девять,5
конторщик,5
санях,5
угу,5
бормотал,5
гражданин,5
щеку,5
сбоку,5
факел,5
упор,5
челюсть,5
нельзя,5
дорога,5
дядя,5
черных,5
никого,5
бороться,5
борода,5
ага,5
бриться,5
lues,5
подлец,5
петухом,4
полотенце,4
сорок,4
грачевку,4
мурьевской,4
дворе,4
учебников,4
тупо,4
деревне,4
ногах,4
сверху,4
пальто,4
знает,4
ездить,4
товарищ,4
пятнадцать,4
дом,4
большой,4
чемодан,4
поеду,4
сделали,4
тьме,4
утром,4
другое,4
молчание,4
рука,4
закричал,4
петух,4
москве,4
такой-то,4
люди,4
университет,4
руке,4
стояла,4
волос,4
леопольд,4
горела,4
лампа,4
около,4
грыжу,4
круп,4
ребят,4
увидал,4
одиночестве,4
мозгу,4
взялся,4
справочник,4
явно,4
машинально,4
все-таки,4
голоса,4
брось,4
загремел,4
лбом,4
единственная,4
деньги,4
останется,4
вокруг,4
мялку,4
крикнул,4
белым,4
секунд,4
слышно,4
движением,4
белые,4
прошла,4
сурово,4
камфары,4
тем,4
ловко,4
масло,4
умирай,4
покосился,4
неизвестно,4
что-нибудь,4
умирает,4
прошло,4
четверть,4
ужасом,4
лбу,4
марлей,4
девушки,4
девушка,4
судьбу,4
кость,4
демьяна,4
лукича,4
казалось,4
ухо,4
живет,4
оставили,4
сухой,4
локоть,4
хуже,4
докторской,4
щеки,4
оно,4
черная,4
ложиться,4
лег,4
мгле,4
сиделка,4
мелькнуло,4
ногами,4
спички,4
поздно,4
одни,4
лампу,4
таз,4
роженицу,4
жалобно,4
из-за,4
открыл,4
кровати,4
молодая,4
простыни,4
торжественно,4
откуда,4
живот,4
ничем,4
помогать,4
легче,4
комбинированный,4
домой,4
вдоль,4
следует,4
места,4
куда,4
новые,4
опасности,4
каждым,4
мысли,4
двенадцать,4
минуты,4
жадно,4
весьма,4
чувство,4
закрыл,4
уверенно,4
говорю,4
чай,4
читать,4
остался,4
случае,4
черный,4
помирает,4
моих,4
молодой,4
появилась,4
валенках,4
университетский,4
поставил,4
главное,4
пятый,4
обернулся,4
делают,4
им,4
лампы-молнии,4
трубку,4
согласия,4
дыхательное,4
лоб,4
пошел,4
никакого,4
горла,4
судьба,4
причем,4
своем,4
выросла,4
лидке,4
спасибо,4
вся,4
мело,4
спасти,4
своим,4
пожалуйста,4
водой,4
тело,4
вчера,4
печки,4
морфий,4
одном,4
лошадей,4
черными,4
рвет,4
навстречу,4
тише,4
плача,4
кусок,4
саней,4
тысячи,4
черную,4
сани,4
рождения,4
первые,4
метели,4
полночь,4
белладонной,4
приеме,4
словами,4
приехала,4
говорила,4
всем,4
косой,4
горчишники,4
могут,4
воспоминаний,4
младенцу,4
некоторым,4
марья,4
острове,4
головы,4
пелагеей,4
ивановной,4
пришло,4
случай,4
сломал,4
будете,4
мази,4
супруга,4
язва,4
прошли,4
семена,4
ивана,4
поворотом,3
стальное,3
звездная,3
уездный,3
ехали,3
сентября,3
смутно,3
существует,3
болела,3
болью,3
боль,3
приходится,3
похожи,3
университета,3
правой,3
пытался,3
губами,3
привыкнуть,3
злобно,3
дороге,3
эх,3
оглянулся,3
фельдшерского,3
домика,3
свою,3
мелькнула,3
слов,3
которую,3
холода,3
привет,3
прощай,3
тулуп,3
рвал,3
раньше,3
ночевать,3
пришлось,3
выехали,3
утра,3
воздух,3
поле,3
ан,3
живой,3
испуганно,3
эй,3
показались,3
прилипли,3
снял,3
сторож,3
ухватился,3
плечо,3
огонь,3
давал,3
юный,3
шагах,3
приходилось,3
кончил,3
хмуро,3
уважение,3
момент,3
страстно,3
кверху,3
ними,3
целый,3
жена,3
кухарки,3
известно,3
леопольдовича,3
фу,3
угодно,3
выписал,3
уважением,3
зачарованный,3
глядел,3
диплом,3
привезут,3
нею,3
дифтерийный,3
лампой,3
окне,3
стол,3
говорят,3
деревнях,3
дорогой,3
вздрогнул,3
выписать,3
книге,3
больных,3
порошку,3
прочитал,3
возьми,3
ущемленная,3
черту,3
никакой,3
грыжи,3
шапки,3
колени,3
забормотал,3
выкрикнул,3
господи,3
чувствуя,3
берите,3
будем,3
потолок,3
хватит,3
висело,3
начало,3
операционном,3
пятно,3
показался,3
желтым,3
лице,3
часто,3
сиделки,3
такая,3
красавица,3
вдовец,3
шепнул,3
юбку,3
остро,3
правая,3
обе,3
безжизненно,3
прибавил,3
сделаешь,3
лицом,3
менее,3
желтое,3
простыню,3
железной,3
ампутацию,3
скажет,3
посмотрела,3
веко,3
жить,3
из-под,3
белого,3
университете,3
опытный,3
полоснул,3
громадный,3
торзионные,3
пинцеты,3
ох,3
оставил,3
посмотрел,3
эхо,3
деликатно,3
сипло,3
пятнами,3
окно,3
тени,3
стихло,3
вероятно,3
удивление,3
складка,3
скажут,3
месяца,3
спальне,3
воспоминания,3
дороги,3
стучали,3
веки,3
решил,3
деревни,3
позже,3
проснулся,3
поднялся,3
шли,3
дульцева,3
скажи,3
впрочем,3
посмотреть,3
стоит,3
побежал,3
приемной,3
отделение,3
стон,3
верхней,3
раствор,3
спокоен,3
крикнула,3
вроде,3
одеяло,3
исследование,3
продолжал,3
постарался,3
помог,3
роженице,3
клинике,3
электрические,3
делаю,3
подтвердил,3
рисунки,3
головами,3
внимательно,3
абсолютно,3
плечи,3
спине,3
опасность,3
дальнейших,3
женщиной,3
дульцево,3
плода,3
муж,3
повороты,3
довольно,3
бросил,3
обратно,3
маску,3
женщине,3
небось,3
прочел,3
акушерству,3
каких,3
вытирать,3
думать,3
важно,3
книги,3
которого,3
комнату,3
выкрикнула,3
реже,3
пятна,3
хриплый,3
жив,3
подушке,3
глубине,3
знать,3
вернулся,3
воет,3
мечтал,3
восемь,3
факультет,3
профессор,3
маленький,3
уши,3
мигает,3
платке,3
беззвучно,3
платок,3
горле,3
глубоко,3
думала,3
бабку,3
приняла,3
девчонку,3
твердо,3
удалось,3
легких,3
испугался,3
нисколько,3
соглашайтесь,3
немедленно,3
зонд,3
рисунок,3
трахеотомию,3
согласилась,3
каплями,3
спрашивает,3
остались,3
сидела,3
хлынула,3
нигде,3
сделал,3
поднял,3
лидку,3
вколол,3
спиной,3
строго,3
осталась,3
звук,3
повернулся,3
перестал,3
видеть,3
вошла,3
благодарю,3
принял,3
агронома,3
возможно,3
легла,3
тумане,3
пришел,3
размеров,3
вверху,3
криво,3
квартире,3
полу,3
спину,3
приезжает,3
корыта,3
записку,3
прошу,3
приехать,3
рта,3
мужчина,3
шуба,3
несчастье,3
ворота,3
браунинг,3
пошли,3
завалился,3
черепа,3
мозг,3
пробурчал,3
качало,3
дайте,3
шубу,3
обрадовался,3
рад,3
конторщика,3
плечами,3
наложил,3
лекарство,3
ехать,3
остаться,3
исчез,3
потух,3
мир,3
съежился,3
несет,3
куда-нибудь,3
самого,3
всякой,3
страха,3
сухим,3
го,3
вырос,3
точно,3
лестницы,3
тепло,3
насмешливо,3
фонари,3
небо,3
наверное,3
кочергой,3
декабря,3
капелек,3
отозвалась,3
темный,3
нему,3
заложило,3
глотке,3
верно,3
уехал,3
ставил,3
анекдот,3
воскликнула,3
расскажите,3
место,3
лежит,3
однажды,3
землю,3
одиноко,3
ходит,3
рыжая,3
срок,3
лихорадка,3
покорнейше,3
последние,3
сильно,3
зеркале,3
прочно,3
работы,3
необитаемом,3
левую,3
втроем,3
разных,3
области,3
лекарь,3
мол,3
понимать,3
душе,3
моими,3
челюсти,3
велел,3
ранах,3
брезгливо,3
потерялся,3
резал,3
знаешь,3
постой,3
сифилисе,3
пациента,3
смотрит,3
сыпью,3
рассказал,3
коснулся,3
разговор,3
пакетиков,3
втираний,3
лечение,3
надежда,3
исчезла,3
масла,3
старые,3
амбулаторные,3
хотов,3
семья,3
ваньку,3
губернии,2
михаил,2
крещение,2
пропавший,2
ездил,2
дорогам,2
рассказывать,2
поймет,2
хочу,2
скажу,2
коротко,2
моим,2
траве,2
перелистывал,2
сне,2
грабиловке,2
мышцы,2
зовут,2
зубную,2
чемодана,2
траву,2
вспомнилась,2
паралич,2
п,2
еле,2
двухэтажный,2
бревенчатые,2
стены,2
вздохнул,2
мутно,2
фраза,2
следующий,2
злобном,2
отчаянии,2
тулупа,2
семь,2
яму,2
носом,2
сеет,2
стынут,2
видишь,2
справа,2
серые,2
избы,2
штук,2
кажется,2
души,2
работать,2
плюхнулся,2
ногам,2
никаких,2
претензий,2
привез,2
почтительно,2
стыдливо,2
ждем,2
карман,2
человеку,2
сущности,2
солидно,2
отвечал,2
очки,2
очков,2
старался,2
движения,2
выходило,2
многих,2
одних,2
носках,2
кухне,2
тянулся,2
грудой,2
погиб,2
всеми,2
звали,2
ясностью,2
инструментарий,2
инструментов,2
держал,2
видал,2
многозначительно,2
прелестный,2
вашего,2
предшественника,2
свободно,2
иногда,2
лежало,2
моложавы,2
удивительно,2
честное,2
аптеку,2
комнатах,2
пахло,2
полках,2
стояло,2
леопольдович,2
гордостью,2
доложила,2
мурьево,2
огня,2
набит,2
егорычем,2
бегло,2
томов,2
упорно,2
имею,2
пятерок,2
идти,2
врачом,2
говорили,2
грыжей,2
холод,2
трахеотомия,2
неправильные,2
отказаться,2
участка,2
какого-нибудь,2
тоске,2
кабинету,2
полей,2
мелькнул,2
бледный,2
похож,2
некоторые,2
так-с,2
мнут,2
бухнул,2
суровый,2
поедет,2
будь,2
неврастения,2
внутренний,2
ипекакуанку,2
выпишу,2
двести,2
малодушно,2
перелистал,2
попутно,2
какой-то,2
инсипин,2
имеет,2
ванну,2
ванны,2
пел,2
гляди,2
спят,2
поля,2
атлас,2
пискнула,2
телега,2
свалявшейся,2
бородкой,2
повалился,2
рукав,2
бормотать,2
метнулся,2
пущай,2
кричал,2
бледное,2
черном,2
тоска,2
говорите,2
болезненно,2
секрету,2
мяли,2
дочка,2
скобку,2
лампа-молния,2
абажуром,2
светлые,2
пола,2
бухал,2
обезумел,2
правильные,2
черты,2
красивая,2
края,2
колена,2
красные,2
голени,2
выскочили,2
отдельно,2
набок,2
носа,2
счастью,2
удержался,2
моему,2
мрачно,2
ампулу,2
ушло,2
скорее,2
тобой,2
светло,2
нашего,2
хрипло,2
покорно,2
уверенность,2
молчит,2
отец,2
готовьте,2
чужим,2
дико,2
сочувствия,2
вглядывался,2
постигаю,2
полутруп,2
пота,2
бежали,2
кофеин,2
впрыскивать,2
касаясь,2
кому-то,2
полчаса,2
работал,2
дав,2
сосуды,2
мяса,2
выступило,2
торзионным,2
пинцетом,2
всюду,2
arteria,2
похоже,2
вместе,2
девичьей,2
ногой,2
оказалась,2
треть,2
немножко,2
потерпи,2
зашивать,2
остановился,2
вложил,2
тяжело,2
минуточку,2
запнулся,2
давайте,2
силой,2
поту,2
недвижно,2
нога,2
удивленно,2
тела,2
стене,2
окровавленные,2
неизменно,2
исподлобья,2
взглянул,2
совсем,2
пришлите,2
вполголоса,2
квартиры,2
переносицей,2
половиной,2
костылях,2
красоты,2
широчайшей,2
поглядела,2
розовой,2
писать,2
неожиданно,2
губ,2
подушку,2
столике,2
возьму,2
мурьеве,2
исчезло,2
дни,2
n-ской,2
понемногу,2
привыкать,2
бывало,2
целыми,2
дождь,2
крыше,2
окна,2
керосиновый,2
ворот,2
начали,2
зевнул,2
предвкушая,2
дождя,2
разделся,2
прохоровой,2
анне,2
блестящими,2
щипцами,2
усмехнулся,2
сел,2
всматриваясь,2
прислушиваться,2
настойчиво,2
громко,2
барабанил,2
засов,2
послышался,2
шепот,2
вами,2
туфли,2
должно,2
случиться,2
катары,2
приду,2
соскочил,2
зажег,2
половина,2
доброго,2
накладывать,2
немыслимо,2
сделать,2
беда,2
акушерками,2
сперва,2
волноваться,2
оделся,2
полутьме,2
чего-то,2
фигуры,2
бабий,2
несмотря,2
донесся,2
слабый,2
замер,2
комната,2
ярко,2
освещена,2
столом,2
укрытая,2
одеялом,2
подбородка,2
искажено,2
намокшие,2
пряди,2
вторая,2
позе,2
роженица,2
тяжко,2
ну-с,2
своему,2
уверен,2
доктору,2
мыть,2
пену,2
вопросы,2
край,2
ощупывать,2
коже,2
говоря,2
опытная,2
исследовал,2
верный,2
налицо,2
сторон,2
искоса,2
одобрение,2
приподнялся,2
снаружи,2
изнутри,2
почитать,2
невозможно,2
густую,2
производить,2
блестящий,2
краны,2
ассистент,2
те,2
замелькали,2
прямой,2
непрямой,2
младенцы,2
огромными,2
ручка,2
текст,2
навеки,2
неблагоприятное,2
самой,2
месяцев,2
окончившего,2
хлороформ,2
прекрасно,2
наркозом,2
делается,2
операция,2
папиросы,2
надевая,2
разрыва,2
матки,2
затруднения,2
проникнуть,2
попыток,2
поворота,2
ножки,2
легко,2
получиться,2
дать,2
печальным,2
последствиям,2
страшные,2
пробегая,2
черные,2
часом,2
промедления,2
некомбинированный,2
кресло,2
привести,2
порядок,2
швырнул,2
готово,2
терпи,2
бормотала,2
моченьки,2
кранов,2
потекла,2
обнаженные,2
рассказывала,2
предшественник,2
дали,2
твердый,2
медленно,2
сладкий,2
запах,2
га-а,2
судорожно,2
слабее,2
комнате,2
падали,2
марлю,2
та,2
сгустки,2
скрип,2
крик,2
страшного,2
тетя,2
чистой,2
аксиньей,2
плаксивый,2
папироской,2
смеется,2
полно,2
кровавый,2
чувствую,2
червяк,2
сомнения,2
знания,2
даст,2
возможность,2
первую,2
учебника,2
спокойно,2
бог,2
чисто,2
второго,2
света,2
странице,2
темные,2
знание,2
опыт,2
оказалось,2
необыкновенно,2
длинны,2
уездном,2
убежать,2
туда,2
всяком,2
временами,2
понимал,2
малодушие,2
предположим,2
больного,2
холодный,2
оперативной,2
курил,2
пил,2
отлично,2
брюки,2
вышло,2
страшнее,2
одиннадцать,2
ночи,2
пожалуйте,2
ждал,2
одетый,2
халатах,2
свистел,2
плакала,2
решительно,2
детей,2
громаднейшие,2
странная,2
дне,2
дышать,2
ямки,2
каждом,2
цвет,2
они-то,2
больна,2
среди,2
б,2
замолчи,2
повторил,2
разговаривать,2
стану,2
юбкой,2
бабки,2
качать,2
начала,2
косяк,2
свистом,2
ждет,2
взять,2
акушерке,2
которая,2
хотела,2
выходил,2
заглянуть,2
девочке,2
белое,2
рваное,2
ничто,2
серебряную,2
камфару,2
зарыдала,2
согласна,2
резко,2
добавила,2
вымолвил,2
ума,2
скорей,2
увели,2
плач,2
женщин,2
выговорил,2
крючки,2
синий,2
трудное,2
страшное,2
глупая,2
операционную,2
блестящие,2
услыхал,2
убьет,2
повторила,2
провел,2
горлу,2
какие-то,2
ткани,2
темная,2
рану,2
шее,2
холодно,2
медицинский,2
попал,2
наобум,2
куда-то,2
комками,2
концу,2
положить,2
крючок,2
всё,2
против,2
старшая,2
продолжайте,2
ударился,2
бросить,2
повеяло,2
показалась,2
дикого,2
услышал,2
земли,2
перекрестилась,2
впрыснуть,2
очереди,2
горел,2
подошел,2
днем,2
приемную,2
всмотрелся,2
боялась,2
подбородок,2
можете,2
велела,2
халат,2
ездят,2
деревню,2
м-да,2
отвел,2
костюм,2
штанах,2
стать,2
санному,2
обедать,2
подряд,2
стационарное,2
словом,2
ребра,2
прохладный,2
обходе,2
сиделок,2
болел,2
мозга,2
нес,2
снега,2
желтом,2
кончится,2
интересно,2
будут,2
написал,2
вежливо,2
полагается,2
письмо,2
гипсовые,2
повязки,2
угадать,2
утро,2
спальни,2
диким,2
пришла,2
радостно,2
скважину,2
замечательный,2
квартира,2
комнаты,2
кухня,2
косо,2
аксинье,2
воды,2
корыто,2
разговора,2
корыте,2
эт-то,2
ожидании,2
ей-богу,2
пела,2
облил,2
бур,2
бас,2
вылез,2
уважаемый,2
зачеркнуто,2
убедительно,2
камфара,2
подпись,2
жаркие,2
печке,2
сюда,2
пишет,2
гости,2
нашему,2
вылетела,2
выразить,2
прочувственно,2
утихло,2
воспаление,2
полгода,2
образом,2
шапка,2
таял,2
правую,2
горой,2
первой,2
ухабам,2
пожарные,2
оказался,2
шубе,2
очнулся,2
пиджак,2
голубчик,2
убийца,2
зарыдал,2
перестаньте,2
маслом,2
зеленым,2
привычным,2
жестом,2
мелко,2
привычно,2
давилась,2
пропала,2
затряслась,2
страдальчески,2
передней,2
доставят,2
смотрите,2
спирт,2
дал,2
выпить,2
съел,2
морфия,2
крыльцо,2
дорогу-то,2
смерти,2
хочет,2
полез,2
флигеле,2
безнадежно,2
провалился,2
неприятно,2
здорово,2
спрятал,2
трепало,2
дно,2
основания,2
тьму,2
холоднее,2
едем,2
вертит,2
спина,2
пропали,2
вопрос,2
снегу,2
возникла,2
предаваться,2
пропадем,2
ковыляя,2
зная,2
всматриваться,2
возник,2
вспомнился,2
видели,2
метнулась,2
охнул,2
дрожь,2
телу,2
газете,2
санями,2
стая,2
слове,2
втянул,2
дикий,2
выноси,2
редко,2
мерцал,2
выпустил,2
нижнего,2
врачебной,2
наверху,2
тулупе,2
озолотите,2
величиной,2
равнодушно,2
переломах,2
пошло,2
поедешь,2
глуше,2
людей,2
пройдет,2
москву,2
занесет,2
остров,2
блеск,2
водки,2
сделала,2
поклонилась,2
акушерскому,2
креслу,2
флакон,2
льстиво,2
помогли,2
размашистым,2
почерком,2
т,2
бабочке,2
флаконом,2
милый,2
полбаночки,2
сняло,2
думая,2
охватил,2
нормальные,2
бабы,2
повертел,2
милая,2
врешь,2
этими,2
лба,2
висела,2
молвила,2
вспыхивал,2
погасал,2
крестьяне,2
знал,2
липонтьич,2
продохнуть,2
средство,2
французские,2
наверно,2
ожесточенно,2
воскликнул,2
сахар,2
сахар-рафинад,2
трудные,2
младенчик,2
полон,2
сидели,2
пузыря,2
знаменитый,2
ушли,2
некоторое,2
заходил,2
идет,2
извините,2
басом,2
густая,2
каким-то,2
котором,2
скорбно,2
начинает,2
речь,2
мельника,2
всякий,2
считаю,2
медицине,2
малярия,2
впрыскивания,2
родной,2
бланке,2
примите,2
интеллигентный,2
освещала,2
ломал,2
часах,2
белье,2
керосиновая,2
смотрела,2
простоволосая,2
клянусь,2
зимний,2
рассвет,2
выскочил,2
забытьи,2
хорошая,2
штука,2
пробор,2
похожая,2
брился,2
гордый,2
жиллет,2
опасная,2
английские,2
отделал,2
кустах,2
выпученными,2
сапог,2
ветер,2
летел,2
бил,2
оттого,2
пролетел,2
угас,2
дошла,2
разматывала,2
моста,2
приняли,2
свекор,2
жалостливо,2
хихикнула,2
физиономию,2
глазом,2
переплете,2
сахалин,2
мужчин,2
окровавленный,2
первого,2
добрился,2
хныкал,2
мальчишка,2
мальчишку,2
сумерки,2
выла,2
мерил,2
бритву,2
кипятком,2
даль,2
коней,2
ведьма,2
знакомое,2
мотало,2
погибли,2
деревенского,2
тек,2
огромный,2
тельце,2
хлороформа,2
форточку,2
струя,2
беспомощно,2
пелагею,2
ивановну,2
отстоять,2
изумительные,2
казался,2
вижу,2
трясся,2
суд,2
собственного,2
достоинства,2
заболеть,2
табурете,2
фронта,2
революции,2
рассказ,2
рвали,2
рту,2
изо,2
растерянно,2
стакан,2
калия,2
чашку,2
вытек,2
дыру,2
таскал,2
показаться,2
держась,2
кармана,2
ком,2
гангрена,2
заражение,2
керенского,2
вернее,2
вечером,2
вытерпел,2
случаи,2
лунку,2
пальцев,2
вправлял,2
приезжайте,2
розовая,2
амбулаторную,2
тысяч,2
бояться,2
ближе,2
представляю,2
гордился,2
полено,2
мальчишки,2
желтого,2
невиданная,2
опухоль,2
глазу,2
заворачивать,2
разглядывал,2
бока,2
заставил,2
самый,2
лопнул,2
горделиво,2
желтоватую,2
мраморная,2
звезды,2
натолкнулся,2
университетской,2
начале,2
раздеться,2
звездную,2
изумленно,2
недоверие,2
куриный,2
захрипла,2
сифилиса,2
жену,2
монолог,2
заражена,2
дадут,2
втирать,2
втирал,2
полоскание,2
делов,2
болит,2
внимания,2
бороденку,2
забытой,2
вспоминаю,2
язвы,2
ищет,2
склоняется,2
выше,2
iii,2
йодистый,2
калий,2
дражайшая,2
дурной,2
открылся,2
успокоить,2
шептались,2
исследования,2
двое,2
погодите,2
прохвост,2
первичная,2
скулы,2
субботу,2
уходили,2
субботы,2
таяла,2
яиц,2
этим,2
впоследствии,2
годы,2
звездной,2
занимал,2
вторичного,2
теле,2
мокнущие,2
папулы,2
хотова,2
листы,2
бедный,2
погибнет,2
иван,2
карпову,2
ивану,2
каломель,2
ii,2
понятно,2
учи,2
дурная,2
старик,2
внеполовое,2
ясен,2
язв,2
ног,2
мазью,2
узнать,2
часть,2
страшен,2
ребенка,2
простуда,2
скудова,2
добьюсь,2
великий,2
совесть,2
дура,2
дурой,2
annotation,1
основу,1
ранних,1
рассказов,1
михаила,1
булгакова,1
легли,1
реальные,1
жизненные,1
обстоятельства,1
-,1
служба,1
качестве,1
земского,1
смоленской,1
гг,1
булгаковполотенце,1
булгаков,1
записки,1
юного,1
лошадях,1
глухим,1
проселочным,1
напоминать,1
отделяющих,1
возницей,1
сутки,1
курьезного,1
последнего,1
лабаза,1
помещающегося,1
границе,1
замечательного,1
города,1
грачевки,1
-го,1
незабываемого,1
битой,1
умирающей,1
смякшей,1
сентябрьского,1
дождика,1
таком,1
окостенели,1
припомнить,1
померещилось,1
вчерашнем,1
окостеневают,1
проклятую,1
по-латыни,1
каждая,1
мышц,1
нестерпимой,1
напоминающей,1
пальцах,1
шевелились,1
сапогах,1
смирно,1
деревянные,1
культяпки,1
сознаюсь,1
порыве,1
малодушия,1
проклинал,1
медицину,1
заявление,1
поданное,1
ректору,1
сеяло,1
сито,1
набухло,1
губка,1
тщетно,1
ухватиться,1
плюнул,1
мокрую,1
могли,1
хватать,1
начиненному,1
всякими,1
знаниями,1
интересных,1
медицинских,1
книжек,1
парализис,1
вашим,1
деревянными,1
синенькими,1
уставился,1
возницу,1
шевеля,1
светлыми,1
усишками,1
годов,1
езжу,1
содрогнулся,1
облупленный,1
корпус,1
небеленые,1
будущую,1
резиденцию,1
чистенький,1
гробовыми,1
загадочными,1
протяжно,1
латинских,1
сладкая,1
спел,1
ошалевших,1
качки,1
мозгах,1
полный,1
тенор,1
голубыми,1
ляжками,1
при-ют,1
свя-щенный,1
надолго,1
золото-красный,1
театр,1
москва,1
витрины,1
надевать,1
ремни,1
негнущимися,1
октябрь,1
надевай,1
подумайте,1
оказались,1
могильной,1
учитель,1
пустил,1
едешь,1
батюшки-светы,1
медленнее,1
пешехода,1
колесо,1
ухает,1
подымается,1
бух,1
бок,1
затылком,1
поверить,1
середине,1
серенького,1
кислого,1
мерзнуть,1
лютую,1
зиму,1
умираешь,1
медленною,1
смертью,1
горбатое,1
обглоданное,1
слева,1
чахлый,1
перелесок,1
драные,1
поддался,1
налег,1
животом,1
выпихнул,1
удержать,1
ремень,1
отказалась,1
распухший,1
осточертевший,1
спутник,1
книжками,1
всяким,1
барахлом,1
шарахнув,1
госпо,1
предъявлял,1
выбрось,1
захлопал,1
крыльями,1
доктора,1
темных,1
стеклах,1
хлопнула,1
заковылял,1
рваненьком,1
пальтишке,1
сапожишках,1
картуз,1
подбежав,1
шага,1
улыбнулся,1
хриплым,1
голоском,1
приветствовал,1
здравствуйте,1
отрекомендовался,1
здешний,1
вскинул,1
понес,1
захромал,1
безуспешно,1
пытаясь,1
всунуть,1
брюк,1
вынуть,1
портмоне,1
нужен,1
направляясь,1
мурьевскую,1
держать,1
вид,1
отравлял,1
существование,1
каждому,1
представляться,1
поднимал,1
брови,1
спрашивал,1
я-то,1
студент,1
завести,1
заводить,1
здоровые,1
ясность,1
омрачена,1
житейским,1
опытом,1
имея,1
защищаться,1
всегдашних,1
снисходительных,1
ласковых,1
улыбок,1
выработать,1
особую,1
внушающую,1
повадку,1
размеренно,1
веско,1
порывистые,1
сдерживать,1
бегать,1
бегают,1
окончившие,1
ходить,1
прошествии,1
данный,1
неписаный,1
кодекс,1
поведения,1
нарушил,1
скорчившись,1
где-нибудь,1
огнепоклонник,1
пылающим,1
плите,1
березовым,1
поленьям,1
перевернутая,1
дном,1
кадушка,1
ботинки,1
ободранный,1
голокожий,1
окровавленной,1
шеей,1
разноцветные,1
перья,1
состоянии,1
окоченения,1
произвести,1
ряд,1
действий,1
потребовала,1
востроносая,1
егорыча,1
утверждена,1
должности,1
съесть,1
перезнакомился,1
обойти,1
совершеннейшей,1
богатейший,1
тою,1
вынужден,1
признать,1
блестящих,1
девственно,1
назначение,1
откровенно,1
признаюсь,1
промычал,1
же-с,1
сладко,1
стараниями,1
оперировал,1
облился,1
прохладным,1
зеркальные,1
сияющие,1
шкафики,1
засим,1
обошли,1
пустые,1
разместить,1
пятьдесят,1
утешил,1
короне,1
поседевших,1
чему-то,1
студента,1
сговорились,1
проворчал,1
сухо,1
моложав,1
спустились,1
птичьего,1
молока,1
темноватых,1
крепко,1
травами,1
патентованные,1
заграничные,1
средства,1
добавлять,1
слыхал,1
гениальный,1
проникся,1
таинственному,1
покинувшему,1
тихое,1
леопольду,1
освоиться,1
съеден,1
сенник,1
покрыт,1
резиденции,1
третье,1
достижение,1
легендарного,1
шкаф,1
битком,1
книгами,1
руководств,1
русском,1
немецком,1
языках,1
насчитал,1
терапия,1
накожные,1
чудные,1
атласы,1
надвигался,1
осваивался,1
мучительно,1
предупреждал,1
большом,1
вторым,1
улыбались,1
„освоитесь“,1
освоитесь,1
объясните,1
освоюсь,1
особенности,1
каково,1
чувствовать,1
освоится,1
позвоночнику,1
гнойный,1
аппендицит,1
га,1
деревенских,1
показана,1
трахеотомии,1
роды-то,1
положения,1
легкомысленный,1
достали,1
сумерках,1
прошелся,1
поравнялся,1
безграничной,1
лик,1
огоньками,1
лжедмитрия,1
глупо,1
уселся,1
мучил,1
домучил,1
нервы,1
выдерживали,1
созданных,1
страхов,1
успокаиваться,1
создавать,1
планы,1
ничтожный,1
бездорожье,1
тут-то,1
бездорожью,1
насморком,1
нетрудная,1
притащат,1
покоен,1
неглуп,1
молчи,1
голосу,1
гуж,1
говори,1
дюж,1
назвался,1
груздем,1
полезай,1
кузов,1
ехидно,1
справочником,1
расставаться,1
моешь,1
обдумать,1
раскрытым,1
лежать,1
записей,1
выписывать,1
полезные,1
нетрудные,1
рецепты,1
например,1
натри,1
салицилици,1
соду,1
издеваясь,1
собеседник,1
сода,1
инфузум,1
восемьдесят,1
требовал,1
ипекакуанки,1
рецептурный,1
проверил,1
иной,1
сульфат,1
эфира,1
хининдигликолевой,1
кислоты,1
вкуса,1
хинина,1
порошок,1
инсипином,1
приставал,1
посажу,1
остервенело,1
защищался,1
попробую,1
вправить,1
ангел,1
демонским,1
сдался,1
заплакал,1
моление,1
послал,1
ущемленную,1
усталость,1
напевала,1
ложись,1
злосчастный,1
эскулап,1
выспишься,1
успокойся,1
неврастеник,1
покойна,1
стынущие,1
освоишься,1
спи,1
пса,1
разберешь,1
грыжевое,1
кольцо,1
влетел,1
болт,1
проскрипела,1
расстегнутом,1
полушубке,1
безумными,1
перекрестился,1
пропал,1
потянул,1
серый,1
перекосило,1
захлебываясь,1
прыгающие,1
по-юношески,1
звонко,1
дрогнул,1
ламповый,1
абажур,1
заломил,1
забухал,1
половицы,1
разбить,1
наказанье,1
прогневали,1
холодеет,1
вскочил,1
прошептал,1
денег,1
продукты,1
доставлять,1
калекой,1
прокормить,1
квадрате,1
обвилась,1
сердца,1
стих,1
бездонны,1
попала,1
переспросил,1
пояснила,1
мялка-то,1
помогите,1
стриженные,1
метнулись,1
покривившимся,1
жестяным,1
жарко,1
двумя,1
рогами,1
свежепахнущей,1
клеенке,1
померкла,1
рыжеватые,1
свешивались,1
стола,1
сбившимся,1
засохшим,1
колтуном,1
коса,1
гигантская,1
касался,1
ситцевая,1
юбка,1
изорвана,1
разного,1
бурое,1
жирное,1
алое,1
молнии,1
живым,1
бумажным,1
заострен,1
гипсовая,1
неподвижная,1
потухала,1
редкостная,1
красота,1
встретишь,1
полное,1
закрытыми,1
дверями,1
выкрикивал,1
отпаивают,1
резким,1
злобным,1
верху,1
разорвал,1
обнажил,1
превысило,1
ожидания,1
начиная,1
раздробленного,1
кровавая,1
рвань,1
мятые,1
торчали,1
раздавленные,1
переломлена,1
концами,1
наружу,1
пробив,1
ступня,1
повернувшись,1
оцепенения,1
холодной,1
нескольких,1
заметную,1
редкую,1
волну,1
пауза,1
глянуть,1
синеющие,1
крылья,1
губы,1
ниточкой,1
волна,1
потухает,1
изорванный,1
узнавая,1
склонилась,1
уху,1
шепнула,1
мучайте,1
колоть,1
отойдет,1
спасете,1
попрошу,1
вспыхнувшим,1
обиженным,1
бросилась,1
столику,1
сломала,1
одобрял,1
плеча,1
угадав,1
раздумал,1
кровавить,1
прикрыть,1
труп,1
стеклянным,1
потолком,1
далекого,1
анатомического,1
театра,1
впрыснул,1
светлело,1
всяких,1
советов,1
угасающем,1
человеке,1
вытекло,1
раздробленные,1
чувствует,1
слышит,1
безумный,1
искра,1
заметался,1
взревел,1
примус,1
суеверным,1
угасший,1
приподымая,1
холодное,1
неудержимо,1
колпака,1
вытирала,1
соленый,1
остатках,1
жилах,1
плавал,1
бедрах,1
чуть-чуть,1
гладила,1
буфы,1
набухшие,1
физиологического,1
раствора,1
жила,1
подражать,1
умолял,1
ближайшие,1
окончу,1
здравый,1
смысл,1
подхлестнутый,1
необычайностью,1
обстановки,1
кругообразно,1
мясник,1
острейшим,1
бедро,1
кожа,1
разошлась,1
росинки,1
начнут,1
кровить,1
волк,1
косился,1
груду,1
торзионных,1
пинцетов,1
срезал,1
кус,1
женского,1
сосудов,1
беловатой,1
трубочки,1
зажал,1
двинулся,1
натыкал,1
предполагал,1
клинику,1
висели,1
гроздьями,1
оттянули,1
мясом,1
мелкозубой,1
ослепительной,1
пилой,1
пилить,1
круглую,1
живуч,1
отпала,1
осталось,1
лохмы,1
отбросили,1
укороченная,1
оттянутой,1
культей,1
выскочить,1
ужасного,1
случая,1
вязали,1
лигатурами,1
щелкая,1
коленом,1
редкими,1
швами,1
осененный,1
сток,1
марлевый,1
тампон,1
застилал,1
бане,1
отдулся,1
культю,1
восковое,1
беззвучное,1
отозвались,1
проживет,1
одними,1
звука,1
посоветовал,1
трогать,1
замотаем,1
недотянет,1
скончается,1
гипс,1
толкаемый,1
неизвестной,1
заляпан,1
белыми,1
забинтована,1
гипсом,1
зияло,1
оставленное,1
месте,1
перелома,1
хрипнул,1
подымать,1
виден,1
гигантский,1
провал,1
колыхались,1
коридоре,1
шмыгали,1
прокралась,1
растрепанная,1
мужская,1
издала,1
вопль,1
удалили,1
мыл,1
делали,1
ампутаций,1
устах,1
звучало,1
дуайен,1
кхм,1
солгал,1
непонятно,1
слушаю-с,1
зеленой,1
молчал,1
отражалось,1
чернейшем,1
стекле,1
дмитрия,1
самозванца,1
постарел,1
постучат,1
„умерла“,1
пойду,1
погляжу,1
раздастся,1
постучали,1
сиял,1
зимних,1
разглядел,1
искрятся,1
шелест,1
впрыгнула,1
очаровательной,1
одноногая,1
юбке,1
обшитой,1
подолу,1
красной,1
каймой,1
замело,1
краской,1
адрес,1
устроят,1
протез,1
искусственную,1
поцелуй,1
растерялся,1
поцеловал,1
обвисая,1
развернула,1
выпало,1
длинное,1
снежно-белое,1
безыскусственным,1
красным,1
вышитым,1
прятала,1
осмотрах,1
то-то,1
нитки,1
замотал,1
странствовало,1
обветшало,1
стерлось,1
продырявилось,1
стираются,1
исчезают,1
побежали,1
новой,1
по-прежнему,1
оставались,1
непроезжими,1
приемах,1
свободны,1
посвящал,1
разбору,1
библиотеки,1
чтению,1
долгим,1
одиноким,1
чаепитиям,1
поющего,1
самовара,1
днями,1
ночами,1
лил,1
неумолчно,1
хлестала,1
стекая,1
желобу,1
кадку,1
слякоть,1
туман,1
мгла,1
тусклыми,1
расплывчатыми,1
светились,1
вечеров,1
атласом,1
топографической,1
анатомии,1
полная,1
изредка,1
грызня,1
мышей,1
столовой,1
буфетом,1
нарушала,1
слипаться,1
отяжелевшие,1
отложил,1
потягиваясь,1
мирный,1
шум,1
перешел,1
коснуться,1
подушки,1
сонной,1
всплыло,1
семнадцати,1
торопово,1
проплыл,1
бесшумно,1
таковой,1
любви,1
высокому,1
стилю,1
дернул,1
темноту,1
наружную,1
удары,1
зловещими,1
квартиру,1
замолк,1
чей-то,1
неясный,1
скрипя,1
лестнице,1
постучался,1
почтительный,1
прислала,1
велят,1
поскорей,1
явственно,1
ёкнуло,1
неблагополучные,1
началось,1
никак,1
попасть,1
загораются,1
рано,1
ларингиты,1
желудка,1
иди,1
встал,1
зашлепали,1
шаги,1
мигом,1
дрожащими,1
одеваться,1
двенадцатого,1
неблагополучными,1
родами,1
неправильное,1
узкий,1
отослать,1
хорошенький,1
права,1
потеряюсь,1
срам,1
накинул,1
надеясь,1
обойдется,1
дождем,1
хлопающим,1
досочкам,1
входа,1
виднелась,1
стукнула,1
копытом,1
гнилые,1
доски,1
ль,1
шевелившейся,1
глухой,1
оживление,1
суета,1
мигая,1
коридорчике,1
ведущем,1
родильное,1
мимо,1
прошмыгнула,1
тазом,1
родилку,1
выбеленная,1
небольшая,1
операционным,1
болезненной,1
гримасой,1
градусником,1
приготовляла,1
эсмарховской,1
кружке,1
доставала,1
шкафика,1
чистые,1
прислонившись,1
наполеона,1
увидев,1
встрепенулись,1
открыла,1
заломила,1
застонала,1
подивился,1
тону,1
продолжая,1
подливать,1
та-ак,1
протянул,1
нахмурясь,1
серьезно,1
стекала,1
смывая,1
покрасневших,1
щетки,1
задавал,1
николаевне,1
незначительные,1
откинула,1
присев,1
вздувшийся,1
стонала,1
вытягивалась,1
впивалась,1
комкала,1
прикладывая,1
растянутой,1
жаркой,1
подсказала,1
хмурясь,1
поглядывал,1
сосредоточенно,1
серьезны,1
действиям,1
уверенны,1
правильны,1
беспокойство,1
спрятать,1
глубже,1
проявлять,1
вздохнув,1
смотреть,1
поисследуем,1
полилась,1
намыливая,1
увы,1
смыл,1
смазал,1
зашуршала,1
чистая,1
простыня,1
склонившись,1
робко,1
внутреннее,1
невольно,1
всплыла,1
картина,1
акушерской,1
горящие,1
матовых,1
шарах,1
плиточный,1
сверкающие,1
приборы,1
снежно-белом,1
манипулирует,1
роженицей,1
помощника-ординатора,1
врачи-практиканты,1
толпа,1
студентов-кураторов,1
безопасно,1
один-одинешенек,1
мучающаяся,1
отвечаю,1
вблизи,1
нормальны,1
прощупать,1
пора,1
решиться,1
утерпела,1
заметила,1
старый,1
суется,1
своими,1
заключениями,1
необидчивый,1
искривленные,1
сдавленные,1
свисающая,1
петля,1
недавно,1
подчеркивал,1
вдумываясь,1
каждое,1
представляя,1
соотношение,1
частей,1
приемы,1
чтении,1
отпечатывается,1
всплывает,1
прочитанного,1
приподнимаясь,1
оживилось,1
обратилась,1
приготовляйте,1
иначе,1
просмотреть,1
обмыв,1
наркоза,1
укладывайте,1
успеется,1
набросила,1
рукава,1
забыв,1
снять,1
шапку,1
кинулся,1
книжному,1
шкафу,1
оперативное,1
акушерство,1
шелестеть,1
глянцевитыми,1
страничками,1
представляет,1
опасную,1
холодок,1
прополз,1
позвоночника,1
главная,1
заключается,1
самопроизвольного,1
само-про-из-воль-но-го,1
акушер,1
введении,1
матку,1
недостатка,1
простора,1
влиянием,1
сокращения,1
стенок,1
встречает,1
ножке,1
выполнению,1
сумею,1
каким-нибудь,1
чудом,1
определить,1
откажусь,1
спрашивается,1
захлороформированной,1
воспрещается,1
пытаться,1
ножкам,1
спинки,1
примем,1
сведению,1
захватывание,1
считать,1
ошибкой,1
осевое,1
перекручивание,1
которое,1
повод,1
тяжелому,1
вколачиванию,1
самым,1
неопределенные,1
внушительные,1
дульцевской,1
вдовцом,1
испарину,1
собрался,1
минуя,1
запомнить,1
существенное,1
вводить,1
строчки,1
наталкивался,1
били,1
ввиду,1
огромной,1
представляют,1
которые,1
должны,1
отнесены,1
опаснейшим,1
акушерским,1
операциям,1
заключительного,1
аккорда,1
возрастает,1
чтение,1
принесло,1
плоды,1
спуталось,1
окончательно,1
опустился,1
силясь,1
разбегающиеся,1
ждут,1
составляются,1
случаях,1
летят,1
бешено,1
столика,1
приготовляя,1
склянку,1
хлороформом,1
непрерывный,1
разносился,1
ласково,1
наклоняясь,1
о-ой,1
вытерплю,1
вытерпишь,1
понюхать,1
дадим,1
услышишь,1
шумом,1
анной,1
николаевной,1
чистить,1
вопли,1
хирург,1
проронить,1
государственным,1
экзаменам,1
отрывочных,1
неоконченных,1
фраз,1
мимоходом,1
брошенных,1
намеков,1
необходимое,1
книгах,1
стерильной,1
идеальной,1
белизны,1
чистоты,1
решимость,1
овладела,1
определенный,1
план,1
ученые,1
ввести,1
внутрь,1
повороту,1
полагаясь,1
меры,1
никуда,1
годится,1
низвесть,1
извлечь,1
осторожен,1
безгранично,1
решителен,1
нетруслив,1
смазывать,1
сложила,1
роженицы,1
маской,1
измученное,1
темно-желтой,1
склянки,1
капать,1
тошный,1
наполнять,1
строгими,1
вдохновенными,1
рвалась,1
сбросить,1
держите,1
схватила,1
уложила,1
прижала,1
отворачивая,1
маски,1
забормотала,1
пусти,1
наступила,1
прозрачные,1
белую,1
хорош,1
приподняла,1
выпустила,1
плеть,1
шлепнулась,1
сдвинув,1
зрачок,1
спит,1
лужа,1
кровяные,1
простынях,1
комки,1
встряхивает,1
похлопывает,1
гремит,1
ведрами,1
наливая,1
тазы,1
погружают,1
холодную,1
горячую,1
ниточке,1
болтается,1
вздох,1
бормочет,1
укладывает,1
ощупываю,1
ровный,1
четкий,1
трясет,1
просыпайся,1
отбрасывают,1
закрывают,1
уносят,1
спеленутый,1
уезжает,1
сморщенное,1
коричневое,1
личико,1
глядит,1
ободка,1
прерывается,1
тоненький,1
писк,1
бежит,1
умывальника,1
затягивается,1
щурится,1
дыма,1
кашляет,1
усердно,1
тру,1
щеткой,1
взглядываю,1
искреннее,1
выражение,1
горделивого,1
удовольствия,1
радости,1
гляжу,1
беспорядок,1
красную,1
тазу,1
победителем,1
шевелится,1
вскидывает,1
неопределенно,1
бормочу,1
хочется,1
цело,1
повредил,1
это-то,1
терзает,1
акушерстве,1
неясны,1
книжно,1
отрывочны,1
разрыв,1
выразиться,1
заговаривать,1
тему,1
мало,1
исключена,1
заражения,1
повторяю,1
попавшуюся,1
фразу,1
какого-то,1
э-это,1
тянет,1
стерильно,1
пятне,1
мирно,1
раскрытый,1
глотая,1
простывший,1
перелистывая,1
произошла,1
интересная,1
вещь,1
прежние,1
сделались,1
понятными,1
налились,1
светом,1
настоящее,1
приобрести,1
побольше,1
ноябрьская,1
вертящимся,1
завалило,1
трубах,1
завыло,1
прожил,1
громадном,1
романах,1
самом,1
деле,1
синим,1
отражалась,1
светящееся,1
находился,1
пункта,1
электричество,1
посоветоваться,1
учился,1
медицинском,1
факультете,1
посоветуйте,1
будьте,1
добры,1
отличием,1
отличие,1
само,1
ущемленной,1
амфитеатре,1
неоднократно,1
стекал,1
позвоночного,1
столба,1
грыже,1
той,1
напившись,1
чаю,1
руководства,1
оперативному,1
различных,1
рисунками,1
кряхтел,1
ноября,1
грохота,1
спустя,1
сводил,1
молящих,1
божественных,1
книг,1
полозьев,1
необычайно,1
чуткими,1
пожалуй,1
никольский,1
пункт-больницу,1
слабая,1
пересек,1
подъезда,1
приемная,1
состав,1
помощников,1
способный,1
опытных,1
двадцатичетырехлетним,1
выпущенным,1
назначенным,1
заведовать,1
никольской,1
больницей,1
распахнул,1
влетела,1
скользя,1
стаял,1
мерно,1
шипел,1
сбросила,1
распутала,1
оперативную,1
хирургию,1
одиночество,1
негодный,1
груз,1
сравнить,1
конфетных,1
коробках,1
рисуют,1
природы,1
вьются,1
крупные,1
кольца,1
почти,1
спелой,1
ржи,1
синие,1
кукольные,1
ангелов,1
рисовали,1
муть,1
гнездилась,1
нечем,1
сжалось,1
втягивались,1
дыхании,1
жилы,1
надувались,1
отливало,1
розоватого,1
легонький,1
лиловатый,1
расцветку,1
оценил,1
правильно,1
одновременно,1
опытны,1
забито,1
пленками,1
скоро,1
закроется,1
наглухо,1
насторожившегося,1
молчания,1
персонала,1
сухими,1
раздался,1
бесшумную,1
круглолицую,1
бабок,1
тоскливом,1
предчувствии,1
мешаешь,1
автоматическим,1
передала,1
бабке,1
стукнулась,1
удавлюсь,1
встань,1
сию,1
встала,1
прошелестев,1
широкой,1
молиться,1
дышала,1
змеиным,1
на-род,1
усы,1
скривились,1
яростью,1
негромко,1
завернула,1
подол,1
нехорошим,1
помоги,1
тверд,1
посоветуй,1
задыхается,1
забило,1
морила,1
пятнадцати,1
прикажешь,1
заныла,1
левом,1
плече,1
искусственным,1
возненавидел,1
обратившись,1
подала,1
биться,1
кричать,1
защитить,1
отстранили,1
дифтерита,1
забывшихся,1
случаев,1
клокочущее,1
выдохнула,1
плюнула,1
занятый,1
мыслью,1
удивляясь,1
собственному,1
спокойствию,1
ужаснулся,1
согласятся,1
разрезать,1
пониже,1
вставить,1
спасем,1
объяснил,1
безумного,1
заслонила,1
забубнила,1
давай,1
горло-то,1
уйди,1
ненавистью,1
впрысните,1
давала,1
увидела,1
объяснили,1
перестань,1
промолвил,1
даю,1
согласитесь,1
возьмусь,1
предложил,1
изумленные,1
отказались,1
спасен,1
сошли,1
согласны,1
губите,1
зарежу,1
иное,1
ногти,1
синеют,1
уведите,1
сидят,1
полутемный,1
коридор,1
свист,1
соглашаются,1
окаменело,1
стерилизуйте,1
ножницы,1
перебежал,1
бес,1
летала,1
шаркала,1
прибежал,1
считая,1
изображающий,1
просто,1
раскрыто,1
вонзен,1
прыгали,1
э,1
тоской,1
яркий,1
свалилось,1
заметив,1
вьюги,1
тень,1
круглыми,1
юбками,1
прилипла,1
заныл,1
девчонке,1
мыслимо,1
запальчивости,1
умная,1
цепко,1
обняла,1
вытолкнула,1
вошли,1
малую,1
завесу,1
инструменты,1
ослепительную,1
клеенку,1
вырвали,1
мужа,1
городу,1
придет,1
узнает,1
наделала,1
пускать,1
персонал,1
голенькая,1
повалили,1
прижали,1
вымыли,1
смазали,1
вертикальную,1
пухлому,1
белому,1
полоске,1
выступила,1
меж,1
раздавшейся,1
кожей,1
кровинки,1
вспомнить,1
атласах,1
тупого,1
зонда,1
разделять,1
тоненькие,1
откуда-то,1
залила,1
тампонами,1
унималась,1
вспоминая,1
пинцетами,1
зажимать,1
намок,1
пожалел,1
сунул,1
пинцет,1
близ,1
защелкнул,1
перестала,1
течь,1
отсосали,1
предстала,1
непонятной,1
дыхательного,1
походила,1
рана,1
две-три,1
механически,1
бестолково,1
ковырял,1
ране,1
зондом,1
ища,1
отчаялся,1
найти,1
предлагать,1
разорванным,1
горлом,1
докажу,1
повредить,1
молча,1
вытерла,1
представились,1
бессмысленно,1
разъехались,1
подал,1
вонзил,1
передал,1
сероватые,1
колечки,1
острый,1
обмер,1
поднялось,1
сошел,1
выдирать,1
ахнули,1
падать,1
обморок,1
духоты,1
выпуская,1
крючка,1
несомненно,1
зарезали,1
дойду,1
застрелюсь,1
хищно,1
рванулась,1
перехватила,1
стиснув,1
стуком,1
упал,1
глядели,1
вскользнула,1
недвижимой,1
кого-то,1
попросить,1
прощенья,1
покаяться,1
легкомыслии,1
поступил,1
синела,1
заплакать,1
содрогнулась,1
фонтаном,1
выкинула,1
дрянные,1
задышала,1
реветь,1
мгновение,1
привстал,1
потный,1
пелену,1
застилавшую,1
счастливые,1
блестяще,1
распахнулись,1
свежестью,1
вынесли,1
простыне,1
дверях,1
зверя,1
потек,1
спокойным,1
поспокойнее,1
надеюсь,1
вынем,1
бойтесь,1
дверную,1
рассердился,1
дежурить,1
валялись,1
дивану,1
снов,1
перевидал,1
кое-что,1
лидкиного,1
увеличивался,1
новом,1
году,1
ввела,1
закутанную,1
тумбочка,1
сияла,1
распутали,1
дичилась,1
поднять,1
вертикальный,1
коричневый,1
шрам,1
тоненьких,1
поперечных,1
швов,1
порядке,1
приезжать,1
дяденьке,1
желала,1
забывать,1
возрастал,1
настал,1
кончили,1
пошатываясь,1
снимал,1
акушерка-фельдшерица,1
благодарите,1
вставили,1
зашили,1
специально,1
глядеть,1
слава,1
поздравляю,1
стальным,1
осведомился,1
молодец,1
хладнокровно,1
делаете,1
прелесть,1
волнуюсь,1
усталости,1
устыдиться,1
попрощался,1
крупный,1
застилало,1
одинок,1
важен,1
зверь,1
завоет,1
заплачет,1
дитя,1
история,1
началась,1
словам,1
всезнающей,1
пальчиков,1
проживающий,1
шалометьеве,1
влюбился,1
дочь,1
любовь,1
пламенная,1
иссушающая,1
беднягино,1
съездил,1
заказал,1
ослепительным,1
полоски,1
конторских,1
решили,1
несчастного,1
женой,1
отнял,1
попавшей,1
льна,1
прославился,1
тяжестью,1
славы,1
накатанному,1
крестьян,1
арифметика,1
жестокая,1
наука,1
каждого,1
ста,1
пациентов,1
тратил,1
пятьсот,1
заметьте,1
тридцать,1
одним,1
возвращаясь,1
пить,1
звать,1
течение,1
недель,1
увозили,1
влажность,1
вертикальная,1
зыбком,1
неудачные,1
человеческой,1
просыпался,1
липкий,1
жаркую,1
печку-голландку,1
стремительной,1
поступью,1
фельдшерицу,1
останавливаясь,1
тая,1
жару,1
дыша,1
выжимал,1
шарили,1
пылающей,1
постукивал,1
ребрам,1
таинственно,1
бьет,1
бой,1
начинался,1
бледном,1
кончался,1
мигании,1
пылкой,1
этак,1
январе,1
феврале,1
марте,1
напомнил,1
n-ском,1
участке,1
дровнях,1
уехало,1
ровному,1
снежному,1
океану,1
писали,1
едет,1
заключали,1
приятные,1
отзывы,1
работе,1
пожелания,1
успехов,1
окрыленный,1
ими,1
тампонировать,1
дифтерийную,1
сыворотку,1
вскрывать,1
чудовищных,1
гнойники,1
вторник,1
среду,1
приснилось,1
приехало,1
девятьсот,1
заглянуло,1
окошко,1
особенно,1
бело,1
понимая,1
разбудило,1
проснулись,1
спросонья,1
спешили,1
шутите,1
замочную,1
кариозные,1
вырвет,1
выдался,1
денек,1
побывав,1
ходил,1
апартаментам,1
отведена,1
комнат,1
двухэтажная,1
опер,1
творилось,1
виданное,1
неба,1
вертело,1
крутило,1
поперек,1
зубным,1
порошком,1
баловался,1
полдень,1
отдан,1
исполняющей,1
обязанности,1
уборщицы,1
приказ,1
ведрах,1
котле,1
вскипятить,1
мылся,1
кладовки,1
извлечено,1
неимоверных,1
установили,1
ваннах,1
n-ске,1
могло,1
испорченные,1
вертящаяся,1
сетка,1
значительно,1
поредела,1
голый,1
намыленной,1
сладостно,1
выплескивая,1
жгучую,1
пообедаем,1
заснем,1
высплюсь,1
полтораста,1
новости,1
банная,1
шалометьевом,1
имении,1
женится,1
отвечала,1
влюбле-ен,1
погромыхивая,1
посудой,1
невеста-то,1
первая,1
блондинка,1
тоненькая,1
грохнуло,1
доктор-то,1
купается,1
выпевала,1
бурчал,1
записка,1
протяни,1
пожимаясь,1
негодуя,1
сыроватый,1
конвертик,1
дудки,1
распечатал,1
восклицательный,1
знак,1
умол,1
срочно,1
удара,1
кровотечение,1
полост,1
сознания,1
справиться,1
отличные,1
плох,1
неразборчива,1
везет,1
дрова,1
войдет,1
древним,1
римлянином,1
блистательной,1
каски,1
надетой,1
поверх,1
ушастой,1
шапочки,1
волчья,1
облекала,1
струйка,1
ударила,1
каске,1
прикрывая,1
недомытое,1
шалометьева,1
пожарная,1
команда,1
римлянин,1
агроному,1
невеста,1
конторщикова,1
охнула,1
прилипло,1
помолвка,1
помолвки-то,1
покатать,1
захотел,1
саночках,1
рысачка,1
запряг,1
усадил,1
рысачок-то,1
невесту-то,1
мотнуло,1
конторщиком,1
ходят,1
удавился,1
купаюсь,1
сюда-то,1
мыло,1
молитвенно,1
сложил,1
поедем-то,1
вы-с,1
резвые,1
гуськом,1
долетим,1
кротко,1
простонал,1
ведра,1
вылил,1
остервенением,1
сидя,1
корточках,1
пастью,1
засовывал,1
просушить,1
получится,1
крупозное,1
поездки,1
записке,1
опытен,1
практически,1
нахватался,1
принимает,1
опытного,1
размышляя,1
таким,1
одевание,1
непростое,1
блуза,1
валенки,1
сверх,1
блузы,1
кожаная,1
куртка,1
баранья,1
сумка,1
адреналин,1
стерильный,1
материал,1
стетоскоп,1
темнело,1
околицу,1
полегче,1
направлении,1
заслонял,1
взяли,1
бодро,1
вытянулись,1
саночки,1
метать,1
согрелся,1
крупозном,1
воспалении,1
треснула,1
осколок,1
вонзился,1
бараний,1
воротник,1
оборачиваясь,1
вишь,1
венерические,1
болезни,1
выучился,1
загремела,1
перелеске,1
свистнула,1
сыпнула,1
сандуновских,1
банях,1
раздевальне,1
испарина,1
покрыла,1
загорелся,1
напустили,1
холоду,1
сияет,1
шлем,1
пожар,1
порога,1
здания,1
колоннами,1
времен,1
николая,1
i,1
глубокая,1
встретили,1
пламя,1
танцует,1
извлек,1
щели,1
шубы,1
слушаю,1
полусонный,1
мокрый,1
компрессе,1
кожаной,1
курткой,1
сени,1
ударил,1
полоса,1
крашеный,1
выбежал,1
светловолосый,1
затравленными,1
брюках,1
свежезаутюженной,1
складкой,1
галстук,1
горошинами,1
сбился,1
манишка,1
выскочила,1
горбом,1
иголочки,1
новый,1
металлическими,1
складками,1
взмахнул,1
вцепился,1
потряс,1
прильнул,1
выкрикивать,1
вбок,1
черно,1
раскрыл,1
жиденькие,1
рванул,1
по-настоящему,1
наматывая,1
стиснул,1
повлек,1
выбежали,1
повели,1
праздничным,1
половичкам,1
привели,1
стула,1
молоденький,1
замучены,1
растерянны,1
миг,1
молод,1
портрета,1
захлебнулся,1
падает,1
венеролог,1
клоке,1
ампул,1
прикрыли,1
полумрак,1
завесили,1
клоком,1
зеленоватой,1
бумажного,1
прядями,1
обвисли,1
разметались,1
заострился,1
ноздри,1
забиты,1
розоватой,1
ватой,1
безжизненную,1
задрожало,1
срываться,1
тянуться,1
нитку,1
похолодело,1
ложечкой,1
смерть,1
ненавижу,1
обломать,1
ампулы,1
насосать,1
протолкнул,1
напрасно,1
нижняя,1
задергалась,1
обвисла,1
напряглось,1
замерло,1
ослабело,1
последняя,1
нитка,1
белая,1
седыми,1
волосами,1
повалилась,1
ровное,1
припала,1
замучил,1
плачущую,1
никому,1
сказали,1
дальнюю,1
дадите,1
можем,1
мучаете,1
мешаете,1
согласился,1
откатили,1
праздничной,1
жениховской,1
сорочки,1
впрыснули,1
умершей,1
якобы,1
задержался,1
быстрее,1
ожидал,1
бессвязнее,1
жалуясь,1
дремать,1
заплаканное,1
уложил,1
возни,1
шуршания,1
заглушённых,1
воплей,1
послушайте,1
опасно,1
заблудиться,1
останьтесь,1
переночуйте,1
уеду,1
обещали,1
трое,1
тифозных,1
разбавил,1
ветчины,1
животе,1
потеплело,1
съежилась,1
мертвую,1
зашел,1
конторщику,1
закутанный,1
свистело,1
понурились,1
секло,1
метался,1
кутая,1
знаем,1
печально,1
шлема,1
переночевать,1
ушам,1
держащий,1
разъяренный,1
нехорошо-с,1
угрюмо,1
забурчал,1
доедем,1
тяжелые,1
больные,1
санки,1
каюсь,1
бессилен,1
бесполезен,1
казалась,1
невыносимой,1
облучок,1
выровнялся,1
качнулся,1
проскочили,1
заинтересовало,1
трудом,1
обернувшись,1
факела,1
шалометьево,1
пропало,1
строениями,1
кольнуло,1
высунул,1
нехорошо,1
свился,1
клубок,1
проскочила,1
вернуться,1
отогнал,1
поглубже,1
сено,1
лодку,1
выплыл,1
зеленый,1
лоскут,1
лампе,1
осветило,1
перелом,1
ага-га,1
загорелась,1
правильный,1
осенило,1
ужасная,1
нелепо,1
доме,1
подумать,1
тошно,1
трудная,1
натоплены,1
вымыться,1
листок,1
приеду,1
повезут,1
летать,1
вьюге,1
больных-то,1
схвачу,1
помру,1
разжалобив,1
пробыл,1
бани,1
стоим,1
тараща,1
шевельнулся,1
слез,1
почтительности,1
людей-то,1
послушать,1
погубим,1
дорогу,1
потеряли,1
похолодела,1
расстроенным,1
грош,1
копошиться,1
нащупал,1
спичка,1
дала,1
вспышки,1
чиркнешь,1
сверкнет,1
слизнет,1
похоронно,1
глуп,1
счел,1
нужным,1
отвечать,1
поворачивался,1
разные,1
неподвижно,1
выкарабкался,1
полоза,1
задняя,1
завязла,1
брюхо,1
сугробе,1
грива,1
свисала,1
простоволосой,1
замучились,1
животные,1
кое-какие,1
рассказы,1
злобу,1
льва,1
толстого,1
ясной,1
поляне,1
возили,1
умирающим,1
пожарного,1
пережил,1
вспышку,1
задавил,1
пробормотал,1
бурная,1
энергия,1
унынию,1
чертям,1
постояли,1
отдохнули,1
двигаться,1
идите,1
переднюю,1
уздцы,1
править,1
вылезать,1
заметет,1
выглядели,1
проваливаясь,1
добрался,1
наш,1
выезд,1
бесконечно,1
длинным,1
фигуру,1
возницы,1
размыло,1
вьюжным,1
но-о,1
застонал,1
захлопав,1
вожжами,1
тронулись,1
помаленьку,1
месить,1
волне,1
вырастал,1
уменьшался,1
выбирался,1
приблизительно,1
двигались,1
заскрипели,1
ровней,1
радость,1
задние,1
копыта,1
приковылял,1
кажись,1
трелью,1
голосе,1
сбиться,1
авось,1
поменялись,1
местами,1
бодрее,1
сжималась,1
ослабевать,1
сторонам,1
мути,1
надеялся,1
ведет,1
жилью,1
дернули,1
заработали,1
оживленнее,1
причины,1
жилье,1
почувствовали,1
странный,1
тоскливый,1
злобный,1
тонко,1
скулил,1
положив,1
различил,1
темную,1
точку,1
кошку,1
подросла,1
приблизилась,1
прыгает,1
вправо,1
другая,1
влево,1
навалился,1
секунду,1
выправился,1
опираться,1
вожжи,1
всхрапнули,1
понесли,1
взметывали,1
комьями,1
швыряли,1
неровно,1
дрожали,1
оправясь,1
залез,1
пазуху,1
проклял,1
обойму,1
собой,1
короткое,1
сообщение,1
злосчастном,1
пожарном,1
кошка,1
собаку,1
покатилась,1
невдалеке,1
близко,1
четвероногую,1
тварь,1
поклясться,1
острые,1
шла,1
паркету,1
грозное,1
наглое,1
стремлении,1
думалось,1
варом,1
облило,1
шубой,1
перестали,1
стыть,1
держись,1
покрепче,1
придерживай,1
выстрелю,1
неизвестным,1
сверкнуло,1
оглушительно,1
ударило,1
третий,1
визгливый,1
храп,1
сжимал,1
обо,1
вынырнуть,1
сена,1
смертельном,1
страхе,1
окажется,1
громадное,1
жилистое,1
рваные,1
кишки,1
завыл,1
ого,1
справился,1
тяжелой,1
овчиной,1
выпростал,1
боков,1
зверей,1
прилично,1
редкой,1
пелене,1
очаровательнейший,1
узнаю,1
темное,1
громоздилось,1
красивее,1
дворца,1
помыслил,1
экстазе,1
пули,1
браунинга,1
волки,1
посредине,1
ведущей,1
отдела,1
замечательной,1
недоговорил,1
залпом,1
выпил,1
разведенный,1
крякнул,1
растопырив,1
позволяло,1
устройство,1
отстояли,1
расстегнул,1
пуговицы,1
блузе,1
застегнул,1
книжной,1
полке,1
влез,1
поколотила,1
полминуты,1
отпустила,1
всему,1
задремывая,1
засвистала,1
громом,1
проехалась,1
пропела,1
трубе,1
прошуршала,1
поедете,1
по-е-де-те,1
москвы,1
окошками,1
отрезаны,1
керосиновые,1
девяти,1
станции,1
фонарик,1
вздыхает,1
воем,1
скорый,1
остановится,1
нужна,1
забытая,1
станция,1
погребенная,1
буране,1
сладостная,1
кинематограф,1
магазины,1
валит,1
полях,1
экране,1
плывет,1
тростник,1
качаются,1
пальмы,1
тропический,1
приподняв,1
штору,1
выражается,1
метко,1
рюмке,1
пригласил,1
осуждайте,1
видим,1
месяцами,1
сотен,1
работаем,1
погребены,1
рюмки,1
разведенного,1
спирту,1
рецепту,1
закусить,1
уездными,1
шпротами,1
ваше,1
здоровье,1
желаем,1
чокаясь,1
поправила,1
парадное,1
платье,1
разводами,1
чокнулась,1
хлебнула,1
присела,1
корточки,1
пошевелила,1
жаркий,1
нашим,1
лицам,1
теплело,1
возбужденно,1
тучу,1
искр,1
взметнувшихся,1
кошмар,1
улыбки,1
заиграли,1
лицах,1
утреннем,1
протиснулась,1
румяная,1
стоящему,1
пазухи,1
достала,1
широкогорлый,1
запела,1
баночку,1
этикетку,1
позеленело,1
этикетке,1
написано,1
tinct,1
belladonn,1
д,1
другими,1
порядочную,1
порцию,1
белладонны,1
просьбой,1
повторить,1
сдобным,1
здоровья,1
прислонился,1
скольку,1
задушенным,1
делаешь,1
доверяю,1
лечилась,1
румяные,1
красивые,1
признаков,1
отравления,1
замечалось,1
завопил,1
вынырнул,1
аптечного,1
коридора,1
полюбуйтесь,1
вертела,1
поняв,1
чем-то,1
провинилась,1
завладел,1
понюхал,1
принимала,1
ей-бо,1
втирай,1
искривив,1
досконально,1
понимаем,1
сознавайся,1
кого,1
лечила,1
возвела,1
выбеленный,1
бубнил,1
обратился,1
съездит,1
артистка,1
выпишут,1
приедет,1
баб,1
угостит,1
фершал,1
отрезал,1
восьмой,1
раскапала,1
флакончик,1
дворам,1
умильно,1
попросила,1
полегчал,1
прямо-таки,1
превосходно,1
других,1
хорошие,1
валерьянки,1
разочарованная,1
уехала,1
толковали,1
тяжким,1
занавесом,1
метельная,1
прожевывая,1
рыбку,1
масле,1
мы-то,1
привыкли,1
столицы,1
загудела,1
дымоходах,1
прошелестела,1
стеной,1
багровый,1
отсвет,1
железный,1
лист,1
благословение,1
огню,1
согревающему,1
медперсонал,1
изволили,1
слышать,1
угостив,1
анну,1
николаевну,1
закурил,1
восторженно,1
благостный,1
праздничный,1
гребень,1
фальшивыми,1
камушками,1
волосах,1
личность,1
выдающаяся,1
обожали,1
подход,1
липонтию,1
липонтьевичем,1
верили,1
умел,1
нуте-с,1
приятель,1
федор,1
царапает,1
ларингит,1
привыкнув,1
бешеной,1
гонки,1
деревенским,1
молниеносным,1
диагнозам,1
будешь,1
здоров,1
налепишь,1
между,1
крыл,1
подержишь,1
сымешь,1
марш,1
действуй,1
забрал,1
появляется,1
помогают,1
ваши,1
отвечает,1
помочь,1
поворачивается,1
горчишник,1
налеплен,1
расхохотался,1
захихикала,1
застучала,1
полену,1
воля,1
ваша,1
анек-дот,1
вперебой,1
воскликнули,1
нет-с,1
подобных,1
анекдотов,1
состоит,1
прикрыла,1
заслонку,1
заговорила,1
потупившись,1
приезжаю,1
знаменитое,1
понятное,1
исследую,1
продолжала,1
родовом,1
канале,1
непонятное,1
рассыпчатое,1
кусочки,1
поз-вольте,1
знахарка,1
научила,1
выходить,1
божий,1
выманить,1
сладкое,1
выманивали,1
ужас,1
дают,1
жевать,1
роженицам,1
шут,1
привозили,1
рожениц,1
плюется,1
бедная,1
щетины,1
примета,1
пойдут,1
засверкали,1
чаем,1
везти,1
пускает,1
передумали,1
вернули,1
бабу,1
неправильном,1
положении,1
потолку,1
подвешивали,1
коробова,1
наслышавшись,1
врачи,1
прокол,1
плодного,1
столовым,1
изрезала,1
ловкий,1
спас,1
печку,1
закрыли,1
флигель,1
тускловато,1
светилось,1
оконце,1
погасло,1
скрылось,1
примешался,1
густейший,1
декабрьский,1
завеса,1
скрыла,1
расхаживал,1
поскрипывал,1
голландки-печки,1
грызла,1
деловитая,1
мышь,1
раздумывал,1
египетской,1
тьмой,1
столько,1
продержит,1
скажите,1
мечтаниях,1
рождавшихся,1
колпаком,1
клиника,1
зал,1
изразцовый,1
стерильные,1
остроконечной,1
мудрой,1
седеющей,1
моменты,1
волнует,1
страшит,1
свешиваясь,1
балюстрады,1
внутренней,1
этажах,1
столовая,1
неизвестного,1
назначения,1
помещалась,1
кухарка,1
бессменный,1
тяжелый,1
запор,1
лампочки,1
закачался,1
холодом,1
правде,1
мышиной,1
грызни,1
притом,1
зевая,1
лестница,1
скрипела,1
поднимался,1
солидный,1
большого,1
веса,1
письменным,1
двадцатичетырехлетняя,1
живость,1
выскакивала,1
профессиональной,1
оболочки,1
эскулапа,1
стетоскопе,1
револьвере,1
втиснулась,1
бараньей,1
находилась,1
очистки,1
совести,1
приятным,1
мягким,1
чистое,1
горе,1
задержались,1
поделаешь,1
простите,1
вежливый,1
удовольствием,1
понравилась,1
произвела,1
хорошее,1
впечатление,1
пользовалась,1
уходом,1
владелец,1
подстригал,1
смазывал,1
веществом,1
пробывшему,1
короткий,1
нетрудно,1
постное,1
снимите,1
стул,1
замучила,1
мучает,1
болеть,1
жар,1
пойдет,1
потреплет,1
отпустит,1
готов,1
победно,1
звякнуло,1
остальные,1
слабые,1
расстегнитесь,1
осмотра,1
очаровал,1
бестолковых,1
старушек,1
испуганных,1
подростков,1
шарахающихся,1
металлического,1
шпателя,1
утренней,1
штуки,1
мельнике,1
отдыхал,1
толкова,1
грамотным,1
жест,1
пропитан,1
науке,1
любимой,1
постукивая,1
теплой,1
перемежающаяся,1
целая,1
палата,1
свободна,1
советую,1
понаблюдаем,1
начну,1
порошками,1
сделаем,1
добьемся,1
успеха,1
ложитесь,1
наслышаны,1
довольны,1
помогаете,1
согласен,1
поправиться,1
поистине,1
светлый,1
луч,1
приятное,1
посторонний,1
брат,1
погостить,1
chinini,1
mu,1
d,1
dos,1
№,1
s,1
мельнику,1
худову,1
лихую,1
другом,1
malaria,1
хинин,1
припадка,1
исключение,1
лежа,1
хмурой,1
зевающей,1
ответную,1
исполнила,1
лбова,1
прикрываясь,1
горошком,1
темному,1
полю,1
стеариновая,1
свеча,1
трепетно,1
заспанное,1
встревоженное,1
прибежала,1
позвать,1
что-о,1
босые,1
ощутили,1
попадая,1
тыкал,1
горелку,1
зажглась,1
синеватым,1
огоньком,1
прекрасный,1
надетых,1
наизнанку,1
незастегнутом,1
пиджаке,1
взъерошенный,1
проскочил,1
вбежал,1
раскрытой,1
скомканной,1
больничном,1
маленькая,1
лампочка,1
взъерошена,1
покачивался,1
пьяный,1
осматривался,1
дышал,1
открыв,1
темно-багровое,1
надетом,1
хрипловатым,1
виновата,1
ожидать,1
черкнули,1
всплеснула,1
вообразите,1
порошков,1
хинину,1
мутноватый,1
убирал,1
желудочный,1
камфарным,1
буроватой,1
жидкостью,1
истощенный,1
побледневший,1
укрытый,1
торчала,1
дыбом,1
наклонившись,1
пощупал,1
слабым,1
раздраженно,1
ась,1
объясни,1
погромче,1
мрачный,1
неприязненный,1
думаю,1
валандаться,1
порошочку,1
делу,1
чудовищно,1
анекдот-с,1
язвительном,1
трудной,1
потянулась,1
пеленою,1
мечом,1
стетоскопом,1
иду,1
борюсь,1
рать,1
белых,1
подъехал,1
этому,1
дому,1
пелена,1
никли,1
желтые,1
листья,1
березах,1
изменилось,1
изменился,1
полном,1
праздновать,1
скрипящему,1
разница,1
велика,1
вынутом,1
отразилось,1
бритое,1
украшал,1
двадцатитрехлетнюю,1
ныне,1
закинуты,1
особых,1
пробором,1
прельстишь,1
железного,1
относительно,1
бритья,1
губой,1
утвердилась,1
полоска,1
жесткую,1
пожелтевшую,1
щеточку,1
терка,1
приятно,1
зачешется,1
предплечье,1
почесать,1
щекой,1
ежели,1
англичанине,1
попавшем,1
необитаемый,1
интересный,1
англичанин,1
досиделся,1
галлюцинаций,1
корабль,1
острову,1
лодка,1
выбросила,1
людей-спасителей,1
отшельник,1
встретил,1
револьверной,1
стрельбой,1
приняв,1
мираж,1
обман,1
пустого,1
водяного,1
выбрит,1
громаднейшее,1
вызвал,1
сын,1
британии,1
ехал,1
чемодане,1
безопасная,1
дюжина,1
клинков,1
кисточка,1
необитаемого,1
острова,1
светлом,1
апреле,1
разложил,1
прелести,1
косом,1
золотистом,1
луче,1
глянца,1
ворвался,1
топоча,1
рваных,1
сапожищах,1
доложил,1
происходят,1
заповедника,1
речушкой,1
полотенцем,1
выметнулся,1
речке,1
мутной,1
вздувшейся,1
оголенных,1
куп,1
лозняка,1
свертком,1
банкой,1
дикими,1
каждые,1
шагов,1
присаживался,1
проклятиями,1
левый,1
отскочила,1
подметка,1
сладостный,1
русской,1
весны,1
гребешок,1
узел,1
растрепался,1
хлопал,1
плечу,1
какого,1
черта,1
пропиваешь,1
лету,1
егорычу,1
свинство,1
больничный,1
ходишь,1
босяк,1
огрызался,1
целковых,1
муку,1
мученскую,1
принимать,1
проклятая,1
яростный,1
рысак,1
сапоги,1
пить-есть,1
пить-то,1
сипел,1
задыхаясь,1
шляешься,1
оборванцем,1
гнилого,1
мостика,1
жалобный,1
легкий,1
стремительным,1
половодьем,1
подбежали,1
увидели,1
растрепанную,1
корчившуюся,1
свалился,1
потному,1
мучении,1
заводила,1
ногтями,1
рвала,1
яркая,1
заляпала,1
жиденькую,1
бледную,1
зеленую,1
травку,1
проступившую,1
жирной,1
пропитанной,1
земле,1
ведьму,1
слушая,1
веселый,1
рев,1
рвущейся,1
потемневшие,1
устои,1
мужского,1
живого,1
спасли,1
босой,1
освободившись,1
ненавистной,1
истлевшей,1
подметки,1
перенесли,1
родильницу,1
носилках,1
утихшая,1
бледная,1
простынями,1
поместился,1
люльке,1
лучшего,1
нашла,1
рожать,1
мосту,1
дойдешь,1
здоровая,1
зря,1
гонять,1
дурак,1
твой,1
свинья,1
народ,1
поймал,1
взгляд,1
упирался,1
родильной,1
заглянул,1
показало,1
обычно,1
показывало,1
перекошенную,1
дегенеративного,1
типа,1
подбитым,1
правым,1
виновато,1
щеке,1
дегенерата,1
плясать,1
паркете,1
тянулась,1
рыжеватая,1
поросль,1
разделом,1
служил,1
книга,1
надписью,1
фотографии,1
убийство,1
взлом,1
топор,1
оригинальная,1
добриться,1
вдыхая,1
апрельский,1
дух,1
приносимый,1
вороний,1
грохот,1
верхушек,1
берез,1
щурился,1
солнца,1
добриваться,1
неожиданности,1
родов,1
приходят,1
одиночку,1
крыльце,1
лошадиная,1
морда,1
воротах,1
телегу,1
облепленную,1
грязью,1
тряхнуло,1
правила,1
тонким,1
кричала,1
н-но,1
лешай,1
крыльца,1
ворохе,1
тряпья,1
переломленная,1
фельдшером,1
возились,1
накладывая,1
гипсовую,1
повязку,1
выл,1
лень,1
приползли,1
затянуло,1
морщась,1
зубчатый,1
пролежал,1
позабытым,1
мыльной,1
воде,1
ржавенькая,1
полосочка,1
память,1
весенних,1
родах,1
порою,1
заносило,1
несусветная,1
посылали,1
вознесенск,1
газетами,1
долгими,1
вечерами,1
газет,1
детстве,1
жаждал,1
куперовского,1
следопыта,1
замашки,1
потухли,1
мурьевском,1
вынимал,1
черного,1
футлярчика,1
блестящую,1
игрушку,1
вяло,1
гладкий,1
чистый,1
островитянин,1
некому,1
полюбоваться,1
принесла,1
выщербленную,1
кружку,1
грозно,1
застучали,1
вызвали,1
уехали,1
страшную,1
закутанные,1
бараньи,1
тулупы,1
пронеслись,1
призрак,1
состоящий,1
кучера,1
взбесившийся,1
океан,1
свистела,1
плевалась,1
хохотала,1
испытывал,1
похолодание,1
солнечного,1
сплетения,1
собьемся,1
сатанинской,1
вертящейся,1
кучер,1
дурацкая,1
замерзать,1
наполовину,1
кучеру,1
впрысну,1
мучиться,1
замерзнешь,1
превосходнейшим,1
здоровый,1
ништо,1
у-гу-гу,1
ха-ссс,1
свистала,1
напечатают,1
столичной,1
задней,1
исполнении,1
служебных,1
обязанностей,1
кучером,1
парою,1
праху,1
снежном,1
море,1
тьфу,1
лезет,1
называемый,1
долг,1
службы,1
заблудились,1
село,1
грищево,1
родильница,1
учителя,1
бились,1
дощатой,1
стонал,1
мотался,1
половине,1
стоны,1
родильницы,1
неумолчные,1
всхлипывания,1
получили,1
мертвого,1
явится,1
грозный,1
ворвется,1
избу,1
каменным,1
угасая,1
мертвое,1
восковую,1
лежавшую,1
била,1
открыли,1
разредить,1
удушающий,1
превращалась,1
клуб,1
пара,1
захлопнул,1
вперил,1
взор,1
мотающуюся,1
отчаяния,1
возвращался,1
ухаживать,1
матерью,1
швыряло,1
поредевшей,1
мрачные,1
леса,1
смотрели,1
укоризненно,1
чувствовал,1
побежденным,1
разбитым,1
задавленным,1
жестокой,1
судьбой,1
бросила,1
заставила,1
поддержки,1
указаний,1
неимоверные,1
трудности,1
переживать,1
каверзный,1
сложный,1
чаще,1
хирургический,1
небритым,1
победить,1
победишь,1
мучайся,1
валяет,1
трупик,1
мамаша,1
утихнет,1
привезет,1
удастся,1
величественное,1
действую,1
сих,1
везло,1
сходили,1
свезло,1
щемит,1
одиночества,1
преступление,1
совершил,1
ручку-то,1
поехать,1
повалиться,1
кому-нибудь,1
переломил,1
недостоин,1
дорогие,1
коллеги,1
посылайте,1
жрал,1
жалкой,1
собачонкой,1
псом,1
бездомным,1
неумелым,1
сверкнул,1
радостный,1
вечно,1
мигал,1
пропадал,1
манил,1
взгляде,1
полегчало,1
одинокой,1
утвердился,1
рос,1
приближался,1
превратились,1
беловатые,1
въезжая,1
вздор,1
значения,1
мертвому,1
ручке,1
подбодрил,1
поднимаясь,1
ощущая,1
избавитель,1
мучений,1
так-то,1
бритва,1
кружка,1
простывшим,1
презрением,1
ящик,1
многоликим,1
многообразным,1
сложным,1
страшным,1
ураган,1
смотрю,1
след,1
оставленный,1
строже,1
беспокойнее,1
увереннее,1
мужественнее,1
переносице,1
останутся,1
бегут,1
буйной,1
чередой,1
дипломе,1
фантастический,1
судить,1
грозные,1
судьи,1
спрашивать,1
солдатская,1
ответь,1
злодей,1
окончивший,1
помнить,1
плотник,1
ржавые,1
гвозди,1
старых,1
шалевок,1
такт,1
подсказали,1
выучиться,1
отлучиться,1
зубов,1
рвут,1
румяную,1
исстрадавшуюся,1
вернувшийся,1
числе,1
прочих,1
развалившегося,1
здоровеннейший,1
засевший,1
крепкий,1
дуплом,1
щурясь,1
мудрым,1
выражением,1
озабоченно,1
покрякивая,1
отчетливо,1
известный,1
чехова,1
дьячку,1
впервые,1
смешон,1
хрустнуло,1
взвыл,1
ого-о,1
сопротивление,1
прекратилось,1
зажатым,1
окровавленным,1
предметом,1
екнуло,1
предмет,1
превышал,1
объему,1
солдатский,1
коренной,1
вначале,1
щипцах,1
торчал,1
длиннейшими,1
корнями,1
зубе,1
висел,1
ярко-белой,1
неровной,1
подкосились,1
благословляя,1
воровским,1
завернул,1
плод,1
лихой,1
качался,1
вцепившись,1
акушерского,1
кресла,1
другою,1
табурета,1
ошалевшими,1
ткнул,1
раствором,1
марганцовокислого,1
полощи,1
глупый,1
поступок,1
набрал,1
смешавшись,1
алою,1
солдатской,1
кровью,1
превращаясь,1
жидкость,1
невиданного,1
беднягу,1
бритвой,1
вряд,1
текла,1
сильнее,1
отставив,1
калием,1
набрасывался,1
забивал,1
зияющую,1
марля,1
становилась,1
алой,1
вынимая,1
поместить,1
больших,1
сливу,1
ренклод,1
славу,1
длинные,1
полосы,1
банки,1
утихла,1
вымазал,1
ешь,1
дрожащим,1
пациенту,1
изумлением,1
полную,1
дружок,1
жалким,1
заезжай,1
послезавтра,1
подозрительный,1
благодарим,1
удалился,1
бросился,1
охватив,1
качаясь,1
зубной,1
боли,1
вытаскивал,1
прятал,1
жил,1
исхудал,1
захирел,1
сунулся,1
нелепые,1
картины,1
рисовались,1
трясти,1
рассказывает,1
фронт,1
становится,1
ситцевой,1
бредит,1
°,1
деревня,1
навещает,1
образами,1
заострившимся,1
начинаются,1
пересуды,1
дохтур,1
вытаскал,1
што,1
следствие,1
солдату,1
выкапывают,1
позор,1
причина,1
несчастный,1
выброшенный,1
борт,1
бывший,1
показывался,1
тосковал,1
ржавел,1
высыхал,1
письменном,1
жалованьем,1
персоналу,1
уездной,1
прокуренной,1
бороденкой,1
виды,1
уныло,1
лимоном,1
ковыряя,1
скатерть,1
обиняками,1
повел,1
туманную,1
фальшивую,1
бывают,1
кто-нибудь,1
обломает,1
уставив,1
вылинявшие,1
глазки,1
косматыми,1
бровями,1
выломали,1
бросайте,1
идем,1
выпьем,1
ужином,1
навсегда,1
мучитель-солдат,1
смешно,1
вспоминать,1
недели,1
рву,1
многие,1
хотели,1
лунок,1
ломаю,1
перевидел,1
неповторяемый,1
плавая,1
горьком,1
табачном,1
дыму,1
подводил,1
итог,1
переполнялось,1
ампутации,1
бедра,1
вычистки,1
записано,1
восемнадцать,1
удачно,1
гигантских,1
гнойников,1
вскрыл,1
крахмальные,1
вывихи,1
интубации,1
какими,1
кесарева,1
сечения,1
отправить,1
государственный,1
экзамен,1
судебной,1
развязно,1
рассказывал,1
зрительной,1
проплывала,1
страница,1
толстейшего,1
выдохся,1
скрипуче,1
подобного,1
рассказали,1
фамилии,1
тройку,1
позоре,1
вскоре,1
поехал,1
пузыристая,1
пена,1
вскакивала,1
губах,1
разнесена,1
волчьей,1
дробью,1
легкое,1
мясо,1
клоками,1
полтора,1
удостоился,1
разу,1
подержать,1
акушерские,1
дрожа,1
скрою,1
странного,1
раздувшаяся,1
сине-багровая,1
безглазая,1
похолодел,1
выслушал,1
утешающие,1
наложили,1
ложку,1
норму,1
зашивал,1
гнойные,1
плевриты,1
взламывал,1
пневмонии,1
тифы,1
раки,1
геморрои,1
саркомы,1
развернул,1
считал,1
сосчитал,1
вечернего,1
шестьсот,1
тринадцать,1
стационарных,1
умерло,1
поплелся,1
юбиляр,1
двадцати,1
четырех,1
громаден,1
горох,1
ушей,1
мальчишек,1
мужественна,1
дрожит,1
всякие,1
каверзы,1
научился,1
бабьи,1
речи,1
разбираюсь,1
шерлок,1
холмс,1
таинственных,1
документах,1
положительно,1
поставить,1
тупик,1
столице,1
фельдшеризм,1
клиниках,1
университетах,1
рентгеновских,1
кабинетах,1
дрожал,1
стуке,1
корчился,1
выперло,1
захныкала,1
смотрело,1
серенькое,1
сентябрьское,1
хвастался,1
годовалого,1
держала,1
левого,1
растянутых,1
истонченных,1
век,1
выпирал,1
шар,1
небольшое,1
яблоко,1
бился,1
хныкала,1
стояли,1
молчали,1
такого,1
мозговая,1
саркома,1
мягковата,1
какая-то,1
жуткая,1
развилась,1
бывшего,1
вырезать,1
штуку,1
представил,1
надсеку,1
разведу,1
дальше-то,1
мягковато,1
бледнея,1
тряпки,1
категорически,1
твоего,1
смеешься,1
никакие,1
капельки,1
помогут,1
оставаться,1
третьего,1
вези,1
сделают,1
глубокомысленно,1
кончилось,1
увезла,1
притронуться,1
пожимал,1
рылся,1
библиотечке,1
изображены,1
вылезающими,1
пузырями,1
забыт,1
неделя,1
жухова,1
веселая,1
ребенком,1
закладает,1
сообщила,1
улыбнулась,1
встрепенуться,1
узнали,1
ребенок,1
помните,1
ошалел,1
победоносно,1
играл,1
смех,1
молчаливо,1
карими,1
помине,1
колдовское,1
расслабленно,1
придя,1
оттянул,1
вертеть,1
малюсенький,1
шрамик,1
слизистой,1
а-а,1
тады,1
рассказывай,1
сконфуженно,1
ишь,1
издевательски,1
века,1
развился,1
громаднейший,1
гнойник,1
оттеснил,1
гной,1
удивишь,1
столь,1
богат,1
сюрпризами,1
учиться,1
чутье,1
подсказало,1
рассчитывать,1
побоялся,1
тронуть,1
обнаженное,1
теплое,1
словах,1
ну-ка,1
подвиньтесь,1
свету,1
керосиновой,1
залил,1
желтизну,1
выпуклой,1
боках,1
проступала,1
небе,1
холодком,1
сердцем,1
склонился,1
сорокалетнее,1
бородке,1
грязно-пепельного,1
бойкими,1
глазками,1
прикрытыми,1
напухшими,1
веками,1
глазках,1
великому,1
удивлению,1
важность,1
сознание,1
помаргивал,1
оглядывался,1
скучающе,1
поправлял,1
поясок,1
вторично,1
скамеечки,1
брошенный,1
деревенскую,1
случайно,1
жаловался,1
безотчетно,1
сопоставил,1
хрипоту,1
зловещую,1
красноту,1
странные,1
мраморную,1
догадался,1
сулемовым,1
шариком,1
беспокойная,1
кашлянул,1
отравила,1
стеклянный,1
шпатель,1
деть,1
комок,1
ваты,1
по-видимому,1
нехорошая,1
смутился,1
испугается,1
разнервничается,1
разнервничался,1
круглым,1
курица,1
услышав,1
призывающий,1
круглом,1
глазе,1
отметил,1
мягко,1
мраморной,1
снежно-белой,1
амфитеатр,1
громоздящимися,1
студенческими,1
седая,1
профессора-венеролога,1
полутора,1
тысячах,1
амфитеатра,1
шумели,1
многочисленные,1
пациенты,1
ожидающие,1
неуклонно,1
смеркалось,1
заживающую,1
первичную,1
язву,1
гордости,1
являющееся,1
застегивайтесь,1
серьезная,1
захватывающая,1
организм,1
похожем,1
взоре,1
смешанное,1
иронией,1
посмотрите,1
скосил,1
иронический,1
огонек,1
полечить,1
нетерпением,1
слушайте,1
вслух,1
второстепенное,1
поможем,1
вашу,1
общую,1
вытаращил,1
приговор,1
рехнулся,1
полоскания,1
глотки,1
загорелось,1
боялся,1
испугать,1
напротив,1
намекнул,1
провалиться,1
впереди,1
вопроса,1
заразительности,1
тарелках,1
ложках,1
чашках,1
отдельном,1
женаты,1
жанат,1
взволнованно,1
жану,1
великим,1
удивлением,1
продолжали,1
помаргивая,1
любой,1
профессоров,1
пятерку,1
пятикурснику,1
обнаружил,1
познания,1
сифилидологии,1
недюжинную,1
сметку,1
заполняла,1
дырки,1
местах,1
хватало,1
строк,1
немецких,1
русских,1
костями,1
нелеченного,1
сифилитика,1
очертил,1
прогрессивный,1
потомство,1
поток,1
иссяк,1
застенчивым,1
красном,1
золотыми,1
буквами,1
друг,1
которым,1
расставался,1
трудного,1
выручал,1
проклятые,1
рецептурные,1
разверзали,1
пропасть,1
украдкой,1
одевался,1
странички,1
ртутная,1
великое,1
втирания,1
пакетику,1
наглядно,1
жаром,1
показал,1
пустую,1
ладонь,1
другую,1
сделаете,1
вымоетесь,1
придете,1
слышите,1
следить,1
зубами,1
ртом,1
еды,1
полощите,1
оживился,1
желтая,1
уходила,1
протискивалась,1
бабья,1
полутемному,1
коридору,1
амбулаторного,1
кабинета,1
папиросами,1
лечит,1
понимаешь,1
полдня,1
выедешь,1
вот-те,1
дает,1
дребезжанием,1
осекся,1
привидение,1
промелькнул,1
похожую,1
пакли,1
набрякшие,1
грозной,1
хрипотой,1
воровато,1
какую-то,1
ссадину,1
нагоравшую,1
неужто,1
впустую,1
сыщически,1
проглядывал,1
утрам,1
ожидая,1
встретить,1
фамилию,1
жены,1
внимательного,1
слушателя,1
монолога,1
дождался,1
тревожить,1
забылся,1
каверзные,1
заставлявшие,1
изнурять,1
сотни,1
теряться,1
обретать,1
присутствие,1
духа,1
окрыляться,1
борьбу,1
вдалеке,1
облупленной,1
делает,1
ветхую,1
жалуются,1
разматывает,1
портянки,1
беленьком,1
штопаном,1
давит,1
пальцем,1
причин,1
находит,1
давали,1
лечения,1
вспомнит,1
-й,1
вощеной,1
бумаге,1
неиспользованных,1
липких,1
комков,1
поглядит,1
иронии,1
черноватой,1
тревогой,1
выпишет,1
назначит,1
заглянет,1
передайте,1
низкий,1
поклон,1
дяде,1
сафрону,1
ивановичу,1
дорогая,1
съездиите,1
покажь,1
сифилем,1
побывке,1
супруг,1
ваш,1
буков,1
зажала,1
концом,1
байкового,1
платка,1
села,1
лавку,1
завитки,1
светлых,1
растаявшего,1
выбились,1
настало,1
мучительное,1
гул,1
голосов,1
нетерпеливо,1
ждущих,1
притупившейся,1
человеческому,1
страданию,1
разыскал,1
теплые,1
убить,1
отчаянию,1
каким,1
успехом,1
лечим,1
дурную,1
всхлипнула,1
слезами,1
вторил,1
называли,1
бранными,1
дражайшего,1
побывавшего,1
отбывшего,1
высыхать,1
набрякли,1
отчаянными,1
измученным,1
позвал,1
акушерку,1
уединились,1
отдельной,1
гинекологическое,1
сипела,1
молчала,1
всматривалась,1
самых,1
внимательных,1
осмотров,1
пяди,1
подозрительного,1
захотелось,1
надежды,1
обманули,1
грозная,1
твердая,1
искры,1
появились,1
краска,1
тронула,1
сделается,1
пойму,1
пелагее,1
ивановне,1
судя,1
откликнулась,1
сроках,1
интимных,1
вещах,1
получила,1
наказ,1
перешибленный,1
пополам,1
закралась,1
умирала,1
всплакнула,1
ушла,1
темной,1
тенью,1
меч,1
повис,1
каждую,1
появлялась,1
амбулатории,1
осунулась,1
резче,1
выступили,1
запали,1
окружились,1
тенями,1
сосредоточенная,1
дума,1
оттянула,1
углы,1
книзу,1
осматривали,1
нашли,1
отходить,1
зарождался,1
оживало,1
расправлялась,1
стянутая,1
маска,1
наши,1
шансы,1
росли,1
четвертую,1
девяноста,1
процентов,1
благополучный,1
исход,1
лихвой,1
двадцатиоднодневный,1
дальние,1
случайные,1
развивается,1
громадным,1
запозданием,1
сроки,1
отбросив,1
сияющее,1
ощупав,1
железы,1
вне,1
счастливый,1
незабываемым,1
уменья,1
описать,1
низко,1
пояс,1
фунта,1
десятка,1
боя,1
юности,1
голодать,1
революционные,1
вспоминал,1
лампу-молнию,1
золотой,1
вдавлинами,1
проступившей,1
росой,1
обреченную,1
четырехмесячный,1
недаром,1
пациенткой,1
отдал,1
лучшие,1
первым,1
единственным,1
исключением,1
сохранившей,1
освещенную,1
керосиновыми,1
лампами,1
работу,1
четверых,1
текли,1
мучительные,1
казни,1
искать,1
осенние,1
жарки,1
голландки-печи,1
мире,1
бурно,1
неслась,1
стучался,1
незаметно,1
превратился,1
беззвучный,1
долгие,1
предшествующие,1
тысячами,1
десятками,1
имена,1
названия,1
деревень,1
колоннах,1
искал,1
находил,1
мелькали,1
надписи,1
шаблонные,1
скучные,1
bronchitis,1
laryngit,1
привычной,1
выписано,1
rp,1
ung,1
hybrarg,1
cine,1
d.t.d,1
пляшут,1
бронхиты,1
прерываются,1
пометок,1
вторичном,1
люэсе,1
попадался,1
третичный,1
размашисто,1
графу,1
пахнущие,1
плесенью,1
забытые,1
чердаке,1
фолианты,1
больший,1
проливался,1
неопытную,1
чудовищные,1
пометки,1
первичной,1
язве,1
имен,1
бесконечные,1
вереницы,1
мыши,1
грызущей,1
корешки,1
книжных,1
шкафа,1
имеют,1
понятия,1
пугает,1
да-с,1
возьмет,1
заживет,1
рубец,1
разовьется,1
вторичный,1
бурный,1
появятся,1
серую,1
круг,1
помещался,1
пепельнице,1
лежащая,1
шоколадная,1
окурков,1
найду,1
шуршали,1
тронутые,1
тлением,1
июня,1
ртутной,1
целительной,1
изобретенной,1
спасение,1
семену,1
вручая,1
вымоешься,1
приедешь,1
слышишь,1
кланялся,1
благодарил,1
сиплым,1
деньков,1
неизбежно,1
дым,1
шуршат,1
потухают,1
заре,1
подсохли,1
кондиломы,1
право,1
увижу,1
гуммозными,1
язвами,1
цел,1
носовой,1
скелет,1
одинаковые,1
карпов,1
мудреного,1
выписан,1
молочным,1
сахаром,1
маленькой,1
дозе,1
роковая,1
двойка,1
звездах,1
принесли,1
отбивался,1
цепких,1
докторских,1
догадываюсь,1
ложечки,1
интересного,1
расскажет,1
старая,1
амбулатория,1
юному,1
авдотья,1
руках-то,1
плакал,1
ниже,1
сестра,1
хватает,1
сидор,1
петр,1
сифиль,1
документ,1
проклятого,1
открыться,1
авдотьей,1
марьей,1
общая,1
чашка,1
щами,1
семьдесят,1
общей,1
чашке,1
беловатый,1
раннего,1
амбулаторными,1
записями,1
великолепными,1
немецкими,1
учебниками,1
яркими,1
картинками,1
просидел,1
одинокую,1
уходя,1
зевал,1
замедлил,1
санный,1
путь,1
приезжало,1
занимался,1
мутно-белым,1
заканчивался,1
мглой,1
загадочно,1
тихим,1
шорохом,1
разнообразный,1
коварный,1
появлялся,1
беловатых,1
девчонки-подростка,1
сабельных,1
искривленных,1
подрытых,1
вялых,1
желтых,1
старухи,1
мокнущих,1
папул,1
цветущей,1
полулунной,1
короной,1
венеры,1
являлся,1
отраженным,1
наказанием,1
отцов,1
ребятах,1
носами,1
похожими,1
казачьи,1
седла,1
проскальзывал,1
замеченным,1
школьной,1
парты,1
доходил,1
умом,1
таился,1
костях,1
многое,1
перетирку,1
велели,1
накрест,1
кормилец,1
гумма,1
роду,1
слыхивали,1
глотка-то,1
прошлом,1
годе,1
леонтий,1
леонтьевич,1
расточал,1
бесчисленные,1
кило,1
серой,1
выписывал,1
йодистого,1
извергал,1
страстных,1
некоторых,1
удавалось,1
вернуть,1
шести,1
нескольким,1
большей,1
частью,1
полностью,1
провести,1
курсы,1
впрыскиваний,1
большая,1
утекала,1
песок,1
песочных,1
разыскать,1
снежной,1
привел,1
ту,1
теплым,1
боязнь,1
возмужал,1
сосредоточен,1
порой,1
угрюм,1
окончится,1
вернусь,1
станет,1
борьбе,1
мрачных,1
амбулаторию,1
собою,1
несла,1
закутанного,1
путаясь,1
непомерных,1
синюю,1
выступавшую,1
полушубка,1
ввалились,1
кинулась,1
краснощекая,1
бабенка,1
держащейся,1
скрылась,1
складках,1
следа,1
мордастого,1
выудил,1
юбки,1
лбы,1
обоих,1
обыкновенные,1
раскрой,1
миленькая,1
раскрыла,1
голенькое,1
усеяно,1
застывшую,1
морозную,1
розеола,1
ванька,1
вздумал,1
отбиваться,1
выть,1
безмятежными,1
э-х-эх,1
ворчал,1
кривя,1
коробовский,1
уезд,1
простужен,1
спрашивала,1
пятнистые,1
одевайся,1
присел,1
столу,1
положил,1
последних,1
номер,1
тетка,1
также,1
твоих,1
страшная,1
начинать,1
трудно,1
изобразить,1
выпуклых,1
голубых,1
бабьих,1
повернула,1
усмехнулась,1
закуривая,1
пятидесятую,1
папиросу,1
спроси,1
твоими,1
ребятами,1
станешь,1
ничаво,1
пеленки,1
поговорил,1
более,1
слезам,1
благодаря,1
вызванным,1
нарочито,1
жесткими,1
пугающими,1
возможна,1
дальнейшая,1
остаются,1
поместите,1
тифозными,1
справимся,1
разрешения,1
открыть,1
сифилитиков,1
интерес,1
вспыхнул,1
скептик,1
управимся,1
препараты,1
лишних,1
готовить,1
посуда,1
шприцы,1
упрямо,1
помотал,1
занесенного,1
флигелька,1
горели,1
жестяными,1
абажурами,1
постелях,1
бельишко,1
шприца,1
однограммовый,1
пятиграммовый,1
люэс,1
жалостливая,1
занесенная,1
бедность,1
гордо,1
замирая,1
загадочные,1
вливания,1
сальварсана,1
гораздо,1
спокойнее,1
флигельке,1
маленькую,1
лампочку,1
освещал,1
застенчивого,1
вымазан,1
манной,1
кашей,1
звезд,1
четверо,1
лампочкой,1
лаская,1
завтраму,1
выпишусь,1
поправляя,1
кофточку,1
курс,1
претерпеть,1
срезь,1
помощь,1
выписывайте,1
здоровы,1
разгорелся,1
костер,1
кончился,1
багровею,1
ругаешься,1
порядки,1
ругаться,1
ругать,1
посмотри,1
хочешь,1
погубить,1
позволю,1
удержал,1
ручаюсь,1
поверьте,1
спокойна,1
потревожила,1
раскаиваюсь,1
брань,1
сравнению,1
бурные,1
лета,1
разлучили,1
занесенным,1
флигелем,1
верю,1
здание,1
выбелено,1
новое,1
электричества-то,1
пишу,1
строки,1
чья-нибудь,1
юная,1
отбрасывает,1
желтоватый,1
