Bulghakov_Dni Turbinykh.txt,33246
и,1720
е,1404
а,1325
к,1121
с,1064
в,1011
л,955
н,792
й,681
р,597
о,481
я,475
не,438
ш,413
что,372
т,354
м,276
на,255
у,254
,227
—,221
ы,199
вы,189
г,182
ты,171
б,155
это,139
как,136
за,134
же,124
его,112
все,111
д,106
он,102
з,101
мне,100
ь,98
так,93
по,92
вас,90
бы,89
меня,88
ну,80
да,79
нет,78
из,76
мы,75
но,75
вот,74
вам,62
сейчас,57
очень,52
господа,52
лена,51
ф,50
елена,50
пьесы,50
то,46
когда,45
ничего,44
было,43
п,42
тебя,42
только,42
нас,41
там,41
господин,41
был,40
тебе,39
еще,39
до,39
ему,39
васильевна,39
быть,38
они,38
от,38
булгаков,37
полковник,37
этого,37
кто,37
ларион,36
со,34
есть,33
ж,33
если,32
ведь,32
шервинский,32
где,31
во,31
ц,30
без,30
алеша,29
уже,29
ах,29
будет,29
леночка,28
может,28
мой,28
время,28
ю,27
ли,27
чем,27
чтобы,27
теперь,27
ч,26
она,26
алексей,26
пауза,25
светлость,25
капитан,24
сам,24
сказал,24
такое,24
ни,24
позвольте,24
этот,24
ее,23
боже,23
надо,23
пан,23
редакции,23
поручик,22
ним,22
можно,22
ваша,22
могу,22
для,22
была,22
турбиных,21
пьеса,21
здесь,21
гетман,21
их,20
пожалуйста,20
дверь,20
входит,20
куда,20
сценой,20
що,20
второй,20
поет,19
говорит,19
конечно,19
виктор,19
совершенно,19
мышлаевский,19
значит,19
телефону,19
пьесе,19
булгакова,19
первая,18
почему,18
два,18
эту,18
или,18
буду,18
хорошо,18
человек,18
гетмана,17
при,17
идет,17
всего,17
под,17
дело,17
лариосик,17
после,17
прошу,17
пьесу,17
театра,17
уж,16
минуту,16
уходит,16
ура,16
какой,16
сказать,16
уехал,16
ваше,16
картина,15
голос,15
такой,15
васильевич,15
николка,15
эти,15
хлопцы,15
петлюры,15
слава,15
алексея,15
знаете,15
нам,15
один,15
через,15
него,15
большевики,15
больше,15
театр,15
первой,15
дни,14
раз,14
потому,14
слушаю,14
появляется,14
именно,14
даже,14
знаю,14
никто,14
том,14
нем,14
этой,14
федор,14
лет,13
петлюра,13
кого,13
чего,13
сегодня,13
себе,13
нужно,13
опять,13
светлости,13
этом,13
-,13
юнкера,13
командир,12
зачем,12
знаешь,12
здравствуйте,12
внезапно,12
дивизион,12
наш,12
виноват,12
стало,12
потом,12
письмо,12
им,12
сию,12
гвардия,12
№,12
вообще,11
более,11
понял,11
давно,11
моя,11
сапоги,11
скажу,11
немцы,11
говорю,11
всем,11
лучше,11
эта,11
впрочем,11
мной,11
свет,11
берлин,11
тогда,11
тут,11
себя,11
спасибо,11
сюда,11
слово,11
того,11
офицеры,11
вашей,11
це,11
адъютант,10
армии,10
город,10
черт,10
такие,10
довольно,10
своей,10
говорил,10
смирно,10
мышлаевского,10
водки,10
иди,10
ноги,10
три,10
завтра,10
равно,10
дал,10
тоже,10
пойду,10
всех,10
одно,10
ними,10
тальберг,10
вами,10
ваш,10
какое,10
здоровье,10
тем,10
две,10
люблю,10
штаб,10
случае,10
против,10
портсигар,10
сцены,10
гимназии,10
действие,9
вторая,9
знает,9
все-таки,9
нету,9
наши,9
звонок,9
бога,9
позволь,9
бог,9
мужички,9
точно,9
погоны,9
сразу,9
много,9
говорить,9
слова,9
говоришь,9
времени,9
вернется,9
рад,9
леонид,9
поют,9
правильно,9
из-за,9
прослезился,9
князь,9
нами,9
назад,9
револьвер,9
вопрос,9
сотник,9
слушать,9
дон,9
пьесой,9
сцене,9
дивизии,8
вчера,8
хотя,8
узнать,8
домой,8
ох,8
скажи,8
петлюру,8
понимаю,8
взял,8
будем,8
вижу,8
прямо,8
извините,8
прежде,8
пальто,8
идти,8
одна,8
просто,8
дорогая,8
образом,8
месяца,8
большевиков,8
прекрасно,8
убегает,8
весьма,8
серьезно,8
немедленно,8
кому,8
военный,8
жизни,8
народ,8
про,8
жизнь,8
нельзя,8
пока,8
живо,8
самое,8
об,8
этим,8
белой,8
вон,8
поздравляю,8
писателя,8
художественного,8
решение,8
генерал,7
над,7
ей-богу,7
комнаты,7
знал,7
приедет,7
который,7
идут,7
бежит,7
витенька,7
никол,7
бросается,7
дам,7
делается,7
всю,7
вашу,7
ваши,7
дворце,7
офицеров,7
студзинский,7
моего,7
мама,7
мое,7
делать,7
невозможно,7
имею,7
будьте,7
душевно,7
кошмар,7
будут,7
никогда,7
тобой,7
одну,7
суета,7
руку,7
моей,7
окно,7
желаю,7
офицер,7
угодно,7
царя,7
ко,7
мало,7
армию,7
защищать,7
какая,7
говорите,7
видно,7
свою,7
отбыл,7
слухаю,7
командование,7
гул,7
взять,7
ходу,7
исчезает,7
лицо,7
полку,7
тому,7
конец,7
убили,7
автор,7
редакция,7
ор,7
ргб,7
коллегии,7
мхата,7
сцена,7
сентября,7
троцкий,7
текста,6
муж,6
личный,6
года,6
киев,6
девять,6
хуже,6
каждый,6
часов,6
утром,6
штабе,6
несколько,6
переднюю,6
дать,6
снимает,6
пьет,6
господи,6
гетманом,6
удовольствием,6
хотел,6
думаю,6
видел,6
передней,6
что-то,6
простите,6
николке,6
честь,6
думал,6
квартире,6
какие-то,6
дела,6
володя,6
бежать,6
дали,6
катастрофа,6
войска,6
командировку,6
мои,6
женщина,6
здравствуй,6
должен,6
ночью,6
свидания,6
момент,6
верно,6
разрешите,6
снять,6
остается,6
были,6
чему,6
идите,6
полка,6
тише,6
благополучно,6
войны,6
эх,6
хотите,6
вовсе,6
комиссаров,6
дайте,6
разве,6
постойте,6
шервинскому,6
голову,6
стороны,6
видал,6
телефон,6
новожильцев,6
знать,6
превосходительство,6
конница,6
фон,6
кроме,6
таким,6
согласен,6
шум,6
работа,6
дает,6
кинной,6
гармоника,6
молчание,6
як,6
видеть,6
шел,6
двух,6
марш,6
батарея,6
лестнице,6
пошел,6
пане,6
действительно,6
театре,6
отечество,6
ней,6
романа,6
белая,6
ед,6
хр,6
те,6
см,6
театру,6
„белая,6
сцену,6
булгаковым,6
спектакля,6
огпу,6
михаил,5
афанасьевич,5
первое,5
квартира,5
вечер,5
час,5
песни,5
что-нибудь,5
шервинского,5
могли,5
случилось,5
говори,5
дай,5
собственно,5
скорее,5
дивизиона,5
ради,5
откуда,5
водкой,5
ванну,5
одного,5
вместе,5
ясная,5
приехал,5
слышал,5
ужасно,5
гм,5
которая,5
должна,5
скажите,5
видите,5
какие,5
германском,5
погоди,5
хороший,5
произвол,5
судьбы,5
армия,5
городе,5
берлине,5
совсем,5
украину,5
видишь,5
еду,5
большой,5
владимир,5
робертович,5
права,5
спросить,5
итак,5
рояля,5
здравия,5
ночь,5
ой,5
однажды,5
входят,5
приятно,5
гвардии,5
последний,5
пью,5
двести,5
благодарю,5
покорнейше,5
брось,5
елене,5
свинья,5
командира,5
сапог,5
скоро,5
самом,5
деле,5
ломать,5
них,5
придут,5
маузер,5
ума,5
слушайте,5
россия,5
императора,5
император,5
большевиками,5
пусть,5
отлично,5
сон,5
глаза,5
следует,5
руки,5
будешь,5
пустите,5
полчаса,5
дорогой,5
звонит,5
записку,5
русской,5
командования,5
поставить,5
конце,5
сторону,5
арестовать,5
зараз,5
стук,5
поэтому,5
германское,5
никаких,5
ответ,5
топот,5
спокойно,5
тех,5
выходит,5
сами,5
франько,5
якого,5
мосту,5
этому,5
отсюда,5
наверху,5
стой,5
парты,5
кричит,5
застава,5
молчать,5
кончено,5
турбина,5
алешка,5
мог,5
лоб,5
речь,5
истории,5
которые,5
пролог,5
новой,5
некоторые,5
июня,5
октября,5
автора,5
марков,5
театром,5
текст,5
стали,5
репетиций,5
станиславский,5
генеральная,5
свое,5
наркомпроса,5
богоносцы,5
<...>,5
второе,4
третье,4
кузен,4
-й,4
действия,4
играют,4
пой,4
голоса,4
правда,4
никакого,4
николай,4
сущности,4
ишь,4
гаснет,4
часть,4
близко,4
будто,4
очевидно,4
скорей,4
впускает,4
мать,4
кармане,4
легче,4
поморожены,4
чертовой,4
матери,4
трактиром,4
самые,4
попал,4
знали,4
говорят,4
поцелую,4
мужа,4
сделал,4
передать,4
самый,4
также,4
оно,4
сказала,4
сама,4
милая,4
такая,4
житомира,4
погодите,4
признателен,4
повесить,4
симпатичный,4
да-да,4
ужас,4
злодеи,4
поезде,4
сочинений,4
будете,4
уходят,4
входя,4
пить,4
нравится,4
так-с,4
человека,4
постой,4
оба,4
единственный,4
сколько,4
свои,4
бросить,4
тень,4
десять,4
удалось,4
хорошего,4
прячет,4
турбин,4
прикажете,4
деньги,4
корабль,4
стол,4
берет,4
бумаги,4
юрьевич,4
печально,4
далеко,4
казалось,4
честное,4
будь,4
помилуйте,4
весь,4
день,4
обстоит,4
глубокоуважаемый,4
вино,4
рыжая,4
клянусь,4
внимание,4
гражданской,4
речи,4
кудесник,4
мною,4
музыка,4
бойся,4
свете,4
московской,4
пойдет,4
вся,4
нуте-с,4
сердце,4
снег,4
гроб,4
вещи,4
среди,4
раньше,4
миф,4
россии,4
силы,4
ладно,4
иду,4
известие,4
части,4
последнее,4
страшно,4
своего,4
боюсь,4
кабинет,4
никого,4
дворца,4
газету,4
крайней,4
мере,4
столе,4
отбой,4
садится,4
штабом,4
ночи,4
двери,4
представители,4
пять,4
sie,4
дуст,4
бежал,4
украине,4
такого,4
столь,4
правительство,4
тихо,4
стреляет,4
растерян,4
манифест,4
порядке,4
слышите,4
внимательно,4
дома,4
бегите,4
фонарь,4
нема,4
окном,4
держи,4
льду,4
садись,4
товарищ,4
коммунист,4
главное,4
свист,4
рассвет,4
месте,4
синий,4
эй,4
печи,4
топить,4
делаете,4
старик,4
татары,4
разрыв,4
петлюрой,4
поведут,4
край,4
исполнять,4
положении,4
одним,4
сволочь,4
дону,4
штабную,4
киеве,4
пущу,4
максим,4
улице,4
диван,4
подушку,4
елку,4
милый,4
роман,4
стойте,4
читал,4
красные,4
важно,4
пришлось,4
николаша,4
менее,4
жаль,4
кричи,4
заявление,4
совет,4
эпилог,4
гг,4
виде,4
лишь,4
картинка,4
решил,4
инсценировку,4
августа,4
письме,4
которых,4
которой,4
написал,4
малой,4
сезоне,4
котором,4
договор,4
художественном,4
имя,4
репетициях,4
репетиция,4
реперткома,4
затем,4
гпу,4
достоевского,4
русь,4
шпион,4
сознаюсь,4
лица,3
четвертое,3
действиях,3
украины,3
германский,3
место,3
часы,3
менуэт,3
боккерини,3
играет,3
пулеметы,3
петлюре,3
между,3
учитель,3
пения,3
доме,3
трогает,3
комиссия,3
создатель,3
душу,3
вина,3
проходит,3
прислушивается,3
пушечный,3
удар,3
впечатление,3
интересно,3
люди,3
пор,3
открой,3
чтоб,3
осторожно,3
огню,3
мерзавцы,3
сними,3
ясно,3
ой-ой-ой,3
метель,3
сочинения,3
стороне,3
одном,3
побиглы,3
хрена,3
поезжайте,3
обниму,3
начинается,3
почтение,3
почерк,3
мамы,3
васильевича,3
житомире,3
поезд,3
кем,3
телеграмму,3
объяснить,3
никакой,3
кажется,3
ларионович,3
суржанский,3
снимайте,3
библиотеке,3
киева,3
одиннадцать,3
дней,3
можете,3
собрание,3
богу,3
задержали,3
новость,3
оставил,3
появляются,3
дом,3
замечательно,3
оставляют,3
германию,3
спрятать,3
мышлаевскому,3
словами,3
хочу,3
часа,3
умница,3
всегда,3
вдруг,3
имеешь,3
слишком,3
фамилию,3
изменить,3
узнаю,3
четверти,3
собой,3
смотри,3
возможно,3
придется,3
секрет,3
надолго,3
елену,3
говорили,3
пути,3
похож,3
небо,3
возвращается,3
тот,3
наше,3
расстроен,3
светский,3
голосе,3
оказывается,3
пел,3
известно,3
держал,3
студзинскому,3
старший,3
императорского,3
величества,3
двенадцать,3
пил,3
викторович,3
радость,3
отчего,3
васильевне,3
выпейте,3
красивая,3
отойди,3
друг,3
детства,3
выразить,3
стихи,3
пейте,3
любимец,3
богов,3
ль,3
громче,3
играй,3
победу,3
победили,3
враг,3
слов,3
грянем,3
громкое,3
навстречу,3
огни,3
драться,3
стану,3
другим,3
офицерам,3
правду,3
войну,3
другое,3
берите,3
помогите,3
заболели,3
болезнью,3
великолепно,3
первый,3
туман,3
посмотрите,3
встретимся,3
удержим,3
придет,3
покажем,3
стрелять,3
сошел,3
компанию,3
государя,3
какого,3
убит,3
смерти,3
поведу,3
бандиты,3
забыл,3
плохо,3
садитесь,3
кругом,3
любите,3
моем,3
во-первых,3
несчастье,3
нехорошо,3
лги,3
лгун,3
ноября,3
поцеловала,3
слушай,3
змея,3
уйди,3
такую,3
видали,3
трогай,3
падает,3
принял,3
заболел,3
никак,3
дежурства,3
мыло,3
штатском,3
доложить,3
полевому,3
лице,3
князя,3
пишет,3
передайте,3
квартиру,3
лакей,3
открывает,3
голова,3
осмелюсь,3
командующий,3
германского,3
корнет,3
вид,3
концов,3
ласково,3
по-русски,3
просить,3
минут,3
штаба,3
zu,3
шратт,3
отставить,3
wi,3
ist,3
русского,3
германии,3
распоряжении,3
сил,3
заявляю,3
ответственность,3
большая,3
любезны,3
караул,3
среднюю,3
служить,3
родина,3
надевает,3
имеете,3
оставить,3
карман,3
исключением,3
совесть,3
понятно,3
бросайте,3
выйдет,3
пустое,3
помещение,3
вновь,3
цепь,3
слухаете,3
дезертира,3
штабу,3
самого,3
диспозицию,3
аппарат,3
треба,3
вернуть,3
вин,3
мимо,3
коням,3
тильки,3
слободке,3
хозяйского,3
галаньба,3
начинает,3
долго,3
четыре,3
городу,3
портрет,3
счастья,3
ать,3
взвод,3
господином,3
директором,3
приказываю,3
числе,3
домам,3
кончил,3
приказание,3
вбегают,3
хотим,3
своих,3
бой,3
друзья,3
ибо,3
ложь,3
постановление,3
словом,3
черту,3
деникину,3
встретите,3
генералов,3
ораву,3
границу,3
крышка,3
ударяет,3
убьют,3
сказано,3
всякие,3
шкаф,3
крестится,3
когда-нибудь,3
шиш,3
иметь,3
останусь,3
ушел,3
окну,3
ленку,3
николку,3
живьем,3
горит,3
супруг,3
поставил,3
тон,3
пришиб,3
например,3
кладите,3
посмотри,3
последние,3
елка,3
никуда,3
прочтите,3
посвящается,3
особенности,3
кончена,3
новая,3
развод,3
победил,3
галилеянин,3
стоит,3
осколки,3
право,3
почему-то,3
биться,3
лежит,3
помнишь,3
прав,3
мобилизуют,3
тучей,3
пошли,3
расхлопают,3
детей,3
помню,3
гений,3
великий,3
-х,3
крайне,3
писатель,3
редакциях,3
наиболее,3
романе,3
апреля,3
получил,3
булгакову,3
путь,3
михаила,3
мхат,3
редакцией,3
дальше,3
события,3
связи,3
луначарского,3
точки,3
зрения,3
политической,3
исключительно,3
либо,3
поскольку,3
роль,3
чрезвычайно,3
луначарский,3
виду,3
следующее,3
постановки,3
настолько,3
работы,3
художественный,3
впоследствии,3
троцкого,3
скоропадского,3
многие,3
режиссера,3
воспоминания,3
сталин,3
спектакль,3
дневника,3
„турбиных,3
режиссер,3
собачьего,3
сердца,3
обыск,3
давление,3
белогвардейцев,3
репетиции,3
вставки,3
еврея,3
скоропадский,3
перед,3
мост,3
действующие,2
комментарий,2
лосева,2
notes,2
сноски,2
внутри,2
брат,2
генштаба,2
штабс-капитан,2
всея,2
петлюровской,2
бывший,2
майор,2
германской,2
гимназический,2
телефонист,2
огонь,2
бьют,2
кухаркины,2
хошь,2
голосу,2
напрасно,2
вернее,2
отвечает,2
дурак,2
твой,2
натуре,2
струны,2
сестры,2
э,2
впереди,2
напевает,2
туманно,2
веселую,2
казенного,2
бескозырки,2
тонные,2
фасонные,2
электричество,2
окнами,2
каждую,2
какая-то,2
прошла,2
выходя,2
стреляют,2
происходит,2
хватает,2
твои,2
сих,2
винтовку,2
из-под,2
замерз,2
валенки,2
белье,2
голубчик,2
выпить,2
водочки,2
пальцы,2
пропали,2
рукой,2
больно,2
здоровья,2
мороз,2
трактир,2
милые,2
графа,2
льва,2
толстого,2
газеты,2
газетную,2
шваль,2
лично,2
спрашиваю,2
уси,2
ой-ой-ой-ой,2
толстовского,2
узнаешь,2
бегают,2
сбегаешь,2
царство,2
небесное,2
сидят,2
вышибли,2
сапогах,2
возьми,2
вызвать,2
офицером,2
стоите,2
выступать,2
ждешь,2
отправляйся,2
простыню,2
думаешь,2
колка,2
чемоданом,2
узлом,2
выбегает,2
лестницу,2
комнату,2
узнал,2
алексею,2
удивлены,2
раздеваясь,2
иногда,2
читает,2
посылаю,2
любит,2
мальчуган,2
сидеть,2
содержание,2
хотелось,2
жил,2
сожалению,2
послала,2
шестьдесят,2
получали,2
ужасный,2
добры,2
приехали,2
ждете,2
поеду,2
какой-нибудь,2
поместим,2
поди,2
поезда,2
ехал,2
чемодан,2
беда,2
нее,2
пожалуйте,2
можешь,2
важные,2
чаю,2
френч,2
вешает,2
решительно,2
трактирный,2
завсегдатай,2
ужасная,2
русская,2
войдет,2
миленькая,2
помощника,2
чужой,2
должны,2
женщин,2
моим,2
хочешь,2
уехать,2
иначе,2
пойми,2
полтора,2
кутерьму,2
украина,2
ловко,2
секрету,2
бегу,2
никому,2
командировка,2
недурно,2
всеми,2
неужели,2
бывает,2
желательно,2
умная,2
понимаешь,2
держать,2
немного,2
даю,2
простись,2
сообщить,2
положение,2
своими,2
безобразие,2
смею,2
спину,2
жены,2
пяти,2
кланяться,2
стремительно,2
простудишься,2
голосом,2
заметил,2
крысу,2
крыса,2
смотрит,2
вынимает,2
громадный,2
бурку,2
разрешаю,2
просидел,2
ваших,2
ног,2
комплимент,2
черкеске,2
память,2
вернуться,2
вернулся,2
подавлен,2
радуетесь,2
остались,2
ми,2
извозчике,2
ноты,2
воды,2
эпиталаму,2
ля,2
тактов,2
семь,2
столу,2
чалме,2
нашего,2
познакомиться,2
ух,2
ужин,2
ага,2
усаживаются,2
белого,2
мерси,2
рюмку,2
абсолютно,2
елены,2
васильевны,2
твердят,2
водка,2
умоляю,2
гони,2
особенно,2
костюме,2
верьте,2
говоря,2
стыдитесь,2
золотая,2
пей,2
белое,2
лучшему,2
дна,2
чару,2
браво,2
капот,2
гляньте,2
встают,2
кремовые,2
шторы,2
сочиняете,2
пишу,2
мира,2
папы,2
податные,2
инспектора,2
сбудется,2
соседей-врагов,2
могильной,2
засыплюсь,2
землею,2
фразу,2
темного,2
леса,2
тост,2
советую,2
пьян,2
супруга,2
солью,2
вместо,2
начал,2
духу,2
мерзавец,2
россию,2
позволили,2
немцам,2
страшное,2
война,2
нужен,2
офицерство,2
кафейная,2
мерзавца,2
валюта,2
кофейне,2
штабная,2
полковнику,2
спеши,2
чести,2
дрогнуло,2
сто,2
юнкеров,2
двадцать,2
извольте,2
предвидеть,2
времена,2
ненадолго,2
жажда,2
встречи,2
клятвы,2
здорово,2
испугался,2
комиссар,2
сядь,2
товарищи,2
молчи,2
нализался,2
понимаем,2
сказали,2
российскую,2
здравствует,2
союзники,2
александровича,2
произошло,2
свита,2
дальнейшем,2
вышел,2
формируйте,2
москву,2
гимн,2
храни,2
плачет,2
профессиональный,2
союз,2
цареубийц,2
третий,2
прекратил,2
павла,2
пороть,2
негодяев,2
братцы,2
выносят,2
посмотрю,2
возле,2
кончится,2
трюме,2
большое,2
надоело,2
пенсне,2
красиво,2
жена,2
ять,2
рядом,2
штабной,2
зажимает,2
рот,2
ого-го,2
гожусь,2
замечает,2
собака,2
грудь,2
фу,2
губы,2
длинная,2
меццо-сопрано,2
подобного,2
ей,2
твоей,2
позорно,2
уважаю,2
уберите,2
одни,2
тушит,2
женой,2
пристал,2
известный,2
наша,2
выпустите,2
целуются,2
молодой,2
ходи,2
короля,2
играл,2
скажет,2
столько,2
аппараты,2
стене,2
камер-лакей,2
адъютантов,2
сиятельство,2
вышли,2
стояли,2
звонил,2
военные,2
полотенце,2
адъютантской,2
номер,2
свободны,2
касается,2
лишнее,2
извинить,2
новожильцева,2
попросите,2
хамство,2
святошинского,2
отряда,2
чертовщина,2
срочно,2
улицу,2
привез,2
комендатуру,2
пропуск,2
баки,2
болботун,2
свистит,2
крик,2
типа,2
назначил,2
совещание,2
армией,2
дежурство,2
дежуривший,2
передо,2
по-украински,2
языке,2
производит,2
прохаю,2
здравом,2
уме,2
бросил,2
наряд,2
моему,2
разговаривать,2
запись,2
расстреляю,2
покажу,2
соединитесь,2
командующего,2
молчите,2
городской,2
фронт,2
болботуна,2
пожаловать,2
seien,2
bitte,2
so,2
von,2
лицом,2
haben,2
die,2
das,2
zeit,2
протокол,2
большим,2
петлюровская,2
известия,2
правительству,2
заявлением,2
германски,2
нашим,2
имеет,2
слушаю-с,2
ниэт,2
брать,2
предлагает,2
таких,2
возможность,2
разрушение,2
столицы,2
англии,2
франции,2
достаточно,2
шратту,2
сведения,2
приговор,2
извинения,2
дусту,2
тайно,2
раза,2
портьере,2
дверях,2
ключ,2
портьеры,2
переодеваться,2
раненый,2
города,2
аппарату,2
бронемашины,2
слушаете,2
даст,2
ящика,2
поедет,2
невеста,2
станцию,2
предупреждаю,2
успел,2
желает,2
шею,2
heimat,2
германским,2
ложитесь,2
народу,2
глухо,2
левую,2
беглый,2
спешите,2
стола,2
золотой,2
ого,2
фунт,2
весит,2
историческая,2
ценность,2
столом,2
сжигает,2
коем,2
чиста,2
спокойна,2
вашем,2
бритву,2
шляпу,2
шашку,2
шляпа,2
неужто,2
телефона,2
власти,2
смотрите,2
одеяло,2
помочь,2
мрачное,2
надпись,2
штандарт,2
голубой,2
желтым,2
включився,2
та,2
всякий,2
защиту,2
украиньской,2
встал,2
землю,2
сотника,2
де,2
взяли,2
сын,2
зараза,2
ковыряй,2
дезертир,2
лазарету,2
диспозиция,2
вси,2
скидай,2
грицько,2
хай,2
добре,2
сзади,2
пол,2
щоб,2
якись,2
жиды,2
слободки,2
кирпатый,2
живыми,2
держу,2
господам,2
хлопец,2
сапожник,2
гарно,2
паспорт,2
уважаемый,2
гражданин,2
товару,2
товар,2
этих,2
ложиться,2
тысячи,2
рублей,2
ухо,2
галаньбе,2
большевик,2
ногами,2
пришли,2
нашу,2
новые,2
швидче,2
прикажите,2
коня,2
командиру,2
курень,2
рысью,2
выбегают,2
занавес,2
александра,2
i,2
запевает,2
ждала,2
окна,2
лестницы,2
останавливается,2
ножку,2
вольно,2
шесть,2
вызвали,2
юнкерам,2
кричат,2
печки,2
дровами,2
внезапный,2
близкий,2
песня,2
маленькое,2
список,2
рвет,2
тишина,2
всей,2
изменения,2
мертвая,2
офицера,2
руках,2
револьверы,2
батареи,2
успокойтесь,2
офицеру,2
вашего,2
язык,2
спрашивает,2
белоруков,2
вынул,2
условиях,2
балаган,2
кровью,2
рев,2
позор,2
вбегает,2
вперед,2
найду,2
убрать,2
ту,2
заставят,2
собственным,2
народом,2
публично,2
белому,2
движению,2
принимаю,2
срывайте,2
винтовки,2
стекла,2
бей,2
хоть,2
русский,2
куда-нибудь,2
отвечай,2
ногой,2
даешь,2
зарево,2
беги,2
сидишь,2
следом,2
засыпалась,2
шутки,2
стреляй,2
родного,2
брата,2
ругай,2
убьет,2
поговорю,2
команду,2
прикрою,2
шумит,2
гудит,2
пожалей,2
лопнули,2
бач,2
тримай,2
вверх,2
уйдешь,2
дамся,2
искать,2
ждать,2
выпускать,2
оставьте,2
самоварчик,2
волнуйтесь,2
предупредил,2
счастлив,2
живы,2
происшествия,2
похожи,2
балаганный,2
оттого,2
кстати,2
настоящее,2
головой,2
почувствовал,2
прекратить,2
человеку,2
сидел,2
живой,2
полном,2
странно,2
последней,2
прощанье,2
обнял,2
подарил,2
показывает,2
убил,2
вероятно,2
выбросить,2
камин,2
известить,2
ищи,2
рану,2
кровь,2
полу,2
режь,2
упал,2
знак,2
знала,2
алешу,2
старшие,2
предупреждал,2
исполнил,2
сделать,2
студзинского,2
горя,2
найдем,2
крещенский,2
сочельник,2
полагаю,2
звезда,2
стрельбы,2
елочка,2
гораздо,2
поэт,2
искренно,2
прочту,2
одной,2
по-моему,2
выйдите,2
замуж,2
идеал,2
отрезали,2
смотреть,2
целует,2
святая,2
ухожу,2
другом,2
шныряют,2
ехать,2
советская,2
власть,2
пальтишко,2
принят,2
гримироваться,2
удобнее,2
большевиком,2
создание,2
бойтесь,2
которого,2
объясниться,2
плохой,2
лгать,2
какой-то,2
срам,2
спрятал,2
смерть,2
алеши,2
беспокойся,2
тальбергом,2
идем,2
людях,2
рояль,2
видит,2
принесу,2
стыдно,2
обозы,2
достал,2
великолепная,2
обязательно,2
бутылку,2
мужем,2
врезался,2
букеты,2
получится,2
бьешь,2
смысле,2
замечания,2
увидишь,2
мнение,2
подняться,2
уйти,2
план,2
мою,2
смеялся,2
стал,2
коммунистов,2
понимать,2
большевизм,2
коммунизм,2
тысяч,2
противопоставить,2
великая,2
держава,2
предсказываю,2
подождите,2
своим,2
указывая,2
молодец,2
уютно,2
поздравить,2
трудное,2
персонально,2
причем,2
отъезда,2
устройства,2
глупой,2
демонстрации,2
достать,2
генералу,2
краснову,2
игорь,2
северянин,2
народных,2
пережил,2
драму,2
снова,2
отдохнем,2
исторической,2
четырех,2
изданию,2
наследие,2
видимо,2
придавал,2
большого,2
написания,2
является,2
сохранились,2
трех,2
беседе,2
отмечал,2
близка,2
третья,2
авторские,2
возник,2
записках,2
покойника,2
строки,2
март,2
концу,2
бок,2
родились,2
выступает,2
фигурки,2
января,2
ирли,2
сделано,2
яновская,2
творческий,2
первых,2
писать,2
работал,2
июля,2
имеются,2
памяти,2
жара,2
течение,2
картин,2
имея,2
содержанию,2
сократить,2
связанные,2
положения,2
неизвестно,2
состоялась,2
лужскому,2
одному,2
актеров,2
недопустимого,2
талантливым,2
человеком,2
нужной,2
полной,2
некоторых,2
требовалось,2
отрицательный,2
наркома,2
вопросу,2
отметить,2
открыто,2
станиславского,2
считает,2
многими,2
отношение,2
нему,2
пьес,2
ставились,2
элемент,2
присутствовал,2
состоялось,2
репертуарно-художественной,2
признать,2
постановка,2
будущего,2
конкретно,2
следующий,2
требования,2
василий,2
постановке,2
наконец,2
совместно,2
значительно,2
сезон,2
срочном,2
поводу,2
музей,2
понравилась,2
актерам,2
коллегия,2
большей,2
книга,2
воспоминаниях,2
удачно,2
работе,2
постепенно,2
театральная,2
понимал,2
необходимо,2
часто,2
создания,2
попову,2
частности,2
образ,2
офицерства,2
каким,2
москва,2
редакцию,2
многих,2
настоящая,2
участники,2
яншин,2
которую,2
рождались,2
самой,2
первому,2
„дни,2
рода,2
михаиле,2
булгакове,2
судаков,2
акта,2
тогдашнему,2
непосредственных,2
творческой,2
турбинской,2
писал,2
писателю,2
режиссеру,2
спектакле,2
дневник,2
письма,2
факт,2
содержания,2
органов,2
политического,2
сыска,2
рукописи,2
название,2
репертком,2
возобновились,2
резкое,2
органически,2
перемене,2
иное,2
заглавие,2
руководство,2
осталось,2
ответа,2
ответил,2
сцен,2
турбины,2
реперткому,2
определенно,2
спасения,2
переделки,2
квартиры,2
мае,2
новый,2
дневнике,2
записано,2
другие,2
таком,2
заявил,2
реплики,2
главреперткома,2
следующей,2
заседании,2
политбюро,2
господина,2
окаянные,2
„бесы,2
земли,2
повесил,2
далее,2
мышлаевском,2
познакомился,2
карума,2
аа,2
достоевский,2
призыв,2
вреда,2
властью,2
цензуры,2
самодержавие,2
советской,2
руси,2
страна,2
деревянная,2
ха,2
сенегальцев,2
отчаянно,2
панове,2
визг,2
согласно,2
мене,2
жидов,2
веселый,2
любимо,2
перекрестись,2
жид,2
живе,2
вильна,2
вкраина,2
робыл,2
тылу,2
портной,2
дети,2
убейте,2
мучьте,2
исступлении,2
высказался,2
попова,2
юлиан,2
четырёх,1
полковник-артиллерист,1
сестра,1
артиллерист,1
житомирский,1
конной,1
сотник-петлюровец,1
уланский,1
ротмистр,1
педель,1
происходят,1
зимой,1
начале,1
камине,1
открытии,1
занавеса,1
нежно,1
склонился,1
бумагами,1
гитаре,1
слухи,1
зарядили,1
палили,1
пулеметчики-чики-чики,1
голубчики-чики,1
выручали,1
молодцы,1
поешь,1
порядочное,1
сочинил,1
дыбом,1
станут,1
волоса,1
твоему,1
относится,1
приличный,1
драматический,1
баритон,1
по-твоему,1
расстроилась,1
прочим,1
опере,1
петь,1
революция,1
полное,1
расстройство,1
нервов,1
турбинском,1
пессимизм,1
склонен,1
оптимизму,1
начинаю,1
беспокоиться,1
чего-нибудь,1
потише,1
замужней,1
братом,1
столовой,1
сочиняй,1
волнуется,1
надрывай,1
дачники,1
дачницы,1
съемки,1
начались,1
гей,1
песнь,1
любимая,1
буль-буль-буль,1
бутылочка,1
юнкера-гвардейцы,1
песней,1
воинская,1
тухнет,1
свечи,1
свечой,1
далекий,1
святошином,1
пошлешь,1
съездил,1
сиди,1
бездействие,1
обидно,1
дерутся,1
готов,1
понадобятся,1
советы,1
подготовке,1
вспыхивает,1
линию,1
запад,1
охраняют,1
стоят,1
каждой,1
станции,1
революционная,1
езда,1
едешь,1
стоишь,1
открывать,1
раздавило,1
бери,1
дьяволова,1
красного,1
трактира,1
вешай,1
бутылка,1
разбей,1
ночевать,1
дойду,1
камину,1
ванна,1
топится,1
раздевайте,1
поскорее,1
приготовлю,1
братик,1
ногах,1
отойдут,1
растирай,1
позволил,1
тереть,1
халатом,1
туфлями,1
дайте-ка,1
согрелся,1
закурил,1
немцев-мерзавцев,1
погнали,1
газетах,1
пишут,1
мужики,1
юнкер,1
тычешь,1
перевешал,1
суку,1
разведке,1
напоролся,1
деда,1
деревня,1
вымерла,1
сослепу,1
разглядел,1
башлыком,1
манишку,1
пристрелю,1
старую,1
сменили,1
пришла,1
пехотная,1
дружина,1
скандал,1
посту,1
устроил,1
жутко,1
коньяк,1
вагоне,1
пьют,1
сидите,1
артиллерийских,1
мужичьем,1
перестреливаться,1
отделаться,1
командируем,1
специальности,1
любую,1
артиллерийскую,1
первую,1
батарею,1
благодетель,1
старшим,1
прелестно,1
александровскую,1
гимназию,1
заняли,1
послезавтра,1
дождешься,1
затылку,1
трахнул,1
простыней,1
мойся,1
хлопоты,1
ужиному,1
ужином,1
пропал,1
найдется,1
непрерывный,1
он-он,1
отворяет,1
звонком,1
кнопку,1
вдавили,1
глубокоуважаемая,1
карточкам,1
просит,1
горячий,1
привет,1
прекращается,1
васильевичу,1
вручить,1
объяснит,1
прочитать,1
неразборчивый,1
прочитаю,1
напишет,1
понимает,1
написала,1
наследственное,1
мальчика,1
по-родственному,1
приютите,1
согрейте,1
умеете,1
громадная,1
уважает,1
поступает,1
киевский,1
университет,1
способностями,1
терять,1
переводить,1
аккуратно,1
привыкший,1
семье,1
чужих,1
людей,1
спешу,1
санитарный,1
расскажет,1
удовольствия,1
колдовство,1
телеграммы,1
ждут,1
раздавил,1
неудачник,1
фамилия,1
наследил,1
отель,1
отели,1
раздевайтесь,1
гонит,1
шепотом,1
давай,1
комната,1
пустует,1
украли,1
санитарном,1
бельем,1
книгами,1
рукописями,1
оставили,1
пропало,1
поправимая,1
интимно,1
рубашка,1
чехова,1
завернул,1
кальсоны,1
велики,1
заколем,1
английскими,1
булавками,1
проводи,1
тип,1
остриг,1
зажги,1
масса,1
дел,1
мешают,1
га,1
волновалась,1
целуй,1
холоду,1
простудиться,1
грейся,1
чай,1
чей,1
позиций,1
замороженный,1
прибрать,1
неожиданно,1
знаменитый,1
недостаточно,1
сеньора,1
житомирские,1
кузены,1
постоялый,1
двор,1
устал,1
дурном,1
расположении,1
духа,1
закрой,1
случилась,1
вещь,1
строгим,1
секретом,1
гетма,1
половина,1
десятого,1
представляешь,1
отобьет,1
иголка,1
военного,1
министра,1
подобно,1
сеньору,1
френча,1
отличнейшим,1
найдут,1
пойму,1
том-то,1
выяснилась,1
обложен,1
сторон,1
способ,1
выбраться,1
штабном,1
берут,1
благодаря,1
связям,1
другими,1
решай,1
решаю,1
уезжай,1
расстаемся,1
пережду,1
оставят,1
антанта,1
займет,1
восстановит,1
европе,1
нужна,1
гетманская,1
кордон,1
московских,1
рассчитал,1
формируют,1
бежишь,1
глазах,1
наивно,1
скажешь,1
полковники,1
ездят,1
гетманского,1
министерства,1
поблагодарить,1
сравниваешь,1
предупреди,1
братьев,1
отчасти,1
срок,1
как-никак,1
побережешь,1
братья,1
вытеснят,1
пословицу,1
qui,1
va,1
a,1
la,1
chasse,1
perd,1
sa,1
place,1
просьба,1
последняя,1
бывать,1
ухаживания,1
становятся,1
назойливыми,1
воспитана,1
брошу,1
отвечаешь,1
сухо,1
полагаешь,1
плоды,1
общения,1
мышлаевским,1
замужняя,1
дама,1
опоздаю,1
уложу,1
чемоданчик,1
белья,1
братьями,1
само,1
разумеется,1
важную,1
нынче,1
серьезным,1
окажут,1
помощи,1
отбивать,1
силами,1
желтенькое,1
барахтался,1
выкрутиться,1
пожелать,1
берегите,1
протягивает,1
ответите,1
вернусь,1
случится,1
вернетесь,1
поговорить,1
жену,1
волновать,1
уезжает,1
счастливого,1
берлина,1
вышлю,1
провожай,1
неприятным,1
смотря,1
извозчиком,1
торгуется,1
философски,1
машинально,1
гостям,1
копеечку,1
попадает,1
накрыт,1
ужина,1
аккорд,1
пороге,1
испугали,1
вошли,1
звонка,1
открыта,1
настежь,1
букет,1
просила,1
неприятно,1
тратите,1
существуют,1
тратить,1
карл,1
маркс,1
бурке,1
армейский,1
гвардейский,1
великолепнейшей,1
увидел,1
изменяет,1
дивные,1
розы,1
пятый,1
целуете,1
демона,1
бурно,1
радуюсь,1
поймете,1
ма-ма,1
миа,1
узнает,1
бесподобном,1
сел,1
приезжаю,1
захватили,1
чистой,1
богиня,1
единственно,1
прямое,1
назначение,1
оперная,1
карьера,1
кое-какой,1
материал,1
жмеринке,1
вверху,1
фа,1
верите,1
графиня,1
гендрикова,1
влюбилась,1
отравилась,1
цианистым,1
калием,1
болезнь,1
милости,1
просим,1
жив,1
полотенца,1
познакомить,1
мсье,1
купались,1
лейб-гвардии,1
уланского,1
приходите,1
отчаяние,1
лейб,1
бывшей,1
бывшего,1
рано,1
вставать,1
великолепие,1
какому,1
случаю,1
пир,1
выступаем,1
хозяйкой,1
замолчите,1
выпьешь,1
нет-нет-нет,1
позволите,1
селедку,1
й.ура,1
переулок,1
разбудите,1
попойка,1
освежает,1
рюмке,1
выступим,1
персон,1
рябчики,1
национальном,1
никаким,1
слухам,1
выпивая,1
водку-то,1
налегай,1
опрокидываете,1
достигается,1
упражнением,1
салату,1
расстроена,1
нет-нет,1
гитару,1
здраву,1
аплодируют,1
выглядишь,1
честью,1
зеленый,1
платье,1
зеленое,1
серое,1
обратите,1
скажете,1
мужней,1
вставая,1
многоуважаемая,1
многоуважаемый,1
отдыхаешь,1
душой,1
забываешь,1
ужасах,1
израненные,1
души,1
жаждут,1
покоя,1
перебил,1
продолжайте,1
отделяют,1
налейте,1
рюмочку,1
хитрец,1
парень,1
произносишь,1
обществе,1
сослуживцев,1
покойного,1
ругали,1
известные,1
звери,1
напоить,1
противный,1
весело,1
неожиданное,1
происшествие,1
дьявола,1
отморозил,1
одобряете,1
одобряю,1
глубокоуважаемого,1
отбывшего,1
угадал,1
трудно,1
душевный,1
красное,1
посыпем,1
насмешку,1
дались,1
чертову,1
комедию,1
украинизацией,1
формирование,1
офицерских,1
корпусов,1
пахло,1
малороссии,1
москве,1
прихлопнули,1
мух,1
кошек,1
жрут,1
спас,1
формировать,1
боятся,1
неправда-с,1
опасны,1
проиграли,1
хлеб,1
сахар,1
нате,1
лопайте,1
подавитесь,1
поздно,1
превратилось,1
завсегдатаев,1
кафе,1
пойди,1
забери,1
воевать,1
сидит,1
крещатике,1
гвардейская,1
орава,1
турбину,1
лети,1
формируй,1
ступай,1
отлично-с,1
глянул,1
командирчик,1
артиллерийское,1
студентов,1
держат,1
лопату,1
плацу,1
вдали,1
померещился,1
мрачные,1
смей,1
расстраиваться,1
выдадим,1
сижу,1
неотвязная,1
мысль,1
черный,1
тени,1
грозные,1
рожон,1
веселее,1
закопаем,1
встречу,1
роялем,1
трын-трава,1
сумбурно,1
зарыдал,1
обидел,1
делаешь,1
заряжен,1
отнимите,1
отнимает,1
выпьем,1
симпатичные,1
комиссарша,1
расстроены,1
нервы,1
поверьте,1
разделяем,1
империю,1
поняли,1
сделает,1
предлагаете,1
удастся,1
отбиться,1
помогут,1
разбить,1
положит,1
стопам,1
николая,1
преувеличено,1
вымышлено,1
вильгельма,1
представлялась,1
вильгельм,1
портьера,1
раздвинулась,1
государь,1
настанет,1
легенда,1
историю,1
мертв,1
й.боже,1
сильный,1
державный,1
й.царствуй,1
петр,1
орут,1
собственный,1
дворянин,1
морде,1
бутылкой,1
петровича,1
портсигаром,1
уху,1
бакенбардами,1
думает,1
мужикам,1
приятное,1
сделаю,1
освобожу,1
чертей,1
полосатых,1
бомбой,1
капитану,1
поднимают,1
загородив,1
хаос,1
накурили,1
лариосик-то,1
будите,1
напилась,1
ходят,1
видела,1
дурной,1
снам,1
вещий,1
ехали,1
корабле,1
америку,1
сидим,1
шторм,1
ветер,1
воет,1
холодно-холодно,1
волны,1
вода,1
поднимается,1
самым,1
ногам,1
влезаем,1
нары,1
крысы,1
омерзительные,1
огромные,1
проснулась,1
нахальство,1
мне-то,1
слышала,1
вспомнили,1
муже,1
крыс,1
капли,1
носик,1
острый,1
отсутствующего,1
гадости,1
жене,1
зеркало,1
говорится,1
интеллектуально,1
развитая,1
аккомпанируете,1
рояле,1
вешалка,1
карьерист,1
глаза-то,1
вызову,1
дуэль,1
несчастливы,1
счастлива,1
годитесь,1
всмотритесь,1
побрякушки,1
адъютантские,1
смазлив,1
херувим,1
певец,1
душа,1
живет,1
бездомная,1
склонить,1
отталкивает,1
гнусный,1
ловелас,1
известны,1
похождения,1
длинной,1
накрашенные,1
чувства,1
несчастью,1
нравитесь,1
нравлюсь,1
женщины,1
женские,1
опытны,1
сделали,1
сознайтесь,1
довольны,1
поцеловались,1
лжешь,1
целовалась,1
аксельбантами,1
лгу,1
всесильного,1
восьмого,1
матерински,1
замечательный,1
мучение,1
посуда,1
грязная,1
пьяные,1
куда-то,1
уберем,1
верхний,1
выпущу,1
пользуется,1
каждым,1
случаем,1
соблазняет,1
добьешься,1
окажешься,1
хороша,1
пьяна,1
напоил,1
нарочно,1
негодяй,1
рушится,1
пропадает,1
валится,1
покину,1
выходи,1
разведешься,1
пропади,1
пропадом,1
целуйтесь,1
тошнит,1
мутно,1
король,1
нарезался,1
посмотрим,1
умру,1
надрался,1
рабочий,1
письменный,1
телефонные,1
отдельно,1
полевой,1
огромная,1
карта,1
раме,1
ярко,1
освещен,1
отворяется,1
н-с,1
дежурит,1
аппаратов,1
дежурного,1
дверей,1
позвонил,1
телефонограмму,1
распорядились,1
придете,1
записывал,1
записывать,1
телефонограммы,1
размягчение,1
мозга,1
выбыли,1
шутите,1
сдав,1
сумасшедший,1
забрали,1
зубную,1
щетку,1
давал,1
какую,1
докладываю,1
вчерашний,1
завернули,1
шашка,1
уехали,1
запись-то,1
приказал,1
приказали,1
изволили,1
неприятное,1
получить,1
дому,1
заторопились,1
изменились,1
надеюсь,1
окраска,1
гетманском,1
сергея,1
николаевича,1
сережа,1
сере,1
вызывает,1
пищит,1
начштаба,1
вестовому,1
поехал,1
львовскую,1
записке,1
дадут,1
сверток,1
карбованца,1
извозчика,1
записка,1
задумчиво,1
как-с,1
передам,1
трубку,1
глухая,1
команда,1
многоголосый,1
караула,1
желаем,1
обе,1
половинки,1
богатейшей,1
малиновых,1
шароварах,1
каблуков,1
кавказского,1
шпор,1
блестящие,1
генеральские,1
коротко,1
подстриженные,1
седеющие,1
усы,1
гладко,1
обритая,1
сорока,1
вашахветлость,1
начальник,1
гарнизона,1
прибыл,1
вечно,1
опаздывают,1
сводку,1
адъютантам,1
страны,1
украинские,1
отрицательное,1
дежурный,1
вслух,1
временно,1
исполняющий,1
обязанности,1
думоваю,1
прибытия,1
сами-то,1
комендатура,1
слышать,1
адъютанту,1
корнету,1
новожильцеву,1
доставить,1
чужими,1
голосами,1
хам,1
ленте,1
спятил,1
рехнулся,1
дворцового,1
парапета,1
начгарнизона,1
командиров,1
полков,1
чрезвычайной,1
важности,1
звонили,1
сообщили,1
добровольческой,1
больные,1
соображаете,1
доложили,1
бежали,1
вечера,1
петлюровские,1
прорвали,1
пошла,1
прорыв,1
слободкой,1
десяти,1
верстах,1
всяком,1
отличный,1
расторопный,1
просите,1
представителей,1
liebenswiirdig,1
herrn,1
majo,1
dust,1
an,1
den,1
apparat,1
bitten,1
ja...ja,1
войдите,1
просят,1
принять,1
серой,1
форме,1
длиннолицый,1
седой,1
багровым,1
моноклях,1
ehre,1
eue,1
durchlaucht,1
begriissen,1
seh,1
erfreut,1
sehen,1
meine,1
herren,1
nehmen,1
platz,1
ich,1
habe,1
eben,1
nachricht,1
de,1
schwierigen,1
lage,1
unsere,1
armee,1
erhalten,1
uns,1
schon,1
langere,1
bekannt,1
записывайте,1
совещания,1
резким,1
акцентом,1
прорвала,1
невероятные,1
ja,1
unerhort,1
обращаюсь,1
посредство,1
германскому,1
следующим,1
угрожает,1
смертельная,1
опасность,1
банды,1
грозят,1
занять,1
столицу,1
исхода,1
столице,1
произойдет,1
анархия,1
отражения,1
хлынувших,1
банд,1
восстановления,1
порядка,1
дружественной,1
зожалени,1
сделайть,1
уведомьте,1
physisch,1
unmoglich,1
физически,1
erstens,1
сведениям,1
тисч,1
войск,1
великелепно,1
вооружен,1
забирайт,1
уводит,1
вооружении,1
достаточны,1
zweitens,1
во-вторых,1
оказывает,1
подчеркните,1
протоколе,1
имейт,1
протиф,1
подчеркнить,1
остановить,1
оставляет,1
командированы,1
мери,1
спасению,1
меры,1
моментальную,1
эвакуацию,1
вагон,1
nach,1
германия,1
эвакуировало,1
белорукова,1
согласия,1
волнуясь,1
протест,1
действий,1
собрать,1
средствами,1
ляжет,1
правительства,1
ощущает,1
давать,1
угроза,1
предупреждение,1
вооруженных,1
катастрофическое,1
mein,1
general,1
ga,1
keine,1
miissen,1
ja-ja,1
перехватали,1
восемь,1
верст,1
взятия,1
плен,1
печален,1
повиэсить,1
попросил,1
мгновенно,1
маленьких,1
раздеваю,1
едете,1
дествовать,1
всяки,1
револьвера,1
потолок,1
берясь,1
спокойны,1
скрывается,1
правой,1
крики,1
ружье,1
открывая,1
ruhig,1
зацепил,1
брюками,1
ошибочно,1
здоровый,1
любезно,1
высуньтесь,1
средних,1
прекратите,1
тревогу,1
пропускайте,1
врача,1
инструментом,1
тревога,1
утихает,1
ящиком,1
медицинской,1
сумкой,1
закрывает,1
униформ,1
вывезем,1
возмущения,1
делайте,1
гетману,1
сердюков,1
перешли,1
обнаженном,1
участке,1
появилась,1
неприятельская,1
конницу,1
задержитесь,1
вынимая,1
германскую,1
форму,1
спальне,1
направо,1
авансцены,1
сожалением,1
ехайть,1
отправляйтесь,1
мест,1
стаёт,1
проворный,1
гетмане,1
никакая,1
довезем,1
границ,1
спасать,1
своя,1
шея,1
мужик,1
сумею,1
спасти,1
покидать,1
свой,1
переодет,1
генералом,1
курит,1
сжечь,1
he,1
docto,1
liebenswurdig,1
усаживают,1
врач,1
забинтовывает,1
наглухо,1
fertig,1
машину,1
sogleich,1
объявить,1
пожалюй,1
пишите,1
телеграммой,1
укладывают,1
носилки,1
прячется,1
открывают,1
помогает,1
часы-браслет,1
кепи,1
плащ,1
засиживаться,1
покойно,1
расходиться,1
каламбур,1
боковой,1
ход,1
auf,1
wiedersehen,1
чистая,1
немецкая,1
оживает,1
лакеи,1
сопрут,1
должно,1
бумаг,1
палить,1
адъютантского,1
списка,1
разбудить,1
драпу,1
драпанул,1
рассвета,1
выходила,1
приеду,1
прятаться,1
прощайте,1
вестовой,1
сверточек,1
светлостью,1
изволит,1
почивать,1
этакое,1
привлекательное,1
пролетарское,1
принесите,1
штатское,1
шпоры,1
увязывает,1
узел,1
же-с,1
бритвочку,1
возьмете,1
ну-с,1
пятьдесят,1
карбованцев,1
пожать,1
честную,1
трудовую,1
удивляйтесь,1
демократ,1
адъютантом,1
служил,1
оперный,1
артист,1
смылся,1
прощелыга,1
бандит,1
неописуемый,1
вам-то,1
полгоря,1
каково,1
беседовать,1
дарю,1
чудак,1
сообразите,1
керосиновый,1
входа,1
изредка,1
лошадиных,1
копыт,1
наигрывает,1
знакомые,1
мотивы,1
кажу,1
сигналы,1
вводят,1
дезертира-сечевика,1
окровавленное,1
поймали,1
тьфу,1
твою,1
честный,1
казак,1
вийшов,1
республики,1
белогвардейцив,1
жидив-коммунистив,1
хлибороб,1
ряды,1
ховаешься,1
кусты,1
роблють,1
нашими,1
хлиборобами,1
гетманьские,1
комиссары,1
живых,1
зарывают,1
чув,1
закопаю,1
могилу,1
галаньбу,1
требуют,1
по-за,1
штабелями,1
сукин,1
бежав,1
ховався,1
холоден,1
черен,1
черным,1
штыком,1
допросить,1
зробишь,1
холодным,1
плача,1
змилуйтесь,1
пробырався,1
зовсим,1
прохае,1
робить,1
аппаратом,1
чому,1
взяв,1
посвидченья,1
замахивается,1
слышно,1
лошади,1
бревенчатому,1
второго,1
сечевого,1
знаем,1
сечевиков,1
зрадники,1
изменники,1
поморозив,1
брешешь,1
пришлить,1
ординарца,1
согласования,1
слободку,1
ординарец,1
захватит,1
буде,1
вынув,1
условие,1
здоровые,1
отойдите,1
кого-нибудь,1
разувается,1
був,1
пример,1
фонарем,1
освещают,1
вздохом,1
казав,1
було,1
узять,1
мразь,1
ликаря,1
арест,1
арестом,1
ликарь,1
ногу,1
перевяжет,1
сюды,1
пятнадцать,1
шомполив,1
знав,1
документов,1
бегать,1
выводя,1
уныло,1
яблочко,1
котишься,1
гайдамакам,1
попадешь,1
воротишься,1
тревожные,1
разведка,1
проскачить,1
вызьмить,1
связь,1
вводит,1
миленькие,1
ремесленник,1
твоим,1
кишки,1
по-выматываем,1
близче,1
урежь,1
господину,1
шее,1
бачишь,1
яки,1
осветить,1
мени,1
щесь,1
здается,1
изволите,1
що-то,1
дуже,1
размовляешь,1
мови,1
калуцкие,1
калужской,1
губернии,1
рады,1
заехали,1
документ,1
чистый,1
корзина,1
корзине,1
бла,1
ва,1
сапожки,1
магазин,1
работаем,1
живем,1
носим,1
утру,1
oro-го,1
ураган,1
вскрывает,1
корзину,1
наикраще,1
хозяйский,1
паре,1
разбирают,1
министр,1
погибать,1
форменно,1
хозяйское,1
расписку,1
дадим,1
расписка,1
болботуну,1
кавалерист,1
буржуй,1
скажем,1
растерянно,1
снабжение,1
парочку,1
снимать,1
дивись,1
робит,1
смеешься,1
гнида,1
корзины,1
крутиться,1
терпение,1
лопнуло,1
расступитесь,1
берется,1
геть,1
покорно,1
благодарим,1
ходоки,1
гетьманских,1
сердюкских,1
полкив,1
батько,1
веде,1
переговоры,1
переходе,1
ти,1
полки,1
першей,1
выезжаю,1
конь,1
подступы,1
наступление,1
снимай,1
перший,1
другой,1
гремит,1
пролетая,1
вестибюль,1
александровской,1
ружья,1
козлах,1
ящики,1
гигантская,1
лестница,1
стеклах,1
грохот,1
музыкой,1
коридорам,1
нелепый,1
мотив,1
солдатской,1
дышала,1
восторгом,1
сладострастья,1
неясных,1
дум,1
трепета,1
полна,1
оглушительно,1
безумной,1
жаждой,1
млела,1
уголок,1
убрала,1
цветами,1
площадке,1
грохотом,1
шагом,1
марширует,1
курить,1
говор,1
пятерых,1
взводе,1
по-видимому,1
студентики,1
чепуха,1
свинячья,1
разберешь,1
едет,1
назначено,1
выходить,1
дворец,1
озябли,1
прохладно,1
покойник,1
потопчитесь,1
разомнитесь,1
команды,1
монумент,1
печка,1
пободрей,1
классы,1
вали,1
класс,1
каморки,1
ужасе,1
партами,1
поношение,1
велено,1
явление,1
четырнадцатое,1
батюшка,1
дрова,1
дров,1
катись,1
колбасой,1
черта,1
угодники-святители,1
чистые,1
ломают,1
пилят,1
топят,1
печь,1
буря,1
мглою,1
кроет,1
вихри,1
снежные,1
крутя,1
зверь,1
завоет,1
заплачет,1
дитя,1
растопляет,1
ра,1
сашки-канашки,1
помилуй,1
снаряд,1
где-то,1
пожалуй,1
вздор,1
плюнул,1
замирает,1
повидаться,1
мрачен,1
прикажут,1
повидаем,1
скисли,1
веселей,1
подлетает,1
становись,1
равнение,1
середину,1
скольких,1
двадцати,1
демиевке,1
второму,1
юнкеру,1
заставу,1
дивизиону,1
объявлю,1
запоминать,1
запомнив,1
нашем,1
государственном,1
произошли,1
резкие,1
внезапные,1
объявляю,1
распускаю,1
борьба,1
закончена,1
знаки,1
отличия,1
скрыться,1
рассуждать,1
взбесился,1
ворвался,1
штука,1
растерянные,1
винтовками,1
передался,1
арестованы,1
удерживая,1
третьего,1
прочь,1
младших,1
суматоха,1
старших,1
дивизионе,1
бунт,1
равняйтесь,1
высказаться,1
выпустим,1
секунду,1
хорош,1
составом,1
послал,1
господь,1
простительно,1
юноше-добровольцу,1
непростительно,1
третьему,1
поймет,1
поворачивается,1
позорные,1
недогадливы,1
желаете,1
ответьте,1
отвечать,1
обещали,1
утра,1
бросив,1
переодевшись,1
собирается,1
окнах,1
одновременно,1
канальей,1
бежала,1
направлению,1
другая,1
каналья,1
некого,1
командовать,1
некому,1
проверил,1
отвечаю,1
каждое,1
окраинах,1
двухсоттысячная,1
две-три,1
пехотные,1
дружины,1
адресу,1
безумно,1
напугал,1
мальчишка,1
вот-с,1
зтих,1
вынесли,1
балагане,1
участвую,1
заплатите,1
бессмысленно,1
митинге,1
стоять,1
капкан,1
загнали,1
плачем,1
кричали,1
убью,1
бабу,1
равняться,1
достанем,1
эшелоны,1
легкое,1
несешь,1
вывезти,1
сметь,1
командую,1
дивизионом,1
приказывать,1
проберетесь,1
расколет,1
головы,1
убегут,1
ростове,1
дивизионы,1
снарядов,1
кофейнях,1
боевому,1
поручили,1
толкнуть,1
драку,1
ростове-на-дону,1
всюду,1
кадровый,1
вынесший,1
германцами,1
свидетелями,1
капитаны,1
любя,1
голосов,1
срывают,1
бросают,1
зажечь,1
здание,1
дрогнули,1
пулемет,1
труба,1
разбегаются,1
винтовкой,1
ящик,1
выключателями,1
долгая,1
сторож,1
здешний,1
высокоблагородие,1
отойду,1
отходить,1
нечего,1
имущества,1
классах,1
поломали,1
убытку,1
наделали,1
бывало,1
саблей,1
рубите,1
уйду,1
останешься,1
гляди,1
старичок,1
подвал,1
скройся,1
твоего,1
отвечать-то,1
солдаты,1
оголтелые,1
списки,1
девались,1
разбивает,1
высокопревосходительство,1
ножкой,1
отходит,1
царица,1
небесная,1
владычица,1
иисусе,1
концерт,1
попадешься,1
гадина,1
пробивается,1
легонькое,1
взломал,1
путайся,1
издали,1
зажег,1
цейхгауз,1
шинелей,1
задерживайся,1
вкачу,1
бомбы,1
сено,1
ты-то,1
прибежит,1
карауль,1
взбесились,1
ленке,1
погляди,1
рискуй,1
учи,1
ученого,1
крадется,1
вздумал,1
шутить,1
болван,1
позора,1
караулить,1
ленка,1
кто-нибудь,1
ушли,1
бывшие,1
заставе,1
пробегая,1
подвальным,1
ходом,1
подол,1
дороге,1
приближающийся,1
лихой,1
звучит,1
снаряда,1
наделал,1
унтер-офицер,1
геройство,1
чертям,1
смолкает,1
поднимись,1
гайдамаки,1
тю,1
трпмай,1
вбегая,1
возмить,1
отползает,1
оскалился,1
волчонок,1
сукино,1
отродье,1
висельники,1
перил,1
циркач,1
выпустили,1
трубы,1
штандартами,1
знамена,1
плывут,1
оглушительный,1
электричества,1
свеча,1
ломберном,1
располагайте,1
оденусь,1
отправлюсь,1
хотела,1
ужасна,1
гражданская,1
тронут,1
велел,1
мудрый,1
поступок,1
переживет,1
ужасную,1
имени,1
упоминайте,1
вовремя,1
открывайте,1
бою,1
подлецы,1
неописуемые,1
прохвосты,1
обстреляли,1
ай-ай-ай,1
спрятаться,1
здоровы,1
спросите,1
улицы,1
обоих,1
проводит,1
вспомним,1
ужасные,1
первого,1
сорта,1
грейтесь,1
самовар,1
поставлю,1
камина,1
здоровеньки,1
булы,1
аксельбантов,1
мамашу,1
означает,1
получился,1
сулил,1
попалась,1
самая,1
хлопал,1
мостовую,1
полного,1
удовлетворения,1
уборной,1
утопить,1
забываться,1
что-о,1
ссориться,1
разговор,1
нелепо,1
ведет,1
поведение,1
капитана,1
нестерпимо,1
катастрофе,1
напротив,1
признательны,1
ручаюсь,1
извинись,1
погорячился,1
обида,1
бросьте,1
николкой,1
беспокоюсь,1
жду,1
минуты,1
замечательное,1
зрелище,1
дорого,1
присутствовать,1
собаку,1
спокоен,1
ер,1
поблагодарил,1
верную,1
службу,1
монограммой,1
вишь,1
извини,1
рассердишься,1
неплохой,1
странности,1
выразиться,1
писателем,1
фантазия,1
богатая,1
покажи,1
молча,1
монограмма,1
красоты,1
целый,1
восемьдесят,1
золотника,1
фокусов,1
подходят,1
отодвинув,1
штору,1
выглядывают,1
простить,1
дьявольщина,1
кидается,1
вносят,1
алеша-то,1
убить,1
разбита,1
сапоге,1
давайте,1
перенесем,1
туда,1
несите,1
переносят,1
бинты,1
кабинете,1
спирт,1
захватите,1
подвернулся,1
прибегает,1
йодом,1
бинтами,1
бинтует,1
николки,1
умирает,1
приходя,1
сойти,1
волнуйся,1
ударился,1
страшного,1
ранили,1
настойчиво,1
делать-то,1
молчишь,1
делает,1
взяла,1
чувствовала,1
уходил,1
сидели,1
помните,1
исполняли,1
ошибку,1
поправлю,1
убери,1
ровно,1
последним,1
отдай,1
держит,1
прикажи,1
твоих,1
помутилось,1
голове,1
отдайте,1
истерически,1
смеет,1
упрекать,1
приказания,1
полковника,1
обезумела,1
мужественна,1
начистоту,1
обморок,1
освещена,1
убирают,1
лесенке,1
таинственно,1
показалось,1
уверяю,1
возьмут,1
верный,1
признак,1
откровенно,1
признаюсь,1
надоела,1
стрельба,1
разделяю,1
вкус,1
уместна,1
слезайте,1
разобьете,1
некрасива,1
напоминает,1
невозвратные,1
зеленая,1
детстве,1
век,1
елкой,1
соскучились,1
страшный,1
чер,1
новенькое,1
нравятся,1
способный,1
читать,1
женщине,1
шинели,1
сошьешь,1
заразился,1
выражения,1
вырываются,1
влюблены,1
влюблен,1
влюбляться,1
трогательный,1
поддержки,1
участия,1
поддержка,1
парши,1
слабая,1
зато,1
любить,1
наступают,1
обливалось,1
плохая,1
худая-прехудая,1
желтое-прежелтое,1
выдумываете,1
черт-те,1
румяная-прерумяная,1
неподражаемый,1
полюбить,1
проклятый,1
счастливец,1
нескромно,1
армянину,1
напьюсь,1
бесчувствия,1
позволила,1
романах,1
возвращайтесь,1
гости,1
открыв,1
сталкивается,1
входящим,1
мерзкой,1
шляпе,1
изодранном,1
синих,1
очках,1
попробовал,1
пролетарии,1
тротуарам,1
ласковым,1
голоском,1
украинский,1
барин,1
извозчиков,1
поснимаем,1
глаз,1
опытный,1
посмотрел,1
подобное,1
подумать,1
сочувствующий,1
дворника,1
напрокат,1
беспартийное,1
гадость,1
калоши,1
очки,1
великолепном,1
фрачном,1
поздравьте,1
дебюта,1
спит,1
сбрили,1
хитрое,1
малодушное,1
тронет,1
попробуют,1
тронуть,1
полные,1
октавы,1
объяснитесь,1
кончилось,1
выздоравливает,1
выгоняют,1
дебютировал,1
томиться,1
чахнешь,1
исправишься,1
исправляться,1
изменитесь,1
перестанете,1
пустой,1
орех,1
продавщица,1
семадени,1
недолго,1
служила,1
ангажемента,1
ангажемент,1
памятью,1
покойной,1
сирота,1
неинтересны,1
грязные,1
тайны,1
перестал,1
хвастать,1
поверил,1
доказательство,1
предъявлять,1
наврал,1
дарил,1
обнимал,1
стащил,1
недоставало,1
отбирает,1
папиросы,1
догадались,1
узнала,1
узнали,1
дикарь,1
изменился,1
ка,1
подействовала,1
иной,1
материально,1
ленушка,1
дебюте,1
спел,1
директор,1
изумительные,1
надежды,1
подаете,1
подошел,1
коридору,1
неисправим,1
адрес,1
скучно,1
одиноко,1
тоскливо,1
согласна,1
царицей,1
ми-и-и-ра,1
соль,1
чистое,1
указывает,1
талъберга,1
требую,1
выламывает,1
рамы,1
бросает,1
жабо,1
красив,1
пропадем,1
тебя-то,1
пропадешь,1
спою,1
проаккомпанируешь,1
виделись,1
вернемся,1
обратно,1
закрывают,1
слышен,1
великолепным,1
нерона,1
черной,1
шапочке,1
костылях,1
бледен,1
слаб,1
студенческой,1
тужурке,1
репетируют,1
раму,1
портрета,1
догадывался,1
ложится,1
подожди,1
приносит,1
калекой,1
их-то,1
хвостами,1
поколотили,1
повезло,1
достану,1
погода,1
выходил,1
звезды,1
блещут,1
пушки,1
природе,1
показаться,1
мокрый,1
лепит,1
бутылочку,1
способен,1
затылком,1
трахнулся,1
любовь,1
благословляешь,1
потрясающая,1
расходится,1
роняет,1
э-э,1
а-а,1
неуместны,1
увидит,1
таскать,1
веники,1
злился,1
собирай,1
явится,1
собирает,1
разбили,1
республика,1
пахнет,1
водку,1
сознавайтесь,1
богоспасаемом,1
полы,1
моете,1
чья,1
золотые,1
притронется,1
бац,1
зуд,1
сервизы,1
бить,1
начнут,1
добрый,1
мир,1
сержусь,1
вежливо,1
всякого,1
боя,1
удивительнее,1
радуются,1
буржуи,1
недорезанные,1
надоел,1
выглядят,1
вслед,1
белогвардейцы,1
уживемся,1
представляю,1
пристроиться,1
какому-нибудь,1
обозу,1
галицию,1
генералам,1
остроумный,1
земле,1
интересного,1
рассказать,1
успокоился,1
терзай,1
вспоминай,1
алешку,1
повидал,1
анатомическом,1
заплакал,1
воюю,1
девятьсот,1
четырнадцатого,1
года..за,1
бросили,1
светлостям,1
изъясняйся,1
изъяснюсь,1
благонадежны,1
идиот,1
этими,1
мерзавцами,1
генералами,1
ежели,1
смешно,1
передразнивая,1
упомянул,1
пятки,1
салом,1
подмазали,1
дуют,1
слове,1
чисто,1
рейтузы,1
кантом,1
канта,1
могут,1
берутся,1
спереди,1
красногвардейцы,1
стена,1
спекулянты,1
всякая,1
рвань,1
посредине,1
слуга,1
покорный,1
изображать,1
навоз,1
проруби,1
прикончили,1
расстреляют,1
сделают,1
заберут,1
чеку,1
обложат,1
выведут,1
расход,1
спокойнее,1
надевай,1
шинель,1
валяй,1
дуй,1
шпарь,1
большевикам,1
сбросили,1
оторвут,1
лезь,1
ужасов,1
проливать,1
войне,1
белый,1
билет,1
слабые,1
легкие,1
белобилетник,1
ждите,1
прежней,1
деникин,1
деру,1
нужны,1
пушке,1
колесо,1
приедете,1
харю,1
наплюют,1
сингапура,1
парижа,1
закрываю,1
одинок,1
закрывайте,1
собрания,1
внеочередное,1
разводится,1
бывшим,1
полковником,1
генерального,1
кланяется,1
ар,1
суконным,1
рылом,1
калашный,1
ряд,1
лариосиком,1
убежавш,1
поздравь,1
неудобно,1
придешь,1
по-английски,1
фортепьянах,1
женился,1
вышла,1
преимуществу,1
холостой,1
казарме,1
наливай,1
ого-го-го,1
взглянул,1
увял,1
среднее,1
винишко,1
обыкновенное,1
абрау-дюрсо,1
твоя,1
женись,1
здоров,1
открывается,1
удивляться,1
застав,1
половине,1
минутку,1
вдвоем,1
владимиром,1
робертовичем,1
уладим,1
соблюдай,1
спокойствие,1
выкатываться,1
кликни,1
покурим,1
пойдем,1
лариону,1
забирай,1
цыпочках,1
дня,1
калека,1
согласись,1
причина,1
вернулись,1
курсе,1
гетманщина,1
оказалась,1
опереткой,1
обманули,1
развожусь,1
выхожу,1
долгой,1
паузы,1
воспользоваться,1
отсутствием,1
пошлого,1
уполномочиваешь,1
подходит,1
тальбергу,1
мило,1
поговорили,1
туши,1
зажигай,1
сыграй,1
комнате,1
освещает,1
электрическими,1
лампочками,1
соседнюю,1
ларионова,1
по-настоящему,1
гитарой,1
передает,1
навсегда,1
забудь,1
обо,1
гитары,1
подхватывают,1
вдохновенный,1
умею,1
застенчив,1
обществу,1
готовился,1
встретились,1
пережили,1
жизненную,1
утлый,1
трепало,1
волнам,1
прибило,1
гавань,1
кремовыми,1
шторами,1
людям,1
понравились,1
застал,1
печалях,1
повернулось,1
сгинул,1
пережила,1
заслуживает,1
замечательная,1
хочется,1
далекие,1
пушечные,1
удары,1
отдохнули,1
салют,1
шестидюймовая,1
салютует,1
издалека,1
приближаясь,1
оркестр,1
интернационал,1
сегодняшний,1
впервые,1
опубликована,1
русском,1
сборнике,1
пушкин,1
искусство,1
печатается,1
указанному,1
рукописное,1
оказалось,1
скудным,1
сохранилась,1
печатном,1
машинописном,1
находясь,1
трудных,1
значения,1
черновым,1
автографам,1
булгаковой,1
благоговейно,1
относившейся,1
рукописям,1
стремившейся,1
сохранить,1
строчку,1
зачастую,1
возникают,1
трудности,1
восстановлении,1
черновые,1
автографы,1
машинописные,1
поповым,1
зафиксировал,1
других,1
бесед,1
документально,1
отличается,1
запомним,1
указания,1
перейдем,1
краткой,1
замысел,1
превосходно,1
изобразил,1
приведем,1
вьюга,1
разбудила,1
вьюжный,1
бушевал,1
проснулся,1
слезах,1
дальний,1
выстрелы,1
поверженный,1
снегу,1
снах,1
снов,1
прочнейшим,1
обосновались,1
келье,1
разойтись,1
беседовал,1
книжку,1
извлечь,1
начало,1
казаться,1
вечерам,1
страницы,1
цветное,1
присматриваясь,1
щурясь,1
убедился,1
плоская,1
трехмерная,1
коробочка,1
сквозь,1
строчки,1
движутся,1
описаны,1
увлекательная,1
игра,1
играть,1
игру,1
глядеть,1
страницу,1
фиксировать,1
волшебную,1
камеру,1
описать,1
провозился,1
играя,1
картинкой,1
сочиняю,1
апреле,1
месяце,1
исчез,1
двора,1
разработана,1
пришло,1
ильчина,1
действительности,1
сохранившимся,1
документам,1
набросок,1
явствует,1
собственноручной,1
записи,1
альбоме,1
вершилова,1
студия,1
предложения,1
вахтангова,1
огорчению,1
вахтанговцев,1
выбрал,1
утешил,1
зойкину,1
июне-августе,1
перерывами,1
булгаковы,1
гостили,1
волошиных,1
коктебеле,1
красочные,1
зарисовки,1
кончился,1
май,1
стерся,1
июнь,1
июль,1
настала,1
необыкновенная,1
голый,1
завернувшись,1
сочинял,1
труднее,1
становилась,1
герои,1
разрослись,1
уходить,1
собирались,1
развивались,1
конца,1
виделось,1
упала,1
дождь,1
настал,1
август,1
миши,1
панина,1
спрашивал,1
набрался,1
храбрости,1
событий,1
тринадцать,1
необходимого,1
драматургического,1
опыта,1
стремясь,1
выбрать,1
ценного,1
материала,1
создал,1
объема,1
отличавшуюся,1
наступил,1
трудный,1
основательно,1
обратимся,1
авторскому,1
тексту,1
сыграть,1
ночные,1
мучения,1
вопросом,1
привели,1
вычеркнул,1
картину,1
спасло,1
выбрасывать,1
важным,1
изгнал,1
действующее,1
как-то,1
скособочилась,1
вылетела,1
решив,1
предоставить,1
естественному,1
течению,1
представлена,1
сентябре,1
читка,1
однако,1
октябре,1
ситуация,1
осложнилась,1
отрицательным,1
отзывом,1
поступившим,1
ведущих,1
режиссеров,1
перечитал,1
нахожу,1
высказать,1
личного,1
мнения,1
считаю,1
бездарна,1
увоза,1
остальное,1
военная,1
необыкновенно,1
заурядные,1
туповатые,1
тусклые,1
картины,1
обывательщины,1
занятного,1
возмущает,1
неопределенностью,1
неэффективностью,1
средний,1
ввиду,1
тусклости,1
происходящей,1
драматической,1
немощи,1
неопытности,1
требует,1
пояснений,1
сыграло,1
большую,1
дальнейшей,1
судьбе,1
важна,1
фраза,1
параметрам,1
политическим,1
отзыв,1
закрывал,1
выдвигал,1
политических,1
требований,1
отношении,1
стадии,1
проявил,1
принципиальность,1
поддержал,1
решении,1
вопроса,1
высших,1
инстанциях,1
формальным,1
актом,1
вежливости,1
знаком,1
рассказами,1
повестями,1
роковые,1
яйца,1
повесть,1
проверялось,1
читателя,1
бездарности,1
прочих,1
резких,1
замечаний,1
нарком,1
некоторыми,1
театрами,1
успеха,1
имели,1
демьян,1
бедный,1
называл,1
бездарными,1
пристрастия,1
несомненно,1
страдала,1
недостатками,1
растянутостью,1
отозвался,1
экстренное,1
заседание,1
принявшей,1
коренным,1
переделана,1
сравнительно,1
небольших,1
переделок,1
установить,1
текущем,1
отложена,1
сезона,1
переговорить,1
изложенных,1
постановлениях,1
отреагировал,1
революционное,1
остро,1
эмоционально,1
содержались,1
ультимативные,1
булгаковское,1
целесообразно,1
взгляд,1
воспроизвести,1
вчерашнее,1
имел,1
показало,1
сложно,1
будущем,1
коренной,1
ломке,1
граничащей,1
созданием,1
охотно,1
соглашаясь,1
исправления,1
процессе,1
режиссурой,1
чувствую,1
силах,1
наново,1
глубокая,1
резкая,1
критика,1
вчерашнем,1
совещании,1
заставила,1
разочароваться,1
приветствую,1
критику,1
убедила,1
будущий,1
обсуждение,1
дирекции,1
категорический,1
включить,1
следующие,1
безоговорочные,1
пункты,1
коренная,1
ломка,1
стержня,1
условия,1
неприемлемы,1
позволю,1
попросить,1
разрешение,1
считать,1
свободна,1
mxat,1
реакция,1
оперативной,1
режиссерам,1
репертуарно-художествениая,1
приняла,1
возможным,1
согласиться,1
требование,1
относительно,1
характера,1
переработки,1
шла,1
завлита,1
раздел,1
материалы,1
документы,1
устроило,1
разумно,1
компромиссным,1
сформулировал,1
проблемы,1
возникли,1
строил,1
виртуозно,1
первоначально,1
инсценировке,1
„белой,1
слепо,1
романом,1
возникала,1
стройная,1
композиция,1
„дней,1
первоначальное,1
распределение,1
ролей,1
структурно,1
ужать,1
потерь,1
обойтись,1
изъять,1
прямые,1
выпады,1
здравствующих,1
руководителей,1
государства,1
упоминалось,1
месяцев,1
потребовалось,1
позже,1
диктуя,1
отрывочные,1
биографические,1
заметки,1
кое-что,1
ценное,1
слил,1
фигуру,1
най-турса,1
отчетливости,1
най-турс,1
отдаленный,1
отвлеченный,1
представлении,1
образа,1
отразилось,1
лариосике,1
слились,1
образы,1
лиц,1
„чеховщины,1
находился,1
прототипов,1
сны,1
исключительную,1
написана,1
здании,1
бывал,1
неоднократно,1
декабря,1
улицах,1
близкое,1
имеется,1
напряжением,1
судить,1
письму,1
писательнице,1
федорченко,1
погребен,1
звучным,1
названием,1
осталась,1
каковую,1
показывать,1
бесплатного,1
приложения,1
означенной,1
январе,1
представил,1
вторую,1
переработан,1
сокращен,1
пятиактной,1
превратилась,1
четырехактную,1
мнению,1
специалистов,1
признана,1
канонической,1
отвечала,1
авторским,1
замыслам,1
спорным,1
многим,1
причинам,1
целесообразнее,1
специальных,1
исследованиях,1
началась,1
вспоминали,1
восхищением,1
собственной,1
кожей,1
нервами,1
чувствовали,1
описал,1
тревожное,1
бурное,1
атмосфера,1
ритм,1
самочувствие,1
каждого,1
героя,1
мастерство,1
возвращаешься,1
воспоминаниями,1
„дням,1
появлению,1
моих,1
товарищей,1
остаются,1
одними,1
лучших,1
весна,1
молодого,1
советского,1
„чайкой,1
огромный,1
наполнен,1
взрывчатой,1
силой,1
полон,1
ставил,1
режиссером,1
определен,1
репетировал,1
хмелев,1
игрой,1
увлечен,1
готовил,1
добронравов,1
привлечена,1
репетициям,1
молодежь,1
соколова,1
прудкин,1
кудрявцев,1
др,1
ставшая,1
блестящей,1
сменой,1
великому,1
поколению,1
прошлого,1
весною,1
напряженных,1
показан,1
станиславскому,1
сухие,1
точные,1
просмотрев,1
верном,1
„гимназия,1
„петлюровская,1
хвалил,1
исполнителей,1
сделанную,1
работу,1
важной,1
удачной,1
воодушевил,1
продолжение,1
быстром,1
бодром,1
темпе,1
намеченному,1
представилось,1
завлиту,1
павлу,1
маркову,1
самых,1
зрителей,1
показе,1
плакал,1
следил,1
действием,1
грыз,1
обыкновению,1
сбрасывал,1
вытирая,1
платком,1
слезы,1
полностью,1
спектаклем,1
короткое,1
счастливое,1
внутренней,1
увлечением,1
принимал,1
участие,1
советам,1
сообщает,1
гибели,1
запомнил,1
совместной,1
характеризовал,1
прекрасного,1
потенциального,1
актера,1
самому,1
представляете,1
степени,1
вашему,1
вступлению,1
погрома,1
устроенного,1
поработать,1
нескольких,1
артиста,1
директору,1
гейтцу,1
подсказывал,1
выйти,1
литератор,1
актер,1
сужу,1
показывал,1
блестки,1
сверкали,1
создали,1
успех,1
спектаклю,1
сахновскому,1
утверждал,1
внутренняя,1
линия,1
принадлежит,1
важный,1
биографии,1
нигде,1
написано,1
марте,1
заключил,1
острейшего,1
предположить,1
запрещенной,1
неопубликованной,1
повести,1
привлек,1
идеологического,1
контроля,1
момента,1
вторгаться,1
процесс,1
аннулирован,1
взаимному,1
согласию,1
причиной,1
политическая,1
подоплека,1
сомнений,1
мая,1
сотрудники,1
проводят,1
булгаковых,1
изымают,1
имевшего,1
пятой,1
обыску,1
предшествовала,1
агентурная,1
результате,1
признан,1
опасной,1
фигурой,1
поставлена,1
задача,1
недопустить,1
постановку,1
булгаковских,1
театрах,1
москвы,1
дневники,1
наст,1
собр,1
оказывалось,1
слежки,1
доносы,1
прекращении,1
заседания,1
дебатироваться,1
вопросы,1
названии,1
необходимости,1
новых,1
сокращений,1
инициированную,1
извне,1
возню,1
дирекцию,1
следующего,1
сим,1
удаление,1
мотивировка,1
связана,1
заглавия,1
названа,1
„перед,1
концом,1
превращение,1
-актной,1
-актную,1
советом,1
обсудить,1
изложенным,1
согласится,1
осведомлено,1
начавшемся,1
политическом,1
терроре,1
возврате,1
рукописей,1
плохим,1
предзнаменованием,1
восприняло,1
лужский,1
обстоятельно,1
доброжелательном,1
тоне,1
даты,1
муха,1
укусила,1
вчерашнего,1
разговора,1
решили,1
„петлюровскую,1
выкидывает,1
вымарку,1
василисы,1
согласие,1
переделку,1
соединение,1
гимназических,1
плац-парад,1
петлюровский,1
болботуном,1
больших,1
возражений,1
предъявляли,1
выделено,1
на-поди,1
„семья,1
станет,1
трехактной,1
акт,1
гимназия,1
финал,1
мхатый,1
взвинтил,1
вскоре,1
взвинтиться,1
всему,1
участвовал,1
закрытая,1
присутствовавшие,1
заведующий,1
театральной,1
секцией,1
блюм,1
редактор,1
секции,1
орлинский,1
выразили,1
неудовлетворение,1
заявили,1
этак,1
состоявшейся,1
реперткоме,1
представителями,1
чиновники,1
искусства,1
сформулировали,1
произведению,1
которое,1
представляет,1
сплошную,1
апологию,1
начиная,1
включительно,1
неприемлема,1
трактовке,1
поданной,1
потребовали,1
дискредитировала,1
движение,1
эпизодов,1
унижающих,1
ввести,1
прислугу,1
швейцаров,1
действующих,1
составе,1
пообещал,1
показать,1
наметившийся,1
поворот,1
большевизму,1
конечном,1
итоге,1
предложено,1
доработать,1
годов,1
театральное,1
характерно,1
явно,1
организованное,1
фактически,1
росло,1
дрожжах,1
повторным,1
председателя,1
совнаркома,1
требованием,1
возвратить,1
изъятые,1
сотрудниками,1
последовало,1
привлекать,1
большее,1
противников,1
сторонников,1
лямин,1
драматургу,1
эмоциональное,1
просил,1
уступать,1
коверкал,1
умолял,1
трогать,1
блага,1
соглашайся,1
пожертвовать,1
ею,1
потрясающее,1
смысл,1
видоизменять,1
прикасаться,1
кощунственно,1
творчество,1
спб,1
кн,1
раздражением,1
необходимы,1
постановщику,1
зойкиной,1
вахтанговском,1
вскользь,1
коснулся,1
мхатовских,1
проблем,1
переутомление,1
сюрпризы,1
теснейшим,1
„связан,1
гонка,1
„гвардии,1
мхате,1
-м,1
просмотр,1
властями,1
июне,1
беспрерывная,1
работишка,1
смещает,1
забывчивости,1
августе,1
всё,1
приездом,1
написан,1
плану,1
утвержденному,1
константином,1
сергеевичем,1
получила,1
изъята,1
василисой,1
соединены,1
внесены,1
существенные,1
поправки,1
противники,1
усиливали,1
обстановка,1
накалялась,1
стала,1
нервной,1
очередной,1
заявило,1
разрешении,1
открытым,1
выдержал,1
встретившись,1
актерами,1
запретят,1
уйдет,1
отменена,1
вноситься,1
угоду,1
луначарскому,1
снята,1
истязания,1
петлюровцами,1
оправиться,1
удара,1
смириться,1
решением,1
допрос,1
допроса,1
скоординированы,1
настаивали,1
снятии,1
допросе,1
запугивали,1
запланирована,1
успешно,1
полная,1
публикой,1
смотрят,1
союза,1
сср,1
пресса,1
константин,1
сергеевич,1
высший,1
режиссерское,1
управление,1
сегодняшнем,1
решается,1
последними,1
вымарками,1
„еврея,1
генеральной,1
разрешен,1
показа,1
зрителям,1
мытарства,1
закончились,1
вступили,1
решающую,1
фазу,1
разрешена,1
запретило,1
кабала,1
обратился,1
рыкову,1
почтотелеграммой,1
иванович,1
участием,1
решено,1
разрешить,1
художественному,1
настоянию,1
разрешила,1
произвести,1
купюры,1
субботу,1
вечером,1
известило,1
наркомпрос,1
запрещает,1
рассмотреть,1
высшей,1
инстанции,1
подтвердить,1
ставшее,1
известным,1
отмена,1
решения,1
нежелательной,1
скандальной,1
решался,1
цк,1
вкп(б,1
принято,1
отменять,1
литературная,1
газета,1
немецкий,1
корреспондент,1
пауль,1
шеффер,1
рижской,1
газете,1
члены,1
партийного,1
большинства,1
ворошилов,1
рыков,1
допускали,1
оппозиция,1
выступила,1
решительным,1
противником,1
ниже,1
публикуем,1
вариант,1
прошедший,1
испытаний,1
игравшийся,1
блистательной,1
труппой,1
-го,1
охоту,1
теряет,1
фр,1
переводы,1
иностранных,1
текстов,1
даны,1
позовите,1
майора,1
дуста,1
имеем,1
приветствовать,1
тяжелом,1
нашей,1
неслыханно,1
доктор,1
готово,1
луиджи,1
итальянский,1
композитор,1
виолончелист,1
ср,1
репликой,1
фамусова,1
реплика,1
объясни,1
понадобилось,1
охранять,1
лежат,1
выдающийся,1
выдающегося,1
строго,1
народ-богоносец,1
сеятеля,1
хранителя,1
землепашца,1
апухтин,1
некрасов,1
побойся,1
зевая,1
некрасова,1
достоевские,1
признавал,1
хорошей,1
серьезной,1
разбиравшейся,1
данной,1
обстановке,1
понимавшей,1
задачу,1
трудную,1
историческую,1
богоносного,1
святой,1
землепашец,1
версты,1
полторы,1
летел,1
заяц,1
карум,1
рассказ,1
вранья,1
отзывался,1
сынгаевский,1
фамилией,1
студент,1
призванный,1
красивый,1
стройный,1
ничем,1
отличавшийся,1
обыкновенный,1
собутыльник,1
военной,1
службе,1
балериной,1
нежинской,1
танцевала,1
мордкиным,1
счет,1
париж,1
выступал,1
качестве,1
партнера,1
танцах,1
моложе,1
отзывы,1
окружении,1
субъективны,1
злы,1
киевские,1
тальберга,1
выношу,1
трактирную,1
физиономию,1
казарменные,1
анекдоты,1
прочее,1
шервинских,1
мышлаевских,1
сопьется,1
выдумка,1
основе,1
фигура,1
популярная,1
солдатская,1
времен,1
мировой,1
вещем,1
олеге,1
пушкина,1
припевом,1
веру,1
пророк,1
предвидел,1
вашим,1
приходом,1
стряслась,1
точную,1
характеристику,1
разложившемуся,1
офицерству,1
отозвалось,1
городов,1
особый,1
корпус,1
целью,1
наживы,1
устроились,1
городом,1
беззастенчивой,1
спекуляции,1
бросались,1
прибыльные,1
авантюры,1
несовместимые,1
офицерским,1
званием,1
наживали,1
большие,1
годились,1
боевой,1
службы,1
изобретали,1
всевозможные,1
отговорки,1
отозваться,1
принесли,1
оценки,1
совпадающие,1
упрекает,1
разложение,1
началось,1
невостребования,1
своевременного,1
гетманской,1
боялась,1
возрождения,1
боеспособной,1
пвтлюру,1
встретиться,1
троцким,1
зрительный,1
зал,1
конкретизация,1
врага,1
белых,1
вызывала,1
неприятие,1
критиков,1
постановщиков,1
любимый,1
булгаковский,1
прием,1
разбрасывать,1
мысли,1
персонажам,1
данном,1
продолжает,1
убиваться,1
мыслью,1
собственном,1
народе,1
расширяя,1
видение,1
трагедии,1
высшего,1
сословия,1
убийствах,1
петра,1
iii,1
ii,1
отменившего,1
крепостное,1
акцентирует,1
симпатичном,1
императоре,1
давшем,1
волю,1
получившему,1
бомбу,1
привести,1
отрывок,1
воспоминаний,1
явича,1
споре,1
исторические,1
темы,1
тиранах,1
тиран,1
совершал,1
преступлений,1
подкинул,1
клюнул,1
приманку,1
наполеона,1
преступлениях,1
ряду,1
тиранов,1
иван,1
грозный,1
вспомните,1
кровавый,1
синодик,1
бил,1
земные,1
поклоны,1
стирая,1
кожу,1
лба,1
натирая,1
мозоли,1
коленях,1
густо,1
преступник,1
злодей,1
безумец,1
спору,1
утвердил,1
государственность,1
обескровил,1
подготовил,1
смутное,1
растерзать,1
шакалам,1
мелкие,1
княжеские,1
вотчины,1
спор,1
происходил,1
-е,1
новое,1
утвердилось,1
„россия,1
нищая,1
опасная,1
русскому,1
бремя,1
вера,1
православная,1
самодержавная,1
показана,1
кошмарный,1
затягивает,1
халат,1
раскрывается,1
глумиться,1
алексеем,1
пересказывая,1
говорилось,1
голым,1
профилем,1
ежа,1
сядешь,1
душит,1
поклоном,1
федора,1
михайловича,1
игривы,1
брейтмана,1
остроты,1
роты,1
предсказывает,1
нехорошие,1
сне,1
последних,1
верит,1
взъяренный,1
пронзительно,1
стены,1
исчезают,1
бочка,1
ларь,1
мрака,1
проваливается,1
петлюровцы,1
предшествует,1
жидовская,1
морда,1
выстрел,1
важнейших,1
пытками,1
убийством,1
значение,1
отстаивал,1
цензурой,1
выброшена,1
приводим,1
добро,1
двоих,1
подстрелили,1
приказа,1
старшина,1
хочете,1
зробыть,1
зробым,1
побачив,1
бильше,1
солнца,1
повидать,1
дити,1
малы,1
ходить,1
ясновельможный,1
варта,1
гарны,1
любять,1
боны,1
билы,1
пустили,1
били,1
шутит,1
болтун,1
слабо,1
слышна,1
перекрещусь,1
смех,1
„хай,1
хохот,1
патриот,1
вкраины,1
шомполом,1
обыщите,1
детям,1
сознавайся,1
живу,1
старуха,1
земной,1
шар,1
занял,1
сговоришь,1
подержите,1
жжет,1
робыте,1
пощадите,1
сознаешься,1
боли,1
держите,1
хлопчик,1
родненький,1
миленький,1
отставь,1
жида,1
коммуниста,1
бывае,1
вырывается,1
прорубь,1
выскочит,1
еврею,1
падая,1
легкою,1
смертью,1
помер,1
грабят,1
тело,1
петлюровцев,1
просыпается,1
эпизода,1
„и,1
светлый,1
первые,1
взяты,1
пошлой,1
песенки,1
вертинского,1
пелась,1
юнкерами,1
пели,1
неподходящие,1
присутствует,1
третьей,1
сталину,1
заявить,1
пользы,1
демонстрация,1
всесокрушающей,1
большевизма,1
добавить,1
„не,1
повинен,1
соч,1
пояснил,1
последнего,1
отношу,1
празднику,1
крещенья,1
раздвинул,1
сроки,1
использовать,1
последнем,1
действии,1
римский,1
получивший,1
прозвище,1
отступника,1
переход,1
христианства,1
язычники,1
будучи,1
смертельно,1
раненным,1
битве,1
персами,1
ранил,1
тайной,1
сократ,1
схоластик,1
церковной,1
сверхъестественном,1
ранении,1
юлиана,1
принеслась,1
стрела,1
ранив,1
плечо,1
пронзила,1
раны,1
лишился,1
калист,1
утверждает,1
быв,1
поражен,1
демоном,1
понимая,1
удивительное,1
ранение,1
наказание,1
вероотступничество,1
воскликнул,1
христа,1
прототипе,1
определенный,1
прототип,1
проступает,1
меньше,1
реальных,1
персонажей,1
личность,1
корпусным,1
командиром,1
глазом,1
мигнул,1
богоносцам,1
богоносные,1
белогвардейской,1
песню,1
записям,1
делал,1
июне-сентябре,1
являются,1
вставкой,1
третью,1
принимает,1
работать,1
контакте,1
переменить,1
вехи,1
строка,1
стихотворения,1
северянина,1
появился,1
сценической,1
версии,1
концовка,1
иная,1
зрители,1
беспартийный,1
сходит,1
пики,1
освещенный,1
рампы,1
