IP_Putievyie zamietki.txt,28537
и,1019
в,935
—,602
на,535
не,449
с,337
что,332
это,252
мы,232
я,214
он,200
все,188
как,186
а,184
но,161
очень,137
по,132
к,131
уже,125
из,122
у,122
,121
еще,120
было,110
так,104
за,100
тоня,92
они,91
здесь,89
только,88
от,81
его,78
то,73
она,72
был,70
надо,68
вы,65
костя,65
даже,65
бы,64
же,64
нас,64
там,62
потом,62
когда,58
для,56
много,54
тут,52
нам,52
были,51
о,50
нет,50
есть,49
день,48
через,48
где,48
если,48
время,47
нью-йорк,47
один,47
г,47
сейчас,44
раз,43
или,43
два,42
тоже,42
сегодня,42
сказал,41
их,41
ее,40
город,39
вот,39
до,39
них,38
этого,37
тебе,36
ничего,36
меня,36
будет,35
ни,35
можно,34
была,34
хорошо,34
ну,31
вечером,31
может,31
ему,30
несколько,30
без,29
совсем,29
себе,28
во,28
теперь,28
под,28
мне,28
чтобы,27
быть,27
него,27
конечно,27
почти,26
дня,26
сразу,26
человек,26
который,25
вам,25
ли,25
жизни,24
ехать,24
после,24
вдруг,24
этом,24
ей,24
весь,24
сам,24
все-таки,24
три,24
вчера,24
со,23
видно,23
этот,23
которые,23
вообще,23
что-то,23
утром,23
нельзя,23
будем,22
никогда,22
люди,22
себя,22
домой,22
больше,22
просто,22
тоне,21
такой,21
вашингтон,20
ты,20
немножко,20
дней,20
всех,20
вас,20
кино,20
быстро,20
дома,20
лет,20
потому,20
две,19
нью-йорке,19
наверно,19
первый,19
долго,19
над,19
большой,19
да,19
снова,19
двадцать,19
того,18
назад,18
всю,18
хотя,18
чем,18
товарищи,18
друг,18
ноября,18
декабря,18
тоню,17
говорил,17
жизнь,17
видел,17
этой,17
всего,17
москве,17
пять,17
нью-йорка,17
вместе,16
ним,16
буду,16
ехали,16
им,16
какие-то,16
писать,16
мисс,16
джефи,16
своей,16
смотреть,16
об,16
всегда,16
ведмедев,16
чикаго,16
свои,15
всем,15
тысяч,15
часов,15
молодые,15
опять,15
вечер,15
довольно,15
свою,14
своих,14
рядом,14
эту,14
пока,14
города,14
стали,14
про,14
пристани,14
наш,14
стояли,14
б,14
дело,14
долларов,14
января,14
стоит,14
городе,14
октября,14
людей,13
нее,13
стоял,13
которой,13
час,13
сказать,13
автомобилей,13
наталья,13
павловна,13
одного,13
такое,13
которая,13
кажется,13
америке,13
четыре,13
нем,13
завтра,13
солнце,13
говорят,13
интересно,12
самом,12
каждый,12
кроме,12
немного,12
по-русски,12
почему,12
кто,12
перед,12
поедем,12
приехали,12
знаю,12
марья,12
власьевна,12
сказала,12
десять,12
улицы,12
большие,12
двести,12
при,12
часа,12
дальше,12
идет,12
море,12
смотрел,12
писал,12
сан-франциско,12
америку,11
среди,11
говорков,11
свое,11
уж,11
эта,11
между,11
одно,11
жена,11
живет,11
приехал,11
дороги,11
ходить,11
вокруг,11
чисто,11
живут,11
улица,11
том,11
посмотреть,11
друга,11
такие,11
могут,11
эти,11
едем,11
ребята,11
нами,11
какой-то,11
америки,10
киля,10
значит,10
тогда,10
путешествие,10
пассажиры,10
называется,10
вся,10
дни,10
дом,10
могу,10
своего,10
поехали,10
тем,10
женой,10
которую,10
целый,10
доктор,10
дороге,10
мало,10
мистер,10
чтоб,10
живем,10
москву,10
другие,10
маленький,10
ней,10
нему,10
ведь,10
общем,10
сделать,10
самого,10
нашего,10
павлидис,10
миль,10
письма,9
говорила,9
слишком,9
как-то,9
этим,9
пароход,9
по-английски,9
пятьдесят,9
шесть,9
тонечка,9
стал,9
котором,9
океан,9
внезапно,9
собой,9
пароходе,9
минуту,9
обед,9
тому,9
прямо,9
знает,9
сидели,9
нового,9
стало,9
жалко,9
тысячи,9
медленно,9
последние,9
руки,9
самый,9
старый,9
тридцать,9
какой-нибудь,9
ветер,9
зале,9
улице,9
более,9
улицу,9
стоят,9
пойдем,9
можем,9
вовка,9
которого,9
года,9
американцы,9
речь,9
всюду,9
недели,9
семенов,9
свой,9
ночь,9
…сегодня,9
пишу,9
голливуд,9
больших,8
клава,8
жить,8
часто,8
мире,8
делать,8
денег,8
неожиданно,8
говорить,8
трех,8
совершенно,8
ними,8
одна,8
пор,8
еду,8
оно,8
времени,8
инженеры,8
чего,8
старик,8
громадный,8
столько,8
страшно,8
вперед,8
попали,8
зал,8
куда,8
обязательно,8
комнате,8
шли,8
плохо,8
когда-то,8
детей,8
что-нибудь,8
знаешь,8
двенадцать,8
картина,8
своими,8
театра,8
написать,8
другое,8
скоро,8
купить,8
тепло,8
которых,8
доктора,8
знаете,8
америка,8
автомобили,8
таких,8
американской,8
мог,8
действительно,8
видели,8
дела,8
консул,8
однако,8
навстречу,8
негры,8
наконец,8
из-за,8
красный,8
афины,8
крейсер,8
кафе,8
ура,8
громадные,8
дорога,8
городов,8
самых,7
подруги,7
вашингтоне,7
костю,7
чемоданы,7
вышли,7
часу,7
сами,7
говорковы,7
шляпах,7
косте,7
пришлось,7
официант,7
радостно,7
проехали,7
утра,7
американские,7
началась,7
сто,7
минуты,7
руках,7
слово,7
оказалось,7
говорковых,7
какой,7
таким,7
будто,7
нравится,7
доме,7
сидел,7
большая,7
мимо,7
театр,7
произошло,7
жил,7
места,7
свет,7
лица,7
конце,7
концов,7
красивые,7
хоть,7
самой,7
иногда,7
снег,7
последний,7
другом,7
дорого,7
придется,7
раньше,7
пусть,7
мальчик,7
белых,7
тебя,7
берег,7
красивый,7
множество,7
страна,7
вид,7
одном,7
одну,7
дядя,7
маленьких,7
хорошие,7
бывает,7
пошли,7
шуба,7
жученко,7
вымпел,7
невозможно,7
либо,7
детройт,7
…вчера,7
ильф,6
афинах,6
говоркова,6
большую,6
поэтому,6
лучше,6
ушел,6
языке,6
пожалуйста,6
заметил,6
практиканты,6
стол,6
тот,6
хотелось,6
танцевать,6
второй,6
танцевала,6
открытку,6
делается,6
здания,6
головы,6
кили,6
вашингтона,6
дорогой,6
белой,6
оказался,6
картину,6
рассказать,6
обычно,6
маленькие,6
неделю,6
письмо,6
самые,6
почему-то,6
какая-то,6
такого,6
хочу,6
позавчера,6
нужно,6
рожать,6
будут,6
серьезно,6
сначала,6
ходят,6
хочет,6
видом,6
голос,6
американская,6
невероятно,6
газеты,6
счет,6
громадная,6
пичинелли,6
слова,6
минут,6
американских,6
происходит,6
тех,6
хочется,6
отлично,6
должен,6
туда,6
едут,6
числа,6
другой,6
вечера,6
разлагаться,6
спросил,6
идут,6
глаза,6
человека,6
небольшой,6
хотел,6
станции,6
оттуда,6
позади,6
жителей,6
удивительно,6
первые,6
берегу,6
конец,6
семь,6
сюда,6
ресторан,6
заводы,6
голливуде,6
эль-пасо,6
тони,5
пришли,5
шляпу,5
молодой,5
думать,5
полагается,5
знала,5
голосом,5
самое,5
удовольствием,5
английском,5
фразу,5
сил,5
маджестика,5
салоне,5
танцы,5
новых,5
посредине,5
говорили,5
сих,5
одни,5
сторону,5
сделали,5
дорогу,5
ужасно,5
компания,5
путешествия,5
одним,5
класса,5
белый,5
вниз,5
честное,5
ноги,5
человеком,5
чувствовал,5
показал,5
рукой,5
москвы,5
несмотря,5
атташе,5
настоящая,5
гости,5
другу,5
ночью,5
женщина,5
стороны,5
особенно,5
самая,5
отсюда,5
меньше,5
книги,5
далеко,5
писали,5
отправились,5
улицах,5
других,5
большом,5
блондинка,5
замечательно,5
угол,5
номер,5
иначе,5
жили,5
пальто,5
решили,5
никуда,5
где-нибудь,5
посмотрел,5
прекрасно,5
лежал,5
пришел,5
могло,5
кого,5
советник,5
платить,5
никаких,5
думал,5
недавно,5
восемь,5
ребенка,5
стоять,5
воздух,5
женщины,5
случаю,5
-й,5
прочел,5
товарищ,5
хороший,5
работы,5
никто,5
сок,5
поездом,5
месте,5
вода,5
консульстве,5
мои,5
витя,5
корабля,5
бог,5
утро,5
границе,5
голубой,5
корабль,5
воды,5
баркас,5
отряд,5
шел,5
остановились,5
наши,5
повел,5
висит,5
борт,5
городу,5
знаем,5
забыл,5
кофе,5
ходил,5
нормандии,5
океана,5
должны,5
километров,5
этаже,5
приехать,5
дождь,5
двух,5
уехал,5
штате,5
похож,5
ел,5
марк,5
чересчур,5
весьма,5
машин,5
выехали,5
некоторые,5
милях,5
проехал,5
толидо,5
оклахома,5
санта-фе,5
горы,5
американский,5
фильмы,5
техас,5
холливуд,5
одновременно,4
успела,4
вокзал,4
веселые,4
девушки,4
девочки,4
счастливая,4
столице,4
купил,4
голове,4
жене,4
фабрику,4
громко,4
европу,4
увидела,4
ехал,4
толстый,4
казалось,4
кости,4
куда-то,4
английского,4
английский,4
язык,4
знал,4
нон,4
впереди,4
маджестик,4
каюте,4
английскую,4
успел,4
толпились,4
стояла,4
солнцем,4
супруги,4
галстуки,4
колония,4
работать,4
учиться,4
обедать,4
новые,4
стороне,4
левую,4
отвечал,4
школе,4
подошел,4
какую-то,4
американскую,4
равно,4
кем,4
скорее,4
тоней,4
здравствуйте,4
села,4
весело,4
привет,4
головой,4
менее,4
остановился,4
первого,4
закричал,4
руками,4
смотрела,4
морской,4
поеду,4
дети,4
платья,4
которое,4
париже,4
клавы,4
внизу,4
кричали,4
кто-то,4
сидя,4
поезд,4
впоследствии,4
доллара,4
секретарь,4
улицам,4
негр,4
захотелось,4
комнаты,4
военный,4
работу,4
домик,4
обе,4
любит,4
езды,4
наверх,4
увидели,4
пути,4
хватит,4
соединенных,4
ходила,4
легко,4
работал,4
прошло,4
ответ,4
бегали,4
электрическими,4
хуже,4
брюнетка,4
начинается,4
выходит,4
замуж,4
картины,4
фотографии,4
понимала,4
какую-нибудь,4
живу,4
пьесу,4
штатов,4
удивлением,4
совестно,4
английские,4
патефон,4
отказаться,4
кстати,4
собираются,4
подарок,4
сердце,4
постели,4
громадное,4
искусства,4
хватало,4
собственно,4
американец,4
должно,4
приятно,4
сама,4
маленькая,4
чувство,4
автомобиль,4
понравился,4
оба,4
пошел,4
вошел,4
послал,4
вовсе,4
заплатить,4
возможно,4
привыкли,4
грустно,4
голову,4
месяца,4
знали,4
вовкой,4
советский,4
спал,4
подошла,4
прием,4
едет,4
целые,4
мере,4
моей,4
солнца,4
новый,4
этому,4
твои,4
синим,4
могла,4
выступать,4
дел,4
безумно,4
трудно,4
автомобиле,4
поехать,4
такая,4
амторга,4
днем,4
триста,4
словно,4
спать,4
мой,4
сын,4
течение,4
затем,4
части,4
танцевали,4
узнали,4
спросила,4
порядке,4
впрочем,4
замечательная,4
работают,4
слов,4
встреча,4
удивительное,4
оказалась,4
авеню,4
какая,4
семен,4
старого,4
миллион,4
впечатление,4
идем,4
старые,4
черные,4
тени,4
тихо,4
понять,4
прошел,4
башни,4
последним,4
начал,4
успели,4
белыми,4
лодки,4
писатель,4
командир,4
точно,4
кавказ,4
стамбул,4
моряки,4
каюту,4
кормовой,4
умывальник,4
душа,4
каюты,4
ходили,4
бензин,4
стреляют,4
соседней,4
ног,4
образом,4
дым,4
одной,4
стрелять,4
считается,4
краснофлотцев,4
железной,4
непонятно,4
черт,4
играли,4
красные,4
зато,4
порт,4
акрополь,4
большими,4
залива,4
площади,4
году,4
вроде,4
комнат,4
области,4
…сейчас,4
бутербродт,4
увидел,4
отеле,4
виден,4
поездки,4
подробно,4
пробуду,4
мамульян,4
играют,4
центов,4
калифорнии,4
кубу,4
ямайку,4
хотим,4
городом,4
хозяин,4
твен,4
богатый,4
едят,4
делал,4
завтракать,4
женя,4
трон,4
скенектеди,4
интересного,4
расскажу,4
мост,4
городке,4
городах,4
…я,4
центре,4
озеро,4
миссисипи,4
начале,4
пустыне,4
мексиканской,4
англию,4
майльстон,4
нью-орлеан,4
лос-анжелос,4
красиво,4
быков,4
тропики,4
начало,3
костей,3
поехала,3
едешь,3
думаю,3
скромно,3
муж,3
мучило,3
тов,3
держал,3
руке,3
заметили,3
строго,3
деле,3
счастье,3
окна,3
боялась,3
этих,3
специально,3
против,3
ответил,3
толстыми,3
объяснил,3
вежливо,3
вечерам,3
третий,3
палубы,3
молодых,3
пассажиров,3
синих,3
костюмах,3
знакомство,3
советская,3
трое,3
заводе,3
говорковым,3
столик,3
смотрят,3
ю,3
могли,3
пальцем,3
меню,3
закуски,3
мясо,3
неизвестно,3
правой,3
блюда,3
далее,3
завтрак,3
полный,3
нахально,3
обеда,3
левая,3
беспрерывно,3
неудобно,3
однажды,3
сидела,3
господин,3
всей,3
пригласил,3
танцевал,3
концу,3
самым,3
волны,3
появилась,3
масса,3
знакомых,3
фабрике,3
ваша,3
пятого,3
тумане,3
взволнованно,3
собирались,3
пароходик,3
трапу,3
мундирах,3
высоком,3
золотом,3
считать,3
небоскребов,3
этажей,3
пристань,3
прежде,3
чиновник,3
сердито,3
думала,3
нисколько,3
всеми,3
крик,3
семьдесят,3
бормотал,3
такси,3
крикнул,3
полчаса,3
поезда,3
сели,3
сколько,3
билеты,3
сделал,3
ошибок,3
во-первых,3
парохода,3
билет,3
дал,3
доллар,3
машину,3
вдоль,3
волнения,3
маленькой,3
красивая,3
электрический,3
зала,3
помещается,3
русская,3
советской,3
натальей,3
павловной,3
минутку,3
полковник,3
говоря,3
смотрите,3
окончательно,3
лишь,3
реку,3
потомак,3
землей,3
бетона,3
тишина,3
колонны,3
окно,3
стать,3
кровать,3
великий,3
давно,3
парк,3
скучать,3
ответила,3
тонина,3
штатах,3
шла,3
лицо,3
достаточно,3
показать,3
лежали,3
молоком,3
комнату,3
целых,3
канцелярии,3
заплакала,3
громаден,3
богат,3
свободные,3
лампочки,3
бросали,3
сделано,3
удобства,3
зрителей,3
побывали,3
сюжет,3
программа,3
чечетку,3
превосходно,3
директора,3
техники,3
американка,3
своем,3
начала,3
вместо,3
назвали,3
например,3
остальные,3
давайте,3
неделе,3
зимой,3
нету,3
вернемся,3
пришла,3
думают,3
печально,3
почувствовала,3
стала,3
штат,3
ребенок,3
расходы,3
путь,3
пешком,3
объяснял,3
аккуратно,3
клуб,3
союза,3
отдыха,3
оркестра,3
длинный,3
знаменитый,3
уговаривал,3
читал,3
пост,3
несчастье,3
разговор,3
свободно,3
говорит,3
простуды,3
гланд,3
удалить,3
гланды,3
всему,3
сообщил,3
мистера,3
имели,3
передать,3
мистеру,3
усиками,3
длинные,3
красив,3
гландами,3
ожидал,3
случае,3
понял,3
понимаю,3
дурак,3
богатых,3
получается,3
бесплатно,3
сделалось,3
главное,3
происходило,3
содержания,3
людям,3
вижу,3
удовольствие,3
трудом,3
русским,3
раздался,3
настоящей,3
годится,3
молодая,3
ду,3
веселая,3
клетке,3
выехать,3
проведут,3
лето,3
соседнего,3
завода,3
крайней,3
театре,3
ужас,3
вышла,3
видишь,3
мест,3
прошла,3
взрослые,3
жаль,3
многих,3
густо,3
блеска,3
большого,3
некуда,3
интересные,3
вернулся,3
любят,3
охватить,3
внимания,3
рассматривать,3
работа,3
уедем,3
сказали,3
хотите,3
пели,3
гуленьки,3
веселой,3
аптеку,3
мороженое,3
аптеке,3
ж,3
откуда,3
которым,3
удобно,3
филадельфии,3
рождество,3
тониа,3
калифорнию,3
деньги,3
блестящая,3
торжественное,3
поездка,3
ведмедевы,3
бродвей,3
света,3
винтовки,3
огонь,3
ума,3
хорошую,3
школы,3
моего,3
папа,3
шло,3
никакого,3
выступил,3
дитя,3
выйти,3
заведующий,3
школой,3
стихи,3
песни,3
актеры,3
коньки,3
место,3
маленьким,3
услышать,3
рассказывали,3
поспешно,3
компанию,3
никак,3
полтора,3
разноцветные,3
девять,3
досконально,3
гарлем,3
негритянский,3
автомобилем,3
изо,3
проститутки,3
воде,3
произнес,3
светились,3
электрические,3
набекрень,3
домов,3
названием,3
приняли,3
шляпы,3
гостей,3
столиков,3
заняты,3
столику,3
красное,3
официанты,3
ко,3
компании,3
самому,3
глаз,3
воду,3
цилиндре,3
десятка,3
публика,3
застенчивости,3
кое-что,3
отеля,3
мужчины,3
напротив,3
огни,3
памятник,3
севастополе,3
бухте,3
корабли,3
крейсера,3
набережной,3
надписью,3
показался,3
военных,3
тело,3
гончарова,3
редактор,3
босфор,3
ход,3
греческие,3
запачкайтесь,3
дуб,3
железная,3
железные,3
мостике,3
писатели,3
кают-компании,3
принято,3
примерно,3
лицами,3
мрачное,3
шляпе,3
встречу,3
взгляд,3
площадке,3
перейти,3
двери,3
поставил,3
послышался,3
чуть,3
работает,3
ровно,3
открытом,3
берегом,3
дует,3
стены,3
газету,3
накопился,3
близко,3
газета,3
получим,3
первая,3
черное,3
стакан,3
поздно,3
огромное,3
машинку,3
холодно,3
добрый,3
чувствую,3
увидеть,3
большим,3
водой,3
салюта,3
провел,3
золотого,3
городок,3
машины,3
касается,3
рисунков,3
сильное,3
греческих,3
сезон,3
ресторана,3
молча,3
шляпой,3
путешественника,3
книг,3
белые,3
греции,3
которому,3
уйдет,3
смотрели,3
русских,3
магазин,3
нашими,3
южной,3
автобус,3
столиками,3
каким-то,3
траур,3
находится,3
половиной,3
осталось,3
стене,3
бежали,3
тему,3
даром,3
очевидно,3
рабочих,3
середине,3
ресторане,3
рус,3
какое-то,3
залив,3
торжественные,3
насчет,3
окт,3
гостиница,3
дали,3
метро,3
штука,3
странно,3
хожу,3
дрянь,3
ем,3
написал,3
хотят,3
представления,3
дают,3
днях,3
оказывается,3
-го,3
ковбоев,3
техаса,3
устал,3
предложил,3
пить,3
приходят,3
американцев,3
гартфорд,3
пробыть,3
большое,3
займет,3
получить,3
заехал,3
мной,3
вильям,3
правит,3
красивых,3
россии,3
делали,3
ки,3
вест,3
обещали,3
часть,3
клубе,3
останавливаться,3
везут,3
детройта,3
имеет,3
уехать,3
приеду,3
ван-гога,3
портрет,3
главная,3
другого,3
церковь,3
помню,3
хлеб,3
эдисона,3
подарил,3
маленьком,3
разбитые,3
юг,3
говорим,3
апельсиновые,3
пустыню,3
пустыня,3
территорию,3
индейцы,3
таосе,3
нескольких,3
калифорния,3
дерево,3
пустыни,3
никого,3
вильямс,3
мальчиков,3
боксер,3
февраля,3
жарко,3
либретто,3
голливуда,3
поговорили,3
мексиканский,3
хуарец,3
быка,3
сан-антонио,3
особые,3
маршрут,3
флорида,3
илья,2
евгений,2
похода,2
петров,2
новое,2
событие,2
константина,2
степановича,2
послали,2
своим,2
стеснялись,2
спрашивали,2
уныло,2
пишите,2
будешь,2
столица,2
отвечала,2
забегал,2
купе,2
шляпа,2
уши,2
уедет,2
пойдут,2
расфасовочную,2
перец,2
шафран,2
пиши,2
вслед,2
поезду,2
жутко,2
вагона,2
тощие,2
молодожены,2
вагон,2
польские,2
жандармы,2
французские,2
деньгами,2
паспорта,2
французского,2
шоколад,2
сигареты,2
прокричал,2
взглянув,2
страшное,2
высокий,2
черный,2
трубами,2
кюнард,2
стар,2
лайн,2
практиковаться,2
уме,2
собирался,2
обратиться,2
скажите,2
матрос,2
подал,2
каждую,2
полдень,2
карты,2
океане,2
показывали,2
кинокартины,2
свежая,2
заблестели,2
одинаковые,2
узкие,2
вязаные,2
тотчас,2
бада,2
друзья,2
раза,2
ту,2
рад,2
видеть,2
применить,2
выйдет,2
выходило,2
обеды,2
сладкое,2
неловко,2
требовать,2
практикантам,2
сладкие,2
слева,2
заказывать,2
подтвердил,2
берем,2
смутно,2
звук,2
танцев,2
танцами,2
седой,2
смокинге,2
фарфоровые,2
зубы,2
жалобно,2
посмотрела,2
страшным,2
стариком,2
вероятности,2
банкиром,2
танца,2
следующий,2
танец,2
проходили,2
завтраком,2
обедом,2
ели,2
прощаясь,2
смотрю,2
т,2
пойдет,2
солнечного,2
близость,2
земли,2
чайки,2
пищали,2
разглядеть,2
далекие,2
те,2
зеленых,2
очередь,2
двинулся,2
ходом,2
низко,2
походил,2
незаметно,2
приблизился,2
скалы,2
молчала,2
махали,2
иммиграционный,2
держа,2
пустят,2
правильно,2
сошли,2
таможенный,2
найти,2
франков,2
пенсильвения-стейшен,2
ярлыки,2
газет,2
грохот,2
радио,2
каких-то,2
улиц,2
доволен,2
сесть,2
дать,2
чай,2
вращающихся,2
кресел,2
выяснилось,2
сошел,2
консульства,2
встречать,2
взять,2
сидят,2
полпредства,2
повезли,2
широким,2
прекрасные,2
поезде,2
чистая,2
белая,2
ванной,2
собственной,2
холодильный,2
шкаф,2
привлекательным,2
заняться,2
показывать,2
парадные,2
шаги,2
спрашивая,2
неслась,2
тройка,2
поднявшись,2
лошадей,2
потолок,2
наверху,2
полпред,2
вечеринке,2
устроил,2
железный,2
маджестике,2
советника,2
марьей,2
власьевной,2
американкой,2
зашел,2
какое,2
жду,2
дадут,2
моим,2
нашлось,2
бутылки,2
передней,2
тонечкой,2
известие,2
целым,2
дням,2
изредка,2
маунт-вернон,2
джорджа,2
проехав,2
тихую,2
широкую,2
бетонной,2
грубыми,2
английских,2
стране,2
слышно,2
узнала,2
работала,2
любила,2
литературу,2
делала,2
добрая,2
туристы,2
обошли,2
старинная,2
лошадях,2
штаты,2
джордж,2
миссис,2
вели,2
жен,2
чем-нибудь,2
колледж,2
будете,2
произнесла,2
улыбнулась,2
зелени,2
заранее,2
бумагу,2
резиновом,2
фартуке,2
по-американски,2
грейпфрута,2
яйца,2
масло,2
беда,2
языка,2
сожалению,2
дверь,2
русские,2
друзей,2
говоришь,2
принесли,2
фотографией,2
горячий,2
скучная,2
украшений,2
неслышно,2
стоящих,2
кресла,2
воздуха,2
вашингтонский,2
понравилась,2
комедия,2
следующем,2
новая,2
программе,2
красавица,2
характером,2
лихо,2
танцует,2
сцену,2
поражает,2
противная,2
приезжает,2
всякой,2
начинает,2
свете,2
красавицы,2
голоском,2
видела,2
танцуют,2
душу,2
алгебра,2
углу,2
веселее,2
площадь,2
ф,2
настроение,2
будущей,2
серьезную,2
гастроли,2
кинематографы,2
ясно,2
осенью,2
прекрасных,2
кухня,2
уроки,2
смущенно,2
девочка,2
запальчиво,2
вырастет,2
ухаживать,2
младенца,2
кроватку,2
коляску,2
жалованья,2
перестала,2
ездить,2
музыкального,2
магазина,2
красивом,2
привык,2
январе,2
таял,2
кухмистерова,2
клавой,2
композиторов,2
открылся,2
однодневный,2
сделалась,2
октябрьскую,2
годовщину,2
спасибо,2
миллиона,2
промышленности,2
непривычки,2
подальше,2
коктейль,2
вступил,2
американцем,2
жаловаться,2
климат,2
немедленно,2
опытный,2
записал,2
коктейлей,2
расстались,2
понемножку,2
область,2
канцелярию,2
телефону,2
саммерфильда,2
беседу,2
относительно,2
удаление,2
операция,2
просил,2
половине,2
поехал,2
абсолютно,2
черными,2
зеркалом,2
надел,2
халат,2
появились,2
молниеносно,2
саммерфильд,2
всяком,2
читала,2
имя,2
узнать,2
значить,2
позвольте,2
направил,2
взял,2
слушайте,2
обиделся,2
спросили,2
пустяки,2
важно,2
лечит,2
считает,2
пробормотал,2
воскликнул,2
берет,2
поверят,2
лечиться,2
капитализм,2
страшные,2
кроватки,2
присмотрела,2
магазине,2
сознание,2
обыкновенная,2
какую,2
младенцев,2
подходит,2
рожаешь,2
платит,2
обстановке,2
воскликнула,2
сохранением,2
понравились,2
прогулки,2
сделался,2
выбрали,2
отдельно,2
лекарства,2
моргана,2
морган,2
представьте,2
границей,2
нравилось,2
превосходные,2
магазины,2
бедных,2
постоянным,2
увидите,2
равняется,2
почве,2
американским,2
имел,2
президенты,2
президент,2
юный,2
та,2
принес,2
прекрасную,2
игрушку,2
глазами,2
детских,2
вошла,2
американочка,2
тоненьким,2
гау,2
беби,2
улыбаясь,2
полпреда,2
лицом,2
кроваткой,2
первое,2
вовку,2
постепенно,2
летом,2
дачу,2
удалось,2
чистый,2
как-нибудь,2
тяжелое,2
реки,2
вырезка,2
фотография,2
сапогах,2
особенных,2
народного,2
творчества,2
коллектив,2
выступал,2
передышкиным,2
представляю,2
новой,2
люблю,2
сильно,2
особенного,2
экскурсией,2
крым,2
подымались,2
ай-петри,2
вершине,2
переводят,2
грязь,2
найдешь,2
наша,2
киле,2
расфасовочной,2
блеснул,2
виртуозно,2
русской,2
шумный,2
отлучиться,2
шума,2
сидеть,2
тоскливом,2
провинциальном,2
вспомнила,2
тонечку,2
охватили,2
привыкла,2
всякие,2
острове,2
ночи,2
название,2
тоска,2
родине,2
больны,2
советским,2
старой,2
звуки,2
заходили,2
подавал,2
пилотке,2
высоких,2
беседы,2
апельсинов,2
бумажные,2
боли,2
звоном,2
бросить,2
взгляды,2
олл,2
райт,2
выяснив,2
едой,2
рассказала,2
крыму,2
линии,2
автобусы,2
туристские,2
удивлению,2
гостях,2
флориду,2
поисках,2
считают,2
сидим,2
одеваться,2
серьезный,2
найт,2
сюрприз,2
останется,2
праздник,2
многочисленных,2
седьмого,2
школу,2
состоится,2
заседание,2
советских,2
шестого,2
пожилые,2
электрических,2
огней,2
идти,2
румяный,2
английским,2
акцентом,2
осмотреть,2
конца,2
игрушек,2
пулеметы,2
мальчики,2
занимаются,2
бегают,2
ленька,2
устроили,2
продолжал,2
дэвид,2
ох,2
ведмедева,2
скорей,2
бруклин,2
шепотом,2
торжество,2
началось,2
председатель,2
короткую,2
костюме,2
папу,2
стоявшего,2
кричал,2
срочно,2
обстоятельство,2
веселью,2
пьесе,2
король,2
воины,2
рабочие,2
леня,2
учился,2
поднесли,2
подарки,2
мальчику,2
предстояло,2
дай,2
счастью,2
делам,2
команда,2
советского,2
порту,2
водится,2
поняли,2
приглашали,2
увидит,2
живых,2
таком,2
количестве,2
старых,2
которыми,2
познакомились,2
хохоча,2
костлявые,2
усики,2
курил,2
сигару,2
дешевые,2
костюмы,2
ботинки,2
покрыты,2
американскими,2
техника,2
завод,2
чему,2
очереди,2
вышел,2
увлечением,2
опыт,2
получили,2
союзе,2
столь,2
громадных,2
зданий,2
главным,2
работали,2
звери,2
уезжаем,2
филадельфию,2
коля,2
златоуст,2
зеленые,2
анкеты,2
мировые,2
мыслями,2
сыром,2
мраке,2
сядем,2
придать,2
свернули,2
домами,2
каждая,2
зашептал,2
взволнованным,2
туристам,2
старая,2
негритянка,2
негритянская,2
семья,2
мама,2
бабушка,2
златоуста,2
убить,2
смейтесь,2
вида,2
церкви,2
кончилась,2
страшная,2
неважно,2
рекламы,2
бродили,2
выражением,2
светлых,2
металлические,2
пуговицы,2
ночное,2
черная,2
заказ,2
красных,2
площадка,2
пианино,2
негритянскую,2
умереть,2
негра,2
заказал,2
разлагайтесь,2
нечего,2
эстраде,2
площадку,2
здорово,2
выбегали,2
полностью,2
ответить,2
необыкновенный,2
дикая,2
нью-йоркских,2
улыбка,2
родина,2
выйду,2
вечно,2
срок,2
крышах,2
вряд,2
новость,2
возбужденно,2
неслыханное,2
бродил,2
стекло,2
шлепались,2
флот,2
боевые,2
неподвижно,2
показалась,2
выходу,2
кем-то,2
флажками,2
коминтерн,2
колоннами,2
садиться,2
водной,2
неторопливо,2
стукались,2
северную,2
высокая,2
золотыми,2
грузия,2
одесса,2
дне,2
лодками,2
кителя,2
били,2
струи,2
курортная,2
судов,2
встретиться,2
командиры,2
художник,2
верещагин,2
носить,2
кораблей,2
флота,2
входа,2
кавказе,2
встал,2
садился,2
занять,2
почувствовали,2
фалерон,2
болят,2
звезды,2
холме,2
акрополя,2
красному,2
кавказу,2
вахтенный,2
начальник,2
бумаги,2
осторожней,2
красным,2
дул,2
надстройке,2
койки,2
полочка,2
чья-то,2
привыкнуть,2
надстройки,2
каюта,2
вами,2
мешает,2
старший,2
приказал,2
запачкается,2
голубые,2
разве,2
морякам,2
юте,2
кораблю,2
бросать,2
принимать,2
простудиться,2
поводу,2
морского,2
приходит,2
корабле,2
пиджаках,2
отчаяние,2
приема,2
мчится,2
плечо,2
пушки,2
оркестр,2
полном,2
получше,2
группа,2
левый,2
оставаться,2
берега,2
походу,2
вентилятор,2
нашем,2
фигура,2
громом,2
чемодан,2
лежит,2
состоялся,2
смерти,2
московских,2
стамбуле,2
пройдет,2
мысли,2
хорошее,2
рукавов,2
гольфштрем,2
производит,2
входит,2
состояние,2
цвета,2
торопливо,2
серые,2
гладкие,2
начинался,2
окон,2
медные,2
командующий,2
плавания,2
рано,2
материал,2
потащил,2
пушкин,2
некому,2
тоской,2
стремительно,2
пепел,2
расселись,2
двое,2
стуле,2
отразить,2
эсминцев,2
народу,2
бесконечно,2
жизнью,2
флоте,2
извините,2
по-своему,2
является,2
задачу,2
краснофлотцы,2
живется,2
путешествии,2
глава,2
возвратились,2
прибыл,2
потерял,2
статься,2
подумал,2
нечто,2
огорчает,2
чрезвычайно,2
безутешен,2
степени,2
волосы,2
правдоподобно,2
также,2
порядочное,2
доброе,2
силы,2
похожи,2
обходится,2
путем,2
свежим,2
семенова,2
уголок,2
жилетке,2
рыбу,2
трамвай,2
каким,2
земля,2
выстрелы,2
якоря,2
показались,2
номеров,2
глядя,2
делают,2
рассматривали,2
телеграммы,2
передовая,2
взглядом,2
уважения,2
щетками,2
пыль,2
лестнице,2
полицейских,2
матроса,2
окончился,2
груди,2
штатских,2
серебряные,2
ждали,2
греческий,2
капитала,2
приветственно,2
часы,2
проведенные,2
глубоко,2
лежат,2
мраморы,2
парфенона,2
восьми,2
старомодном,2
второго,2
платье,2
голыми,2
шоссе,2
сперва,2
времен,2
грузовик,2
заборы,2
одноэтажные,2
пройдя,2
предместье,2
землю,2
прибыть,2
жиллет,2
лезвия,2
пушистыми,2
афинские,2
удивлялись,2
покупали,2
вывески,2
букв,2
из-под,2
зайти,2
ресторанчика,2
борщ,2
сапог,2
ящичками,2
правда,2
страшный,2
кризис,2
покупать,2
продавцов,2
висели,2
лотерейных,2
билетов,2
странный,2
кофейни,2
зубочисткой,2
проходит,2
прим,2
авторов,2
большинство,2
вечеру,2
родственников,2
ленту,2
носит,2
павлидиса,2
городских,2
памятники,2
находятся,2
стоянки,2
многие,2
могилы,2
названия,2
фермопил,2
одессы,2
оказались,2
быстротой,2
тела,2
полиция,2
плохой,2
общество,2
видны,2
южные,2
горячие,2
возле,2
флаг,2
братья,2
классу,2
планы,2
побыть,2
укрылись,2
небольшом,2
прохладно,2
сгоряча,2
столика,2
осторожно,2
правду,2
точь-в-точь,2
декорацию,2
маленькую,2
странное,2
течет,2
виду,2
шторм,2
продолжается,2
вибрации,2
шкафы,2
живопись,2
вибрирует,2
звучит,2
почерк,2
кончился,2
кровати,2
гавра,2
нормандия,2
делает,2
письма…,2
темно,2
дождик,2
пятидесяти,2
бегал,2
писем,2
нахожусь,2
мистрис,2
всякого,2
рода,2
погулял,2
подъезжал,2
нью-йорку,2
воздвигнуть,2
столбы,2
дыма,2
негров,2
отель,2
боюсь,2
понятно,2
теленка,2
районе,2
канаду,2
понедельник,2
коротко,2
машинке,2
помещение,2
месяц,2
печатать,2
городков,2
автомобильная,2
пейзаж,2
четыреста,2
старухи,2
тихий,2
приходится,2
река,2
весть,2
издателей,2
знают,2
стоим,2
удаляются,2
уходить,2
бродвее,2
громадной,2
пьеса,2
рекомендовали,2
коров,2
машина,2
предложили,2
обратно,2
клязьме,2
приезда,2
надпись,2
стульев,2
читает,2
плохих,2
снимки,2
необыкновенно,2
торговой,2
двухэтажных,2
домиках,2
занимает,2
обедал,2
узнал,2
крайслер,2
гудзон,2
твеном,2
продавал,2
твена,2
устаю,2
сравнительно,2
сока,2
соки,2
пьют,2
вкусно,2
грязный,2
кашкина,2
хемингуэй,2
какого-то,2
русский,2
юге,2
выбраться,2
надеемся,2
дос,2
голые,2
гулять,2
зашли,2
негритянские,2
ввиду,2
сквер,2
гарден,2
бокс,2
убил,2
медали,2
симпатичные,2
электричества,2
сзади,2
цистерны,2
автомобиля,2
гостинице,2
холодная,2
ледяная,2
корнфлекс,2
кукуруза,2
хозяина,2
понимаешь,2
выбрать,2
автомобилями,2
катились,2
…наконец,2
форд,2
взяли,2
поездим,2
сможем,2
великолепно,2
спектакля,2
чудный,2
радость,2
ставил,2
музыку,2
декорации,2
рахманинова,2
индианка,2
выставка,2
собраны,2
поразительно,2
красной,2
вещей,2
лучших,2
продается,2
угодно,2
возвращении,2
слушать,2
устраивает,2
стул,2
мужчин,2
деревянных,2
получает,2
тюрьма,2
исключением,2
корпуса,2
пришлют,2
новом,2
громадном,2
интересен,2
тротуар,2
становится,2
свиданья…,2
скенеатлис,2
тысяча,2
восемьсот,2
небольших,2
хозяева,2
ванная,2
сиракузы,2
помпеи,2
проезжать,2
ватерлоо,2
извини,2
ниагару,2
визы,2
сильвер-крик,2
пятьсот,2
ниагарский,2
водопад,2
освещается,2
огнями,2
войны,2
городки,2
чистые,2
тихие,2
аптеках,2
останавливаясь,2
кливленд,2
фордовском,2
начался,2
заночевали,2
десяти,2
учреждение,2
показывал,2
…уже,2
начинаются,2
сижу,2
обоях,2
веточки,2
ночевал,2
озера,2
мичиган,2
занят,2
стивенс,2
неподалеку,2
шагах,2
неслыханная,2
фабричные,2
пригласили,2
университета,2
народ,2
лас-вегас,2
бензина,2
невада,2
светят,2
попадаются,2
канзас-сити,2
проезжали,2
рассказал,2
семьсот,2
аптеки,2
ковбои,2
гонят,2
двадцати,2
цене,2
девятого,2
выезжаем,2
приблизительно,2
тонкими,2
въехали,2
центральных,2
песку,2
тексас,2
парни,2
хороших,2
нью-мексико,2
пуэбло,2
красноватые,2
открыток,2
фотографиями,2
деревню,2
полено,2
рассказывать,2
дон,2
фернандо,2
дама,2
уехали,2
глушь,2
адрес,2
юнайтед,2
двенадцати,2
футов,2
милый,2
почта,2
столбик,2
линкольна,2
тихого,2
плоскогорья,2
рис,2
стиле,2
дочки,2
океану,2
девочек,2
десятому,2
поездку,2
делаю,2
итак,2
попасть,2
дома…,2
елки,2
горят,2
деревни,2
пел,2
другая,2
открытке,2
письме,2
джекиль,2
известных,2
…в,2
солнечный,2
сан-диэго,2
тронами,2
отдыхать,2
мое,2
акцент,2
пил,2
пассадену,2
синклер,2
холодный,2
аризона,2
обыкновенный,2
газолиновых,2
ниже,2
кактусов,2
верно,2
устроить,2
жалею,2
природа,2
одеты,2
похожее,2
пообедал,2
мексиканские,2
бой,2
хуареце,2
зрелище,2
бык,2
глупости,2
…что-то,2
воздушной,2
тороплюсь,2
болит,2
гостиницы,2
готическая,2
импайр,2
горит,2
закат,2
небоскребами,2
двухэтажные,2
вероятно,2
начали,2
состоящей,2
мрачные,2
остров,2
выедем,2
буффало,2
…вот,2
сан-диего,2
световых,2
реклам,2
количество,2
пальм,2
края,2
котлеты,2
задержались,2
сценарий,2
предстоит,2
режиссеры,2
алабама,2
мостик,2
мостом,2
четырех,2
миами,2
считаем,2
доллары,2
центы,2
ругать,2
машине,2
петровтоня,1
путевые,1
заметки,1
события,1
произошли,1
свыкнуться,1
замужеством,1
надвинулось,1
мужа,1
службу,1
белорусско-балтийский,1
провожать,1
насмешливые,1
интуристов,1
носильщиков,1
повторяла,1
завидую,1
поправляла,1
повторяли,1
смотрелся,1
зеркало,1
налезала,1
обидно,1
подчеркивала,1
юность,1
возвращаясь,1
перрон,1
смущения,1
иди,1
простудишься,1
завидовали,1
подруга,1
далекую,1
таинственную,1
упаковывать,1
соду,1
картонную,1
тару,1
тоня…,1
тонином,1
тонька,1
тоскливо,1
крикнули,1
уходящему,1
донеслось,1
сырого,1
железнодорожного,1
мрака,1
польше,1
помещика,1
бегунках,1
усач,1
брезентовом,1
плаще,1
обозревал,1
овсы,1
помещиков,1
следили,1
странной,1
фигурой,1
возникшей,1
учебников,1
политграмоты,1
менялись,1
страны,1
входили,1
таможенники,1
немецкие,1
бельгийские,1
грубоваты,1
торопливы,1
какими,1
таможенным,1
чиновникам,1
суровость,1
направлена,1
схватят,1
милого,1
потащут,1
паспортами,1
билетами,1
билета,1
польского,1
немецкого,1
французский,1
таможенник,1
ужасным,1
француз,1
шербурге,1
желтыми,1
уайт,1
устроившись,1
палубу,1
тонн,1
английское,1
пароходство,1
матросу,1
отойдет,1
занимался,1
матросским,1
делом,1
раздавал,1
пассажирам,1
подкрепления,1
чашки,1
горячим,1
бульоном,1
составить,1
чашку,1
практика,1
ограничилась,1
длилось,1
полночь,1
стрелки,1
пароходных,1
отскакивали,1
указывалось,1
местонахождение,1
столовой,1
происходили,1
погодка,1
покачивался,1
залегли,1
каютах,1
стих,1
влажные,1
появилось,1
налезали,1
одинаковых,1
коротковатыми,1
брюками,1
веселенькой,1
черной,1
полоской,1
состоялось,1
небольшая,1
расставалась,1
филадельфийском,1
обрадовались,1
переменили,1
заказав,1
беспомощно,1
обеденную,1
карточку,1
подходил,1
уходил,1
дождавшись,1
заказа,1
сознались,1
известна,1
английская,1
фраза,1
айм,1
вери,1
глэд,1
си,1
пользой,1
заказывают,1
наугад,1
ткнут,1
ждут,1
хорошего,1
странные,1
получались,1
супа,1
наевшись,1
сладкого,1
согласитесь,1
напечатаны,1
какие,1
супы,1
вторые,1
левой,1
рекомендованный,1
заказать,1
напечатано,1
получится,1
недоразумений,1
переспросили,1
съели,1
правильный,1
чередовались,1
естественной,1
освященной,1
веками,1
последовательности,1
садясь,1
сговаривались,1
подходяще,1
сплоховала,1
наелся,1
механики,1
уверовали,1
кинозале,1
расспрашивали,1
действующих,1
лицах,1
любовник,1
добивается,1
разберу,1
громкий,1
вечерних,1
балах,1
принимали,1
участия,1
учились,1
западных,1
банкиры,1
пляшут,1
фабриканты,1
произошел,1
неприятный,1
случай,1
пересмеиваясь,1
следила,1
брюках,1
узким,1
черным,1
лампасом,1
оскалил,1
ужаснулась,1
пошла,1
кружилась,1
вихре,1
западного,1
поддразнивали,1
старуху,1
голой,1
костистой,1
спиной,1
гимнастическими,1
целями,1
удовольствия,1
неугомонным,1
подготовил,1
неожиданный,1
эффект,1
обнажил,1
трасите,1
означало,1
подшучивали,1
утверждая,1
влюбился,1
приходом,1
взяла,1
почтовом,1
цветную,1
изображением,1
рассекающего,1
океанские,1
подругам,1
дорогие,1
атлантический,1
приезжаем,1
танцую,1
иностранцем,1
заграничные,1
открытка,1
наклеила,1
марку,1
короля,1
георга,1
килю,1
клаву,1
по-прежнему,1
упаковывают,1
еле,1
различим,1
сияющем,1
ощущалась,1
стюарды,1
вытаскивали,1
кожаные,1
сундуки,1
сопровождая,1
взволнованы,1
чаек,1
кучками,1
пытаясь,1
знаменитого,1
разговорчивыми,1
заговорили,1
сурово,1
молчали,1
подножия,1
иммиграционными,1
властями,1
взбежали,1
чиновники,1
проверка,1
паспортов,1
длинную,1
малым,1
пролетел,1
спортивный,1
гидроплан,1
чае,1
скалистую,1
горную,1
цепь,1
отвесные,1
превратились,1
этажи,1
стаде,1
отыскали,1
сдернул,1
крепко,1
держалась,1
некрашеный,1
деревянный,1
сырой,1
поручень,1
платками,1
надвигавшейся,1
громадине,1
прошли,1
лихорадке,1
потерялись,1
друзья-практиканты,1
паспорт,1
паспорте,1
разговаривает,1
держась,1
сходням,1
галдеж,1
тарахтенье,1
багажных,1
тележек,1
толчее,1
багажа,1
фотографий,1
собственноручными,1
надписями,1
растерянно,1
возьмем,1
автомашину,1
нашлись,1
наклеил,1
делалось,1
само,1
конвейер,1
вестибюль,1
носильщики,1
продавцы,1
шоферы,1
таксомоторов,1
высовывая,1
окошек,1
втолкнул,1
багажом,1
ошеломленный,1
потерявший,1
присутствия,1
духа,1
шоферу,1
пульмановском,1
вагоне,1
сообразила,1
проехала,1
смогла,1
памяти,1
остался,1
ветхий,1
таксомотор,1
играло,1
мрак,1
блеск,1
неизвестных,1
как-никак,1
кондуктору-негру,1
любезно,1
уложил,1
говорковские,1
багажную,1
сетку,1
приколол,1
проездные,1
спинкам,1
подождал,1
курьера,1
приехавшего,1
во-вторых,1
пульмановский,1
достаткам,1
следовало,1
кош,1
отличающийся,1
пульмана,1
креслах,1
неподвижных,1
кожаных,1
диванчиках,1
в-третьих,1
долгой,1
душевной,1
борьбы,1
негру,1
четверть,1
вашингтонском,1
вокзале,1
встретил,1
страхи,1
кончились,1
приехавших,1
усадили,1
полпредскую,1
обсаженным,1
деревьями,1
нескончаемого,1
ряда,1
стоявших,1
обочин,1
тротуаров,1
асфальтовым,1
проспектам,1
прорезавшим,1
сады,1
парки,1
секретаря,1
показывала,1
правительственные,1
называла,1
тониной,1
сумбур,1
гремящий,1
приготовлена,1
комната,1
мебелью,1
кухней,1
газовая,1
плита,1
хозяйством,1
тянули,1
апартаменты,1
переходили,1
вспыхивали,1
хрустальные,1
люстры,1
неслышны,1
толстых,1
коврах,1
позолоченное,1
кресло,1
несли,1
железным,1
усталости,1
обошел,1
добросовестно,1
блаженно,1
отдыхая,1
кресле,1
снежном,1
облаке,1
ямщик,1
рост,1
нахлестывал,1
уважением,1
помолчал,1
честь,1
прибытия,1
членов,1
колонии,1
бойко,1
вознаграждая,1
пароходный,1
аскетизм,1
выезжал,1
конторщицей,1
хорошенькой,1
усталость,1
чудесно,1
принялись,1
дразнить,1
звание,1
присвоено,1
комбриги,1
метите,1
полковника,1
усмешкой,1
представляете,1
чин,1
годам,1
вечеринка,1
московская,1
выложено,1
по-московски,1
нарзаном,1
перерыве,1
томно,1
опустившись,1
диван,1
раздавил,1
граммофонных,1
пластинки,1
захаживайте,1
рвота,1
беременна,1
вчерашней,1
называли,1
распространилось,1
беременности,1
полюбили,1
начавший,1
шифровальщика,1
шифровальной,1
поцеловать,1
наговорить,1
ласковой,1
чепухи,1
скучала,1
вашингтонской,1
грустная,1
повезла,1
мосту,1
очутились,1
многополосной,1
проходила,1
выхоленных,1
парков,1
светилась,1
подстриженная,1
трава,1
лужаек,1
барьеры,1
волнистых,1
необработанных,1
древесных,1
стволов,1
поразило,1
нарочитое,1
элегантное,1
сочетание,1
предельно,1
гладкой,1
поверхности,1
покрытыми,1
корой,1
сучковатыми,1
барьерами,1
напоминавшими,1
первых,1
пионеров,1
девственной,1
поражала,1
скоростью,1
неслись,1
сигналов,1
тарахтенья,1
моторов,1
влетал,1
открытое,1
доносилось,1
граммофонное,1
шипенье,1
терлись,1
шины,1
шероховатую,1
поверхность,1
расспрашивала,1
подруг,1
выезжала,1
играла,1
роли,1
драматическом,1
кружке,1
хотела,1
актрисой,1
окончила,1
школу-семилетку,1
художественную,1
закалялась,1
сталь,1
прочесть,1
событий,1
усадьбы,1
скрытым,1
равнодушием,1
кто-нибудь,1
приезжал,1
один-два,1
возили,1
прославленного,1
цветников,1
кодаками,1
животах,1
опустив,1
щелкали,1
затворами,1
навощенными,1
полами,1
тускло,1
блестела,1
мебель,1
поднялись,1
спальню,1
ситцевым,1
пологом,1
почивал,1
было-тихо,1
отлетела,1
бурная,1
двор,1
влетали,1
гонцы,1
запаренных,1
сколачивались,1
соединенные,1
осталась,1
идиллия,1
старосветской,1
помещичьей,1
страстный,1
афанасий,1
иванович,1
пульхерия,1
ивановна,1
энд,1
товстогуб,1
домом,1
старинный,1
спускавшийся,1
реке,1
бревенчатой,1
пользовался,1
дорожки,1
выложенные,1
плитами,1
фотографировали,1
обратном,1
учить,1
поступить,1
роде,1
хозяйства,1
заполнить,1
досуг,1
заскучаю,1
восторженно,1
грустноватая,1
лавку,1
покупала,1
нарезанные,1
бифштексы,1
упакованные,1
прозрачную,1
хлебцы,1
приказчик,1
называл,1
леди,1
догадывался,1
желаниях,1
кухне,1
тонком,1
резиновой,1
оборкой,1
подарила,1
новоселье,1
светская,1
стряпала,1
рефрижераторе,1
стряпать,1
изготовление,1
уходило,1
урок,1
отнимал,1
пообедав,1
устремлялся,1
шифровальную,1
выходила,1
общий,1
коридор,1
стучалась,1
кому-нибудь,1
просилась,1
прочла,1
достала,1
селились,1
библиотеки,1
ленинграде,1
харькове,1
мужем,1
удивленно,1
удивлялся,1
давнишнюю,1
поняла,1
заехала,1
восторгались,1
посылали,1
отчего,1
радости,1
печали,1
задумчивая,1
тяжеловесно,1
сумрака,1
просвечивало,1
алтарное,1
золото,1
темному,1
залу,1
худенькие,1
франтоватые,1
капельдинерши,1
фонариками,1
указывая,1
вновь,1
вошедшим,1
ножкам,1
проходов,1
прикреплены,1
пол,1
слабый,1
желтый,1
входящих,1
выходящих,1
мягкие,1
разрешалось,1
курить,1
медленные,1
прохладные,1
ветерки,1
веяли,1
температура,1
регулировалась,1
автоматически,1
удушающая,1
жара,1
воняло,1
асфальтом,1
бензином,1
тяжелый,1
август,1
апрель,1
пахло,1
фиалками,1
ничуть,1
картин,1
музыкальная,1
заключался,1
мюзик-холле,1
готовится,1
соперницы,1
претендуют,1
главную,1
роль,1
отталкивающим,1
директор,1
комик,1
кому,1
отдать,1
предпочтение,1
соревнование,1
откаблучивает,1
выступает,1
выбивает,1
побить,1
положительной,1
блондинки,1
вырывается,1
невиданной,1
чечеткой,1
подавленный,1
подписывает,1
контракт,1
блондинкой,1
посрамлена,1
богатого,1
красавца,1
подобную,1
бедная,1
провинциальная,1
телефонистка,1
подготовки,1
балерин,1
очарована,1
исходившим,1
сиянием,1
великолепной,1
чистотой,1
звука,1
бешеными,1
чечетками,1
выбивали,1
длинноногие,1
запоминались,1
мотивчики,1
повторять,1
приготовляя,1
брекфест,1
мурлыкала,1
слабеньким,1
куплеты,1
фартучке,1
десятая,1
добавляла,1
раздражать,1
вышло,1
музыка,1
мелодичная,1
актрисы,1
подобраны,1
веселить,1
омрачало,1
многое,1
понравилось,1
лишены,1
названий,1
продольные,1
обозначались,1
буквами,1
алфавита,1
поперечные,1
цифрами,1
м,1
-ой,1
-я,1
плюс,1
квадрате,1
гипотенузой,1
пифагоровых,1
штанов,1
говорите,1
гадостей,1
считаю,1
вмешалась,1
гадость,1
живете,1
спешите,1
выводами,1
алгеброй,1
алгебре,1
удобные,1
неважное,1
е,1
посмотрим,1
какая-нибудь,1
труппа,1
даст,1
спектаклей,1
постоянного,1
переспросила,1
чьей,1
спокойная,1
детка,1
ясное,1
выгоден,1
существовал,1
прибыльное,1
медном,1
тазу,1
буркнул,1
художественный,1
дописывать,1
заграничную,1
кинокартину,1
„так,1
девушки“,1
фокстроты,1
чарльстоны,1
западные,1
гордо,1
приписала,1
обхохотаться,1
ожидали,1
заграничной,1
поверили,1
подумали,1
ломается,1
се,1
прочих,1
падать,1
деревьев,1
листья,1
развлекают,1
сияющая,1
приставать,1
устроилась,1
амторге,1
потерпи,1
мальчик…,1
вставила,1
станет,1
предстояли,1
приданое,1
ванночку,1
нужны,1
экономить,1
задумали,1
пластинками,1
автобусе,1
совершала,1
полезно,1
останавливалась,1
витрины,1
рассматривала,1
приглянувшийся,1
голубом,1
чехле,1
мнения,1
терял,1
веселости,1
огорчало,1
простуживаться,1
московскому,1
морозу,1
выпадал,1
продолжали,1
короткие,1
сообщали,1
каток,1
шестидневку,1
вечеринки,1
член,1
командированный,1
ведения,1
кружка,1
зимний,1
лыжах,1
лена,1
бачкова,1
стахановкой,1
перекрыла,1
нормы,1
получила,1
ленинградский,1
пластинок,1
числе,1
гопак,1
оперы,1
сорочинская,1
ярмарка,1
исполнении,1
симфонического,1
неинтересно,1
веселишься,1
забыла,1
композитор,1
ухаживает,1
узкий,1
непомерно,1
пролежала,1
звать,1
развлечь,1
пойду,1
фильм,1
стоил,1
отстань,1
говорковыми,1
стряслось,1
непоправимое,1
полпредских,1
приемов,1
приглашались,1
представители,1
науки,1
стесненным,1
напряженным,1
отпивая,1
бокала,1
тошноты,1
накуриваясь,1
сигаретами,1
осмелел,1
толстым,1
симпатичным,1
темы,1
посчастливилось,1
вспомнил,1
вечные,1
происходят,1
поверьте,1
моему,1
опыту,1
мистер…,1
…мистер,1
позволю,1
рекомендовать,1
врача,1
вырежет,1
ваши,1
почувствуете,1
поблагодарил,1
обязательного,1
толстяка,1
вытащил,1
блокнот,1
беседа,1
потекла,1
выпили,1
несколькой,1
довольные,1
придя,1
хвастался,1
успехами,1
светском,1
обращении,1
научаемся,1
осваиваем,1
позвали,1
незнакомый,1
слушаю,1
мистером,1
саммерфильдом,1
просит,1
заехать,1
аккуратность,1
саммерфильду,1
живейшей,1
благодарности,1
никому,1
сказавшись,1
попросив,1
шика,1
завхоза,1
полпредский,1
записанному,1
адресу,1
элегантно,1
одетый,1
модными,1
пробором,1
худые,1
нервные,1
пальцы,1
крупье,1
круглым,1
лбу,1
обаятелен,1
благожелательно,1
похлопав,1
плечу,1
перламутровыми,1
пуговицами,1
костино,1
горло,1
горячностью,1
заявил,1
согласен,1
расстаться,1
надоели,1
ассистент,1
сестра,1
милосердия,1
вырезал,1
говоркову,1
щипцами,1
утверждал,1
больно,1
жалела,1
пролежал,1
питался,1
мороженым,1
вслух,1
счастливы,1
пакет,1
ошибка,1
марье,1
власьевне,1
чепуха,1
написано,1
лишний,1
нуль,1
попал,1
ошибке,1
возмущался,1
сумма,1
надевая,1
пенсне,1
рассматривая,1
алексей,1
дмитриевич,1
зайди,1
случилась,1
товарищем,1
недоумением,1
кого-нибудь,1
посоветовались,1
советоваться,1
гланда,1
гланда-то,1
рекомендации,1
миллионера,1
естественно,1
миллионером,1
кадиллаке,1
ройсе,1
абсурд,1
поганое,1
разговоров,1
грабеж,1
простонал,1
власти,1
знать,1
практике,1
произвел,1
бюджете,1
разрушения,1
зимних,1
коляски,1
чудной,1
детском,1
авансом,1
восемьдесят,1
катастрофа,1
утешала,1
совершил,1
непоправимую,1
глупость,1
заставляло,1
страдать,1
светлой,1
комнатке,1
замечательной,1
люлька,1
покупают,1
бедные,1
негритянки,1
копейки,1
надвигалось,1
готовилась,1
непохоже,1
хватался,1
представлении,1
роды,1
болезнь,1
связаны,1
болеешь,1
соцстрах,1
отказываюсь,1
подобной,1
службе,1
рожала,1
сотрудница,1
гуляла,1
засмеялся,1
молоденькие,1
притаившись,1
вспоминали,1
ценили,1
думали,1
замечая,1
принимая,1
должное,1
естественное,1
полагаться,1
трагической,1
истории,1
осторожным,1
узнавал,1
наперед,1
легче,1
недорогую,1
лечебницу,1
ставили,1
предварительную,1
консультацию,1
сиделку,1
сестру,1
словом,1
тревожившийся,1
заикнулся,1
пригласить,1
профессора,1
такую,1
сумму,1
злобно,1
нос,1
профессор,1
рожает,1
пролетариата,1
пионерских,1
докладики,1
столкнулась,1
рассердилась,1
капиталистическая,1
система,1
мешала,1
вредно,1
волноваться,1
ругала,1
систему,1
сердитесь,1
ничто,1
удобным,1
красивым,1
нравились,1
страстностью,1
докладах,1
политкружке,1
обеспеченные,1
заработком,1
свести,1
концы,1
концами,1
условиях,1
подтверждал,1
уеду,1
слезами,1
родился,1
разоренные,1
погрязшие,1
долгах,1
безмерно,1
радовались,1
крупный,1
весил,1
фунтов,1
докладывал,1
девяти,1
старым,1
фунтам,1
родившийся,1
законам,1
гражданином,1
право,1
избранным,1
возможный,1
гражданин,1
торжестве,1
приняла,1
участие,1
первой,1
явилась,1
катя,1
лакированную,1
напоминавшую,1
обтекаемыми,1
формами,1
междупланетный,1
снаряд,1
принявшая,1
мук,1
томная,1
удержалась,1
коляска,1
уронила,1
купила,1
вскладчину,1
атташихой,1
воплощенная,1
мечта,1
дорогую,1
шести,1
лошадку,1
волосатой,1
шкурой,1
хвостом,1
челкой,1
удивленными,1
стеклянными,1
холостяком,1
разбирался,1
делах,1
каждому,1
входящему,1
растрогался,1
знакомая,1
стенографисткой,1
машинисткой,1
коляске,1
развел,1
поднесла,1
младенцу,1
резиновую,1
погремушку,1
отступила,1
внесли,1
цветы,1
торопился,1
дипломатический,1
фраке,1
цилиндр,1
элегантный,1
простым,1
седыми,1
висками,1
постоял,1
новорожденного,1
поздравил,1
любительский,1
ребеночек,1
развлекать,1
маленького,1
джентльмена,1
развлекал,1
пошло,1
затянулись,1
бюджетные,1
раны,1
нанесенные,1
доктором,1
администрацией,1
родильного,1
месяцев,1
выучился,1
обезьянка,1
тряс,1
прутья,1
усовершенствованной,1
колыбели,1
бюджет,1
равновесие,1
уверял,1
дача,1
начинал,1
бормотать,1
мол,1
нюхает,1
душное,1
симпатичном,1
перерыва,1
наполняют,1
бензиновыми,1
испарениями,1
увозила,1
междупланетном,1
снаряде,1
прекрасный,1
другую,1
негритянских,1
нянь,1
баюкали,1
пришло,1
толстое,1
конверта,1
выпали,1
газетная,1
любительская,1
размером,1
изображена,1
ситцевом,1
сарафане,1
исполняющая,1
русскую,1
народную,1
пляску,1
поднятой,1
кокетливо,1
держала,1
платочек,1
косоворотке,1
красавец,1
петра,1
передышкина,1
судя,1
остолбенелым,1
взглядам,1
танцоров,1
фотограф-любитель,1
заставил,1
двигаясь,1
секунд,1
здравствуй,1
забудешь,1
вспомнили,1
интересов,1
наверное,1
газетах,1
весной,1
образовался,1
самодеятельный,1
прошлой,1
исполнили,1
„русскую“,1
бис,1
„казачок“,1
соло,1
узнаешь,1
композитора,1
руководит,1
музыкальным,1
кружком,1
фамилия,1
миша,1
григорьев,1
подписывается,1
произведениями,1
иван,1
лесной,1
кандидат,1
члены,1
примут,1
пишет,1
симфонию,1
тип,1
веселый,1
разыгрывает,1
августе,1
вдвоем,1
оптэ,1
облазили,1
южный,1
восход,1
мировой,1
довольны,1
нашу,1
корпус,1
сносится,1
приедешь,1
молодость,1
девятнадцать,1
исполнится,1
восемнадцать,1
намечается,1
вечорка,1
твоего,1
вову,1
шлем,1
сердечный,1
веселись-веселись,1
забывай,1
вырезку,1
верни,1
экземпляр,1
истрепана,1
побывала,1
карандашом,1
обведены,1
строчки,1
фабрики,1
исполненной,1
пляской,1
стахановка,1
калерия,1
коршунова,1
совместно,1
обнаружили,1
яркий,1
красочный,1
талант,1
заслуженный,1
успех,1
недрах,1
народа,1
выковываются,1
свежие,1
яркие,1
красочные,1
таланты,1
выдержала,1
зарыдала,1
страстно,1
цыганка,1
сказалось,1
утомление,1
матери,1
одиночество,1
здоровая,1
зависть,1
фабрика,1
пойти,1
торопилась,1
опоздать,1
нужные,1
значительные,1
жила,1
больнице,1
благоустроенно,1
свободу,1
рыдала,1
горько,1
безнадежно,1
испугался,1
сдержанным,1
терпеливым,1
жаловалась,1
несчастна,1
встревожена,1
крошечная,1
заботы,1
людях,1
охватили…,1
возразила,1
прикована,1
ребенку,1
няньку,1
нанять,1
бесплатных,1
ясель,1
взрослый,1
виноват,1
уделять,1
оправдывался,1
простая,1
серьезным,1
пьесам,1
разбираются,1
актуальные,1
вопросы,1
приедет,1
скучает,1
закалки,1
понимает,1
зимовку,1
врангеля,1
работай,1
сиди,1
полярной,1
том-то,1
занимается,1
учится,1
оставьте,1
кончите,1
скрывала,1
отчаяния,1
заплаканная,1
бравым,1
специальное,1
ностальгия,1
когда-нибудь,1
остаться,1
воевал,1
сентиментальный,1
заплакал,1
тонечки,1
условиям,1
всячески,1
старался,1
проводить,1
выгонял,1
оставался,1
навострился,1
купал,1
ловкостью,1
няньки,1
убаюкивал,1
песней,1
долинам,1
взгорьям,1
дивизия,1
воинственные,1
засыпал,1
прилетели,1
милой,1
приветливой,1
дружбу,1
наладил,1
умный,1
сообразив,1
развлекаться,1
подружилась,1
усаживались,1
высокую,1
стойку,1
рыжий,1
продавец,1
полотняной,1
кантом,1
стойкой,1
рояльных,1
табуретках,1
задушевные,1
аптечный,1
бармэн,1
проворно,1
выжимал,1
машинкой,1
накладывал,1
стаканы,1
покупателей,1
вынос,1
жарил,1
блины,1
раскаленной,1
электричеством,1
металлической,1
доске,1
приготовлял,1
шипящий,1
напиток,1
головной,1
вытаскивал,1
чеки,1
автоматической,1
кассы,1
успевал,1
посетительницам,1
поощрительные,1
терять,1
жизнерадостности,1
расстелив,1
коленях,1
салфетки,1
облокотясь,1
прилавок,1
подолгу,1
болтали,1
понимали,1
ошибку,1
сердечно,1
смеялись,1
аптечные,1
выглядели,1
засиживаться,1
рассказывала,1
подругах,1
клаве,1
краймиа,1
рассудительно,1
отпуску,1
засмеялась,1
дорог,1
туристов,1
специальные,1
базы,1
объездили,1
замешательству,1
объездила,1
разу,1
тетки,1
провела,1
так-то,1
путешествовать,1
богатые,1
безработные,1
странствующие,1
заработка,1
иностранцы,1
путешествуем,1
большинстве,1
случаев,1
видим,1
контор,1
трачу,1
квартиру,1
прилично,1
лишних,1
наговорившись,1
вдоволь,1
провожала,1
подымалась,1
заставали,1
наклонялась,1
голосочком,1
гуд,1
уходила,1
опрятная,1
завитая,1
нежно,1
улыбалась,1
представлялась,1
чистенькой,1
деловитой,1
певчей,1
птичкой,1
обитающей,1
налита,1
цинковую,1
чашечку,1
рассыпана,1
конопля,1
приготовлен,1
обсуждала,1
судьбу,1
единогласно,1
младенец,1
попечении,1
марьи,1
власьевны,1
поедут,1
сотрудников,1
интересная,1
отправятся,1
детский,1
советскую,1
осматривать,1
генеральном,1
вашингтонского,1
затворничества,1
казалась,1
поездкой,1
родину,1
ночевали,1
натальи,1
павловны,1
обрадовалась,1
тетя,1
потащили,1
женщин,1
бродвейского,1
затихла,1
гуляли,1
посматривали,1
зажгли,1
бродвеем,1
миллиарды,1
построили,1
небоскребы,1
ужинали,1
гостеприимных,1
хозяев,1
одиннадцатилетний,1
легким,1
можете,1
игрушки,1
терпеливо,1
ждал,1
ужина,1
представляли,1
огнестрельное,1
оружие,1
револьверы,1
ручные,1
трещавшие,1
извергавшие,1
закряхтел,1
стреляет,1
игр,1
гангстерские,1
изображают,1
бандитов,1
свободное,1
школьных,1
занятий,1
пожалели,1
запрешь,1
парикмахера,1
обучает,1
типа,1
ошибаешься,1
виноваты,1
условия,1
капиталистического,1
общества,1
слышали,1
влияние,1
нашей,1
игрушечные,1
простонала,1
харьков,1
коридорам,1
лестницам,1
красными,1
пионерскими,1
галстуками,1
запыхавшиеся,1
озабоченные,1
мамы,1
раскутывали,1
дошкольников,1
приглашенных,1
отвести,1
уборную,1
сивцевом,1
вражке,1
усачевке,1
малыши,1
нулевого,1
скверно,1
говорившие,1
лепетавшие,1
настоящим,1
нью-йоркским,1
свидетельствовали,1
собрание,1
классе,1
детям,1
празднуют,1
генеральный,1
прерывал,1
двухлетний,1
бурное,1
пушистом,1
шерстяном,1
увидев,1
аудиторией,1
взмахивавшего,1
взволновался,1
покамест,1
понадобилось,1
дало,1
консулу,1
возможность,1
закончить,1
необходимой,1
плавностью,1
приступим,1
начались,1
выступления,1
декламировали,1
хором,1
партизанские,1
разыграли,1
крохотную,1
сочиненную,1
школьником,1
участвовали,1
бумажной,1
золотой,1
короне,1
действия,1
душил,1
смех,1
сердитые,1
раздача,1
подарков,1
отличившимся,1
школьникам,1
получил,1
способностям,1
джека,1
лондона,1
обещаю,1
способности,1
рассмешило,1
леню,1
получив,1
принимались,1
распаковывать,1
одному,1
роликовые,1
мальчика,1
напали,1
отобрали,1
страдал,1
дарим,1
осчастливленному,1
испытание,1
возвращался,1
сжимая,1
напал,1
шерстяной,1
крича,1
дребезжащим,1
выдирать,1
гостям,1
раздавать,1
выпустив,1
ролики,1
бросился,1
получать,1
резинового,1
микки,1
мауса,1
приступили,1
открылось,1
явиться,1
сотрудники,1
находящиеся,1
командировке,1
различным,1
техническим,1
грузился,1
нью-йоркском,1
мешал,1
чувствовали,1
связанными,1
экипаж,1
справляющего,1
праздники,1
далеком,1
официальной,1
неофициальная,1
шумно,1
веселилась,1
удивились,1
вашингтонские,1
пользовались,1
несомненным,1
успехом,1
соседнем,1
длинных,1
столах,1
водка,1
родимый,1
нарзан,1
ела,1
пила,1
заметила,1
толпе,1
неразлучных,1
практикантов,1
троица,1
полнейшем,1
застенчивые,1
юнцы,1
мешковатых,1
костлявее,1
выросли,1
сделались,1
старше,1
нахальные,1
сшитые,1
готового,1
тесные,1
воротнички,1
прочные,1
мозолями,1
царапинами,1
казались,1
настоящими,1
механиками,1
лайк,1
ожидала,1
знакомое,1
америкой,1
добраться,1
закричали,1
чертовская,1
посмотришь,1
простотой,1
организация,1
производства,1
уверяю,1
кое-чему,1
подучились,1
вызвала,1
дикий,1
восторг,1
наперебой,1
острили,1
работе,1
поездках,1
вставляли,1
фразы,1
мешали,1
соседний,1
боялся,1
пропустить,1
выпил,1
рюмок,1
водки,1
хохотал,1
смешило,1
практиканта,1
технический,1
заводах,1
использовать,1
засыпали,1
техническими,1
выражениями,1
восхищалась,1
-м,1
стритом,1
пятой,1
пятницкой,1
москва-реки,1
кремль,1
проводили,1
наталью,1
павловну,1
ведмедевых,1
манхэттен,1
горланили,1
подножий,1
подвели,1
радио-сити,1
разъясняли,1
женщинам,1
методы,1
возведения,1
оратором,1
подвыпивший,1
хохотун,1
сигарой,1
докурить,1
виде,1
вершина,1
терялась,1
утреннем,1
протрезвел,1
настоящую,1
лекцию,1
механизации,1
строительных,1
работ,1
американизировавшиеся,1
явились,1
ведмедевым,1
потребовали,1
деловито,1
твердили,1
разложившись,1
безобразие,1
филадельфия,1
практикант,1
нахальными,1
свердловск,1
вытащили,1
карманов,1
комплекты,1
проездных,1
документов,1
билетные,1
листы,1
величиной,1
платежную,1
ведомость,1
свидетельства,1
таможни,1
багажные,1
шпагатиками,1
привязывать,1
ручкам,1
чемоданов,1
садимся,1
иль,1
де-франс,1
сбрею,1
знаменитые,1
перебирала,1
похолодевшими,1
пальцами,1
реальность,1
ощущать,1
москва,1
овладела,1
мучилась,1
нашлась,1
обыкновеннейшую,1
счастливые,1
прокричали,1
прощанье,1
железнодорожном,1
инженерам,1
помочь,1
взялся,1
бормоча,1
анюта,1
оделся,1
вывел,1
слава,1
богу,1
район,1
зайдем,1
клаб,1
вертепчик,1
райончике,1
разберемся,1
инженер,1
допустил,1
ныо-йоркца,1
находитесь,1
следовательно,1
пользоваться,1
бессмысленно,1
отсталый,1
медленный,1
транспорта,1
собвей,1
гарлеме,1
пятнадцать,1
безнадежно-прямыми,1
грязноватыми,1
слабо,1
освещенными,1
улицами,1
создал,1
экскурсантов,1
тайны,1
раздувал,1
бандиты,1
убийцы,1
подходим,1
внимание,1
ждала,1
случая,1
завизжать,1
ужасом,1
схватила,1
руку,1
страх,1
выпрямились,1
стараясь,1
бывалых,1
шкиперов,1
рыба,1
обстроенную,1
старомодными,1
двухэтажными,1
квартира,1
имела,1
собственное,1
высокое,1
каменное,1
крыльцо,1
десятком,1
ступеней,1
спускавшихся,1
тротуару,1
проститутка,1
корзиной,1
почтенная,1
содом,1
гоморра,1
щелкнула,1
крылец,1
язвительно,1
задерживаться,1
заторопился,1
иронически,1
любитель,1
сигар,1
хихикнула,1
обидчиво,1
случайность,1
притон,1
попадаться,1
ручку,1
женами,1
подозрительно,1
постного,1
обнаружилось,1
седьмую,1
спутал,1
ездили,1
глядят,1
атмосфера,1
порока,1
седьмой,1
ночных,1
ресторанов,1
дерзким,1
углах,1
блестели,1
гербы,1
полисменов,1
заведение,1
кошка,1
шампанского,1
обязательный,1
двум,1
долларам,1
войти,1
мулаты,1
макинтоши,1
помещалась,1
отделенная,1
барьером,1
пустовали,1
любезный,1
подносом,1
пританцовывая,1
отвел,1
барьера,1
скользком,1
паркете,1
танцевальной,1
площадки,1
стояло,1
колесиках,1
подвозили,1
столикам,1
тучный,1
крючковатым,1
носом,1
заглядывая,1
посетителям,1
чудесной,1
легкостью,1
наигрывал,1
синкопированные,1
мелодии,1
пританцовывали,1
опираясь,1
локтями,1
дошла,1
ведмедевской,1
пианист,1
склонившись,1
корпусом,1
закатив,1
желтоватые,1
белки,1
проникновенно,1
запел,1
песню,1
каролине,1
подпевали,1
покачивая,1
подносами,1
важный,1
поет,1
следующему,1
свободнее,1
джин-фис,1
крепкую,1
смесь,1
джина,1
лимонным,1
соком,1
закажете,1
содовую,1
возьмут,1
стесняться,1
тесной,1
расселся,1
джаз,1
выбежал,1
мулат,1
застучал,1
ногами,1
лаковых,1
туфлях,1
выскочили,1
голых,1
мулаток,1
перьями,1
поясе,1
стучали,1
каблуками,1
вращали,1
бедрами,1
настучавшись,1
навращавшись,1
убежали,1
вернуться,1
цилиндрах,1
отбивали,1
потребовал,1
вторую,1
порцию,1
джин-фиса,1
смирно,1
подмигивали,1
разлагаемся,1
наступил,1
антракт,1
инженерами,1
овладел,1
рецидив,1
мокрую,1
темную,1
бодро,1
выполнена,1
спросят,1
нетолько,1
копались,1
прощались,1
задушевно,1
съездить,1
якобы,1
сидите,1
доказывал,1
зачем,1
скука,1
повернули,1
затихшими,1
стритами,1
слышался,1
вернувшись,1
нашла,1
вырос,1
изменилось,1
труднее,1
отвыкла,1
заточения,1
парке,1
привыкать,1
чувствовала,1
привыкнет,1
завидовала,1
энергичной,1
работящей,1
посторонним,1
разбирать,1
дипломатическую,1
почту,1
сдержалась,1
тоске,1
обычная,1
сошла,1
дорогая,1
уедете,1
моя,1
проживу,1
жениться,1
поражена,1
улыбающаяся,1
человеку,1
заключен,1
заключенным,1
зажигая,1
огня,1
жалуясь,1
попудрились,1
покушать,1
мороженого,1
веселого,1
рыжего,1
парня,1
теплая,1
мокрая,1
зима,1
подходила,1
темным,1
окну,1
позавтракал,1
мыться,1
плакал,1
предстоял,1
обыкновеннейший,1
дойти,1
оглушительную,1
решилась,1
судьба,1
привалило,1
помыла,1
немытой,1
физиономией,1
спотыкаясь,1
разложенные,1
полу,1
таща,1
мамины,1
папины,1
париж,1
негорелое,1
польской,1
столбцы,1
полустанке,1
колосово,1
задержался,1
ходу,1
соскакивать,1
щеголеватых,1
шубках,1
серо-собачьими,1
воротниками,1
метров,1
замиранием,1
сердца,1
протирать,1
зимнего,1
деревянную,1
вышку,1
красноармеец,1
длинном,1
сторожевом,1
тулупе,1
шлеме,1
осветили,1
ствол,1
вышка,1
часового,1
заваливало,1
снегом,1
отряхивался,1
неподвижный,1
суровый,1
величественный,1
интернациональной,1
адмиральские,1
ступени,1
синенькие,1
м-ского,1
моря,1
умеем,1
хранить,1
военную,1
тайну,1
линкора,1
парижская,1
коммуна,1
расположились,1
бригады,1
крейсеров,1
эсминцы,1
стенки,1
вросло,1
бухта,1
задремала,1
усыпленная,1
октябрьским,1
теплом,1
частыми,1
звонками,1
склянок,1
свистом,1
боцманских,1
дудок,1
незаметное,1
становившееся,1
явственным,1
движение,1
подводная,1
лодка,1
скрытая,1
одноцветной,1
нею,1
массой,1
дредноута,1
направлялась,1
переговариваясь,1
учебный,1
выдвигаться,1
червона,1
украина,1
сверкания,1
последовательно,1
развернулись,1
подниматься,1
гидросамолеты,1
исчезнуть,1
уходящими,1
гору,1
вылетело,1
звено,1
прогремело,1
железными,1
балконами,1
ленинского,1
проспекта,1
приморским,1
бульваром,1
выключив,1
моторы,1
бортами,1
ялики,1
поднимаемые,1
волной,1
обшарпанный,1
забрав,1
подводной,1
совторгфлота,1
обильно,1
побежала,1
зеленоватая,1
пена,1
выехала,1
толстая,1
корма,1
украшениями,1
корме,1
напирая,1
теснились,1
взволнованные,1
отплытием,1
гудками,1
запахом,1
водорослей,1
провожающим,1
выделялся,1
пронзительный,1
корзинки,1
тесно,1
беспорядочно,1
закачались,1
арбузные,1
корки,1
обрывки,1
селедочные,1
скелетики,1
теплоход,1
спасательными,1
уличными,1
фонарями,1
трапов,1
тентами,1
шезлонгами,1
седым,1
капитаном,1
шевронами,1
рукавах,1
белого,1
бортовых,1
отверстий,1
теплохода,1
шумом,1
отработанной,1
ушла,1
открылись,1
зловещие,1
неподвижные,1
очертания,1
эскадрой,1
темном,1
переулке,1
пиджак,1
прихотливо,1
находилось,1
дивное,1
человеческое,1
кактус,1
поджидавшие,1
баркасы,1
катера,1
засмеялись,1
качестве,1
фрегат,1
ага,1
пустив,1
крутую,1
волну,1
подскочил,1
забрал,1
сел,1
кармана,1
торчал,1
кончик,1
наспех,1
засунутого,1
галстука,1
запеленутый,1
простыню,1
штатский,1
костюм,1
костюмчик,1
швальни,1
галстучек,1
хреновая,1
надевал,1
черноморского,1
заграничное,1
плавание,1
посетить,1
назначены,1
эскадренные,1
миноносцы,1
петровский,1
шаумян,1
подводных,1
ушли,1
рандеву,1
произойти,1
походе,1
находиться,1
красном,1
кормой,1
шевелящийся,1
пенистый,1
вал,1
скамьи,1
стиль,1
баркасе,1
привычные,1
трамвайные,1
поспешили,1
военно-морского,1
стиля,1
вошли,1
вкус,1
идешь,1
рейсовым,1
баркасом,1
набегался,1
раскалены,1
садишься,1
стоишь,1
капитан,1
гаттерас,1
сводя,1
взгляда,1
приближающихся,1
греческая,1
черна,1
тепла,1
толстые,1
остывает,1
нагретый,1
мрамор,1
подходили,1
дивясь,1
вблизи,1
размеры,1
втащили,1
палубе,1
козырек,1
кончили,1
краситься,1
кавказом,1
пустынный,1
освежающий,1
краснофлотец,1
крашено,1
протискиваться,1
орудийной,1
башней,1
каютой,1
радистов,1
иллюминатора,1
голова,1
радионаушниках,1
запачкаетесь,1
краска,1
железных,1
шкафа,1
выкрашенных,1
письменный,1
вешалка,1
разрисована,1
домовитая,1
верфи,1
решила,1
бесчувственному,1
металлу,1
добродушный,1
семейный,1
боевой,1
коленками,1
гремящие,1
тумбы,1
письменного,1
стола,1
синяках,1
ссадинах,1
шкафов,1
висела,1
кожаная,1
меху,1
придали,1
значения,1
испытывая,1
дипломаты,1
живейшего,1
удовлетворения,1
печальным,1
любопытством,1
необыкновенной,1
грустью,1
только-только,1
покрашена,1
заняли,1
ваше,1
поместился,1
повисит,1
неловкость,1
положения,1
смягчена,1
появлением,1
вестового,1
помощник,1
требуется,1
осмотрев,1
пятна,1
полоски,1
пожирать,1
дозах,1
потребных,1
автомобильному,1
мотору,1
каком-нибудь,1
подкрашивается,1
береговые,1
привыкшие,1
опираться,1
чему-нибудь,1
прислоняться,1
постоянно,1
кают-компанию,1
горючим,1
скрывать,1
облокачивались,1
поручни,1
плевали,1
окурки,1
головного,1
убора,1
окурков,1
снести,1
ветром,1
причине,1
плевать,1
облокачиваться,1
изящные,1
пассажирские,1
позы,1
головных,1
уборов,1
остального,1
косвенного,1
замечания,1
дарданеллах,1
закончился,1
процесс,1
воспитания,1
посещения,1
официальными,1
мысль,1
случаях,1
военном,1
отчетливо,1
представляем,1
охватывало,1
старшего,1
помощника,1
торжественного,1
иностранном,1
выстроена,1
адмиральский,1
катер,1
сидит,1
треугольной,1
золотых,1
эполетах,1
лентой,1
играет,1
голубое,1
синее,1
белое,1
старпом,1
подымает,1
начальствующий,1
высокой,1
видит,1
разноцветных,1
мягких,1
развеваются,1
разговаривают,1
размахивают,1
вырывают,1
бинокль,1
подъезжающего,1
адмирала,1
галстучно-пиджачная,1
невыносима,1
принять,1
решение,1
гостеприимство,1
борется,1
суровой,1
необходимостью,1
найдена,1
формула,1
местах,1
портить,1
кают-компания,1
наполнилась,1
вернувшимися,1
командирами,1
приготовления,1
парикмахер,1
открыл,1
пустил,1
принялся,1
стричь,1
брить,1
прыскать,1
одеколоном,1
взбудораженные,1
первым,1
возлегли,1
послышались,1
веселое,1
мурлыканье,1
глаза…,1
та-рам-та-ра-а-ра…,1
открытой,1
заслонив,1
севастопольские,1
чемоданом,1
вошедший,1
беззаботно,1
пропев,1
плени-и-ли,1
замолчал,1
притаились,1
мыши,1
ч-черт,1
изумленный,1
пришелец,1
схватил,1
выскочил,1
наружу,1
шепот,1
глаза-а…,1
диване,1
толстенький,1
очках,1
рисовать,1
плени-и-ли…,1
бежал,1
опоздал,1
приморском,1
бульваре,1
прыжок,1
артист,1
ленинградских,1
цирков,1
послезавтра,1
приказ,1
наркома,1
поднять,1
флаги,1
последняя,1
следующая,1
завидное,1
ощущение,1
проснуться,1
необыкновенное,1
бывало,1
верные,1
брюки,1
темно-фиолетовым,1
взошло,1
щурясь,1
предметы,1
отбрасывают,1
теней,1
утренней,1
свежести,1
брезентовых,1
вентиляционных,1
машинный,1
омывает,1
воздушный,1
вышколена,1
преданности,1
портовым,1
властям,1
всплеска,1
полной,1
тишине,1
бухту,1
веслах,1
рыбачий,1
парусник,1
повисшим,1
гротом,1
длится,1
недолго,1
меняются,1
фиолетовый,1
пожелтел,1
переменила,1
оттенка,1
задержалась,1
полдороге,1
голубому,1
выпустило,1
тончайший,1
луч,1
сиреневой,1
мгле,1
севастополя,1
крыше,1
зажглось,1
инкермана,1
потянулся,1
выпуклый,1
брошенный,1
пробежавшим,1
локомотивом,1
розовым,1
белым,1
быстрее,1
тумана,1
суда,1
городские,1
строения,1
обозначились,1
трибуна,1
малаховом,1
кургане,1
засверкали,1
стеклянные,1
перекрытия,1
круглого,1
циркового,1
севастопольской,1
панорамы,1
симфонический,1
финал,1
вступали,1
группы,1
отражающих,1
иллюминаторов,1
кораблях,1
осветилось,1
мир,1
превратился,1
сплошное,1
сверкание,1
ударили,1
тарелки,1
барабаны,1
оркестры,1
встречали,1
командующего,1
объезжал,1
назначенные,1
поход,1
простился,1
краснофлотцами,1
пожелал,1
счастливого,1
помчался,1
качнулись,1
трубы,1
верная,1
махнула,1
платком,1
снялись,1
якорей,1
бочек,1
севастополь,1
скрылся,1
перескакивая,1
бившие,1
шлангов,1
скребли,1
мыли,1
чист,1
голубь,1
выставив,1
палец,1
выпускать,1
расстегнутом,1
кителе,1
настольный,1
гнал,1
прохладный,1
косясь,1
волосатую,1
грудь,1
лист,1
засадил,1
командира,1
походного,1
выпуска,1
черноморец,1
нашел,1
рифму,1
срифмует,1
валяй,1
дурака,1
бессердечно,1
иллюминатор,1
вольная,1
румпель,1
шомпол,1
военкоры,1
брезентовой,1
рабочей,1
форме,1
закурили,1
смог,1
койке,1
выжимать,1
должна,1
утру,1
приходу,1
входим,1
соприкосновение,1
капиталистическим,1
миром,1
переход,1
личного,1
состава,1
объявили,1
соцсоревнование,1
подробности,1
семафору,1
машинном,1
отделении,1
механизмы,1
напишет,1
раскачивайтесь,1
фельетончик,1
подкинут,1
дружественному,1
турецкому,1
отозвался,1
дался,1
замени,1
строка,1
разнообразной,1
уносил,1
приспособлено,1
цели,1
подчинено,1
задаче,1
черноморском,1
каламбур,1
боевом,1
учении,1
трудной,1
ночной,1
стрельбы,1
выстроить,1
огорчить,1
стреляли,1
проникло,1
корабельного,1
кока,1
задача,1
главнейшей,1
задумываясь,1
удачный,1
слове,1
кок,1
сумел,1
объединить,1
общую,1
боевую,1
узкую,1
специальность,1
поддерживать,1
камбузе,1
затверживали,1
турецкие,1
итальянские,1
выпущенного,1
словарика,1
наиболее,1
употребляемых,1
зубрили,1
дайте,1
мерхаба,1
прощайте,1
смарладык,1
синдрофос—,1
аркадаш—,1
кампаньо,1
по-гречески,1
по-турецки,1
по-итальянски,1
своя,1
книга,1
русско-французские,1
разговоры,1
употребления,1
поставить,1
путника,1
дурацкое,1
двусмысленное,1
положение,1
взаправду,1
поразили,1
встретить,1
пополудни,1
вечерком,1
прибыли,1
трамвае,1
телеге,1
пароходом,1
омнибусом,1
лодке,1
кабриолете,1
велосипеде,1
осведомиться,1
вашем,1
дядюшке,1
замогильным,1
несчастлив,1
неужели,1
удивляет,1
обращая,1
кудахтанье,1
замогильно,1
отец,1
г-на,1
x,1
умер,1
возбуждение,1
приводит,1
жалость,1
неприятно,1
досадно,1
оскорбительно,1
жестоко,1
высшей,1
дыбом,1
громовым,1
басом,1
причинил,1
горя,1
лопочет,1
срам,1
стыдно,1
правдоподобнее,1
сообщает,1
очередную,1
мать,1
скончалась,1
потрясения,1
недовольства,1
заводит,1
частенько,1
заинтриговали,1
доставили,1
покорнейше,1
благодарен,1
восторге,1
значительной,1
етепени,1
удовлетворен,1
ликую,1
свидания,1
доброй,1
беспечно,1
чирикает,1
счастливо,1
позавтракали,1
соблаговолите,1
познакомиться,1
тремя,1
малолетними,1
сынами,1
удушье,1
значительно,1
оставляют,1
умираю,1
задыхаюсь,1
галдит,1
посмотрите,1
побледнели,1
сини,1
неосмотрительно,1
недостаточно,1
следите,1
здоровьем,1
обратитесь,1
врачу-специалисту,1
оживая,1
водолечение,1
сеанс,1
естественным,1
переходит,1
следующую,1
главу,1
стуком,1
домино,1
валиться,1
неба,1
летевшие,1
африку,1
усталые,1
птички,1
изнеможденные,1
падали,1
залетали,1
люки,1
садились,1
вахтенные,1
брали,1
наждачные,1
ладони,1
отогревали,1
карманах,1
пропахших,1
смолой,1
канатом,1
могучие,1
машинные,1
мерно,1
дрожали,1
внутри,1
диво,1
склепанной,1
корабельной,1
коробки,1
увлекая,1
неотступно,1
поднятым,1
кверху,1
рассеянно,1
засовывая,1
крошечную,1
птичку,1
тесный,1
боковой,1
карман,1
юмора,1
самокритикой,1
пропал,1
чистым,1
соединился,1
подводными,1
спящие,1
теплой,1
верилось,1
соленой,1
циклопические,1
круглые,1
старинных,1
крепостей,1
проливом,1
побежал,1
босфорский,1
турки,1
столпившись,1
борту,1
кораблям,1
светлыми,1
шляпами,1
парусной,1
шаланде,1
любопытствующий,1
рыбак,1
мягкой,1
голое,1
колено,1
уходили,1
живую,1
шевелящуюся,1
нежные,1
синеватые,1
рыбы,1
торпедного,1
тоненький,1
звоночек,1
матросы,1
колумба,1
раздались,1
оглушительные,1
лопающиеся,1
нации,1
окутался,1
дымом,1
полетели,1
обгоревшие,1
клочья,1
пыжей,1
выстрелами,1
проскакивали,1
такты,1
приподняв,1
котелок,1
мчался,1
катере,1
бросил,1
мраморного,1
дворца,1
дольма-бахче,1
малоазиатским,1
дымки,1
турецкой,1
батареи,1
погодя,1
донеслись,1
приглушенные,1
расстоянием,1
ответного,1
выстрелом,1
бледен,1
утомлен,1
типографии,1
нес,1
кипу,1
выпущенных,1
захватывал,1
половину,1
горизонта,1
перемешано,1
минареты,1
банки,1
купола,1
мачты,1
стиснутых,1
берегами,1
рога,1
хорош,1
тема,1
экзамен,1
политической,1
зрелости,1
приврал,1
опытные,1
редактора,1
типография,1
прогуливает,1
стыдливо,1
заглядывал,1
рисунки,1
клише,1
хреноватая,1
гравюру,1
линолеуме,1
хорошая,1
боже,1
многим,1
профсоюзным,1
органам,1
напечатана,1
полученные,1
освещена,1
короткая,1
ясная,1
фельетон,1
хреноватого,1
зарвался,1
перескромничал,1
стихотворения,1
невыполнимую,1
срифмовать,1
крейсеру,1
подплыл,1
частник,1
лодочке,1
плюшевым,1
сиденьем,1
бомбошками,1
подпускали,1
лез,1
старшина,1
отмахивался,1
медной,1
дудочкой,1
розовая,1
надежда,1
покидала,1
частника,1
плавал,1
обещая,1
неисчислимые,1
выгоды,1
показывая,1
жестами,1
громадную,1
скидку,1
способен,1
клиентам,1
готовясь,1
съехать,1
чистили,1
сдували,1
пылинки,1
рейде,1
дачной,1
мысом,1
покрытым,1
розовыми,1
домиками,1
находился,1
пирей,1
справа,1
виднелся,1
афинский,1
светило,1
африканский,1
поднятая,1
древняя,1
создавала,1
легкую,1
мглу,1
отвалил,1
рейсовый,1
регулярное,1
сообщение,1
приблизилась,1
деревянная,1
тонких,1
металлических,1
опорах,1
развернулся,1
закачавшись,1
волне,1
причалил,1
сигнальщик,1
загорелых,1
караульных,1
шапочках,1
темно-синих,1
шароварах,1
стянутых,1
щиколотки,1
дачный,1
устроено,1
дачные,1
сезоны,1
независимо,1
климата,1
кончаются,1
сентябре,1
сухой,1
жаркий,1
небо,1
нагретые,1
пустынной,1
желтой,1
дорожке,1
по-осеннему,1
волочилась,1
брошенная,1
скрестив,1
белом,1
пустые,1
мраморные,1
столики,1
стеной,1
штабелях,1
складные,1
стулья,1
календарю,1
никакое,1
вернуть,1
фалеронцы,1
допускали,1
исключение,1
типов,1
грязноватых,1
внимательно,1
высаживающихся,1
почтенные,1
господа,1
крутили,1
усы,1
пальцах,1
мутно,1
поблескивали,1
перстни,1
неестественно,1
бриллиантами,1
снял,1
поклонился,1
офицеры,1
конспиративно,1
оглянувшись,1
прошептал,1
пролетариат,1
стонет,1
игом,1
вздрогнули,1
смятении,1
двинулись,1
знакомого,1
сияло,1
нежностью,1
спускались,1
подземный,1
размахивал,1
дороже,1
сердцу,1
возвышенном,1
возвышенность,1
представляет,1
раскаленную,1
отвесную,1
скалу,1
желтые,1
обветренные,1
шероховатые,1
думалось,1
расположенная,1
километрах,1
эгинского,1
столицу,1
электрическом,1
классы,1
тобой,1
скамье,1
гречанка,1
черном,1
асфальтовое,1
проедет,1
заново,1
выкрашенный,1
английской,1
стандард,1
ойл,1
пройдут,1
ослики,1
нагруженные,1
плетенками,1
овощами,1
помчатся,1
каменные,1
огороды,1
кипарисы,1
пальмы,1
домики,1
конечной,1
площадью,1
омония,1
осматриваться,1
полицейский,1
нарукавниках,1
локтя,1
торжественно,1
управлял,1
оживленным,1
движением,1
киосках,1
торговали,1
соленым,1
миндалем,1
прозрачных,1
пакетиках,1
инжиром,1
мушмулой,1
лезвиями,1
неслыханно,1
дешево,1
глупыми,1
усами,1
ларьки,1
умудряются,1
торговать,1
бритвами,1
дешевле,1
обходятся,1
вскоре,1
секрет,1
афинской,1
торговли,1
раскрылся,1
настоящие,1
несчастью,1
бывшие,1
употреблении,1
меньшей,1
магазинные,1
присниться,1
алфавит,1
составлен,1
фита,1
вывесок,1
частники,1
убедиться,1
окне,1
эмигрантского,1
волга,1
тарелка,1
борщом,1
вывешено,1
малороссийский,1
битки,1
новороссийские,1
гимназическую,1
фиту,1
одесский,1
запах,1
каленых,1
орехов,1
каштанов,1
батумско-тифлисский,1
чистильщиков,1
обитыми,1
медью,1
чужой,1
теплый,1
мраморный,1
окруженный,1
розоватыми,1
холмами,1
нравятся,1
противоположного,1
тротуара,1
пробирался,1
грязноватой,1
заговорил,1
горячо,1
пожал,1
думайте,1
заработать,1
зовут,1
константин,1
паршивый,1
капиталистический,1
гнет,1
повести,1
капиталист,1
обанкротился,1
буржуй,1
объявил,1
распродажу,1
полюбуемся,1
разорение,1
растолкав,1
собравшихся,1
размахивавших,1
палками,1
ленты,1
неразрезанных,1
полюбовались,1
пожилого,1
грека,1
прилавком,1
стопочки,1
сорочек,1
галантерею,1
недоумении,1
буржуя,1
передушим,1
познакомлю,1
какие-нибудь,1
прокламации,1
подозревали,1
ахти,1
охранка,1
интеллидженс,1
сервис,1
простодушия,1
беззаботности,1
вскочили,1
попрощавшись,1
павлидисом,1
помахал,1
вдогонку,1
попался,1
кондуктор,1
трауре,1
озадаченные,1
присматриваться,1
прохожие,1
большей,1
носили,1
нарукавные,1
креповые,1
повязки,1
тротуаре,1
мраморными,1
нарды,1
резались,1
бросая,1
специальную,1
войлочную,1
подстилку,1
пили,1
чашечек,1
чистую,1
толстяком,1
отчаянным,1
кутилой,1
прожигателем,1
стопка,1
пива,1
лежала,1
блюдечке,1
закуска,1
маслина,1
воткнутой,1
съедают,1
маслину,1
последующих,1
четырех-пяти,1
пребывания,1
озабоченно,1
ковыряют,1
зубах,1
мало-помалу,1
деловых,1
носило,1
загадочное,1
умершим,1
носят,1
дальних,1
уважительная,1
причина,1
надеть,1
рукав,1
траурную,1
афинянин,1
переживает,1
горе,1
попросту,1
хиосе,1
умерла,1
троюродная,1
жены,1
брата,1
фамилию,1
забыть,1
миропа,1
сиони,1
калиопа,1
синаки,1
стадио,1
отдалившись,1
расстояние,1
сплошь,1
заставленной,1
ресторанными,1
площадях,1
бьют,1
фонтаны,1
сдаются,1
торгующее,1
население,1
афин,1
бросило,1
несложные,1
продаже,1
лезвий,1
уселось,1
кофейнях,1
свободных,1
президентским,1
дворцом,1
неизвестного,1
солдата,1
полосатыми,1
зонтами,1
карауле,1
евзона,1
парадных,1
гофрированных,1
юбках,1
оперных,1
трико,1
чувяках,1
громадными,1
помпонами,1
высечены,1
одержали,1
победы,1
список,1
кончался,1
одессой,1
херсоном,1
втягиваться,1
скучный,1
спор,1
местными,1
историографами,1
херсона,1
девятнадцатом,1
случайно,1
скромными,1
свидетелями,1
победоносных,1
операций,1
интервентов,1
специалисты,1
военного,1
дилетантский,1
регулярная,1
армия,1
отступала,1
галдежем,1
суетливостью,1
интервенты,1
лихорадочной,1
продавая,1
коренному,1
населению,1
обмотки,1
обозных,1
мулов,1
предлагали,1
пресыщенные,1
одесситы,1
отказывались,1
поговорить,1
интересную,1
историческую,1
палило,1
белокурые,1
евзоны,1
зонтов,1
явственно,1
присутствие,1
эфире,1
постороннего,1
размахивая,1
подбегал,1
любуетесь,1
наемников,1
задыхаясь,1
однообразный,1
столичная,1
прикрепить,1
способного,1
агента,1
выражался,1
положительный,1
персонаж,1
рапповской,1
пьесы,1
клеймил,1
капитал,1
суконных,1
выражениях,1
обличал,1
буржуазию,1
избавиться,1
настигал,1
президентский,1
дворец,1
шептал,1
дыша,1
затылок,1
взорвать,1
бомбочку,1
носки,1
продаются,1
товар,1
раздирает,1
капиталистическое,1
совместительству,1
комиссионером,1
галантерейно-трикотажной,1
фирмы,1
должности,1
неслыханным,1
усердием,1
исправлял,1
кончилось,1
махнули,1
советские,1
шагали,1
парами,1
группами,1
встречаясь,1
расходясь,1
поднимались,1
чуть-чуть,1
вразвалку,1
базарные,1
национальную,1
галерею,1
кучки,1
образовались,1
демонстраций,1
запевали,1
интернационал,1
акрополе,1
экскурсия,1
троцкистов,1
пытавшихся,1
ввернуть,1
лозунги,1
литвиновской,1
дипломатичностью,1
любовались,1
парфеноном,1
пропилеями,1
задержаться,1
начиналось,1
митинга,1
бегло,1
удалялись,1
толпа,1
расходилась,1
начинались,1
споры,1
пускались,1
кулаки,1
появлялась,1
отряда,1
синяя,1
краснофлотская,1
форменка,1
глазах,1
превращалась,1
увидя,1
шествий,1
отстававший,1
шаг,1
поспешил,1
произнести,1
красивую,1
напыщенную,1
убежал,1
подворотню,1
видимо,1
братьями,1
входила,1
пользуясь,1
счастливой,1
возможностью,1
кривую,1
грязную,1
фемистокла,1
промчались,1
посейдон,1
пантеон,1
меблированных,1
парфенон,1
слесарной,1
мастерской,1
марафон,1
усесться,1
придерживая,1
проскакал,1
пусто,1
бровями,1
подбородка,1
увешан,1
маленькими,1
мягкими,1
губками,1
старости,1
губку,1
самую,1
спрятать,1
баню,1
принял,1
изложили,1
помощи,1
кошмарной,1
смеси,1
итальянского,1
языков,1
инглиш,1
френч,1
итэльен,1
ответили,1
переспросил,1
совет,1
покраснел,1
вполголоса,1
повторил,1
ударением,1
обожающим,1
дешевое,1
превосходное,1
вино,1
приводил,1
столу,1
официантов,1
рассказывал,1
кучкой,1
поодаль,1
нарисовал,1
мраморе,1
серп,1
молот,1
расплачивались,1
сунул,1
записочку,1
боремся,1
союз,1
растрогались,1
уйдя,1
записку,1
храним,1
теплое,1
воспоминание,1
отравил,1
акрополю,1
опрятных,1
руин,1
фотограф-пушкарь,1
собрат,1
тверского,1
бульвара,1
смуглый,1
фанерную,1
камеру,1
пожилую,1
девушку,1
атрибутов,1
фотографу,1
полотняного,1
фона,1
намалеванными,1
балюстрадами,1
беседками,1
дирижаблем,1
требовалось,1
заменяли,1
кариатиды,1
эрехетейона,1
щербатым,1
плитам,1
нагретых,1
гигантских,1
ступенях,1
грустное,1
охватило,1
кусочке,1
начато,1
философия,1
архитектура,1
литература,1
сократ,1
задумчиво,1
гераклит,1
начиная,1
подумывать,1
меняется…,1
лезли,1
приятные,1
общеизвестные,1
разнежились,1
собрались,1
поделиться,1
соображениями,1
освещает,1
парфенонские,1
знакомый,1
разлагалась,1
древнегреческая,1
буржуазия,1
попы,1
жрецы,1
отравляли,1
сознание…,1
оглянулись,1
потном,1
лице,1
застыла,1
добродушная,1
полицейская,1
минуточку,1
кофточки,1
женам,1
дочерям…,1
бросились,1
делая,1
прыжки,1
пропилеев,1
подымая,1
мраморную,1
гнался,1
снялся,1
загремели,1
прощального,1
хорошим,1
провинциальные,1
нищеты,1
древнего,1
величия,1
революционной,1
страсти,1
скрылись,1
и.а,1
м.н,1
двигаюсь,1
похожа,1
качает,1
погоду,1
роскошным,1
пароходного,1
смысле,1
той,1
покинули,1
гавр,1
впечатления,1
морские,1
укачивает,1
отношусь,1
боязливым,1
вибрация,1
издает,1
звучат,1
полотенца,1
носовой,1
платок,1
предмет,1
удивляйся,1
изменился,1
вибрирую,1
сумасшедший,1
ансамбль,1
звуков,1
продирается,1
злобный,1
относиться,1
спокойно,1
везет,1
меняли,1
шипс-карты,1
туристскую,1
класс,1
пустовал,1
безобразно,1
обшитая,1
светлым,1
деревом,1
роскошный,1
широкие,1
деревянные,1
душ,1
уборная,1
явно,1
неблагополучно,1
модерн,1
усиливается,1
бездарностью,1
отхода,1
единственную,1
остановку,1
соутгемптоне,1
отправлять,1
где-то,1
налетел,1
мягкий,1
погрустнели,1
читают,1
трехсот,1
туристского,1
тридцати,1
ногах,1
утихло,1
душевная,1
опустошенность,1
грустят,1
наших,1
инженеров,1
радио-конструктором,1
шориным,1
легли,1
костьми,1
безумный,1
адмирал,1
нечувствительный,1
болезни,1
танцевальном,1
ужасную,1
кормят,1
вдохновения,1
разнообразно,1
превышающем,1
возможности,1
человеческого,1
желудка,1
меру,1
сплю,1
отдыхаю,1
беготни,1
праге,1
вене,1
сочинения,1
фойе,1
какого-нибудь,1
одесского,1
миниатюр,1
маркизы,1
нарисованные,1
удивления,1
чувств,1
вызывают…,1
печатном,1
списке,1
значусь,1
mrs,1
смешно,1
мастер,1
маршак,1
безлюден,1
заполняем,1
струпьями,1
анархист,1
дефективны,1
далее…,1
…о,1
заметно,1
черты,1
отвратительны,1
художников,1
москву…,1
продолжает,1
вибрировать,1
удивитесь,1
получите,1
написаны,1
отправлены,1
нью-йорка…,1
…хотел,1
пристали,1
гавани,1
формальности,1
навпечатлился,1
испытывал,1
гордости,1
подымаются,1
поселились,1
принц,1
добрых,1
прислуг,1
переехали,1
современный,1
шелтон,1
-ом,1
отчаянный,1
город…,1
никакие,1
виделись,1
издателями,1
издание,1
небольшие,1
пробудем,1
начнем,1
стране…,1
…мы,1
купили,1
пишущую,1
полпредство,1
просили,1
затуманилась,1
сможет,1
машинка,1
неожиданную,1
фактическую,1
справку,1
хождения,1
посидеть,1
седьмом,1
родео,1
состязания,1
езда,1
диких,1
быках,1
метания,1
лассо,1
пишущей,1
научился,1
излагать,1
впечатления…,1
неслышный,1
гроза,1
молнией,1
гремит,1
сверкает,1
почище,1
любой,1
бури,1
мучительный,1
заставляет,1
шелтоне,1
туалетное,1
возможного,1
стараюсь,1
записывать,1
вылетит,1
вспомнишь,1
выберу,1
свободный,1
напишу,1
машинке…,1
предполагал,1
спутник,1
приехавший,1
субтропических,1
растений,1
согласились,1
балтимору,1
осенний,1
катишься,1
карусели,1
кругом,1
спереди,1
катят,1
управляют,1
машинами,1
сорвались,1
сил…,1
парламентский,1
каждых,1
пешеходов,1
тротуарах,1
мостовой,1
вирджиния,1
патриархальном,1
американском,1
поместье,1
прошлого,1
века,1
идиллический,1
тихая,1
приглашено,1
необходимо…,1
критиков,1
критикесс,1
деятелей,1
деятельниц,1
относятся,1
бурлюк,1
пьяноватый,1
симпатичный,1
режиссер,1
королевы,1
кристины,1
кинофестивале,1
поведет,1
оперу,1
томился,1
порядок,1
лестницы,1
встречает,1
знакомят,1
приятное,1
залы,1
водку,1
пунш,1
пуншевать,1
понемногу,1
начинают,1
здороваемся,1
прощаемся,1
уйдут,1
квадратуру,1
круга,1
старомодный,1
покупает,1
кассе,1
передайте,1
вале,1
валентину,1
петровичу,1
катаеву,1
ред,1
покупал,1
началом,1
фиолетовых,1
косоворотках,1
исполняют,1
народные,1
гитарах,1
балалайке,1
подняли,1
занавес,1
окном,1
россию,1
снега,1
облить,1
керосином,1
сжечь,1
действующие,1
акта,1
снимая,1
публике,1
смеются,1
гениально,1
сборы,1
средние,1
вставлены,1
бродвейских,1
шуточек,1
автор,1
поморщился,1
приделан,1
философский,1
насколько,1
лайонс,1
маламут,1
переделывавшие,1
философами,1
антисоветского,1
шутки,1
философию,1
маламуту,1
помогают,1
неплохо…,1
…на,1
трем,1
дядям,1
бабушке,1
тетке,1
ездил,1
консулом,1
ярмарку,1
денбюри,1
часах,1
автомобильные,1
гонки,1
развлечение,1
балаганы,1
выставку,1
лекарств,1
генри,1
цирка,1
бурлеске,1
ревю,1
вульгарно,1
фантастически,1
интересно…,1
…дела,1
складываются,1
покуда,1
полторы-две,1
зависит,1
штаты…,1
подержанная,1
банановой,1
путешествия…,1
скалистая,1
усадьба,1
свежий,1
тише,1
созвал,1
получилось,1
консульского,1
выношу,1
приеме,1
консула,1
пятнадцатилетняя,1
заявила,1
читать,1
плохим,1
концом,1
стюарт,1
чейз,1
известный,1
экономист,1
говорил…,1
занимаюсь,1
получаются,1
хорошие…,1
коннектикут,1
дяде,1
волосами,1
походкой,1
манерами,1
застенчивый,1
смело,1
машиной,1
заваленный,1
осенними,1
листьями,1
щиколотку,1
квартиры,1
этаж,1
домика,1
завтракал,1
еврейское,1
квашеный,1
арбуз,1
сестры,1
имени,1
сообща,1
продажей,1
плимут,1
эссекс,1
фотографиям,1
знаком,1
марком,1
знаменитым,1
писателем,1
гартфорде,1
библиотека,1
висят,1
оригиналы,1
принцу,1
нищему,1
познакомился,1
разносчиком,1
дворам,1
помнит,1
бичер-стоу,1
саду,1
заинтересовался,1
дядей,1
носил,1
юморист,1
расспрашивал,1
дядю,1
заходить,1
проходить,1
товарами,1
любили,1
памятника,1
всяких,1
монументов,1
много…,1
…все,1
некогда,1
бегут,1
бегу,1
размеренно,1
апельсины,1
натощак,1
съедаю,1
апельсин,1
выпиваю,1
апельсинового,1
особенность,1
выпивают,1
томатного,1
дошел,1
банановый,1
лимоно-апельсин,1
здоровую,1
санаторную,1
пищу,1
овощей,1
фруктов,1
захирели,1
порядочно,1
свидание,1
издателя,1
издательстве,1
поговорив,1
составляет,1
ставит,1
действует,1
ловко,1
издавал,1
баре,1
фотографировал,1
представь,1
фотограф,1
напечатал,1
отпечатки,1
начать,1
послать,1
варшавы,1
парижа,1
снимаю,1
снимать,1
полюбил,1
полюбить,1
бедный,1
громадно,1
устрицы,1
котлеты…,1
…что,1
хемингуэя,1
прочный,1
здоровый,1
мужчина,1
спрашивал,1
спрашивает,1
кашкин,1
переводил,1
смерть,1
полудня,1
фланелевых,1
штанах,1
сходилась,1
могучей,1
домашних,1
чоботах,1
босу,1
ногу,1
привлекательный,1
мужской,1
приглашал,1
флориды,1
обещаем,1
успеем,1
задерживает,1
пасос,1
увидим,1
мечту,1
нью-йоркского,1
приказчика,1
двухлетнего,1
сошедшего,1
посреди,1
низенькой,1
девки,1
полуголые,1
четверти,1
десятых…,1
девушек,1
тупые,1
жестокие,1
жалкие,1
полон,1
сторожила,1
бритая,1
собака,1
обещание,1
ю-бенги-клаб,1
половые,1
столиком,1
робсон,1
певец,1
помните,1
зайдет,1
литературный,1
немецкое,1
угощение,1
вторникам,1
шуточного,1
завтрака,1
издатели,1
феррар,1
рейнгардт,1
требовали,1
завтраке,1
смешные,1
речи,1
оратор,1
отпал,1
решительного,1
обычного,1
отказа,1
сочинили,1
комическую,1
перевели,1
мужественно,1
круглыми,1
столами,1
амбассадор,1
сидело,1
застесняться,1
встречена,1
дружелюбно,1
актер,1
мэдисон,1
театр-цирк,1
митинги,1
прочее,1
состязаниях,1
выгодно…,1
сдает,1
защитникам,1
бруно,1
гауптмана,1
лнндберга,1
сдал,1
четырем,1
навесили,1
шею,1
гипсовые,1
промежутке,1
речами,1
медалями,1
награжденный,1
медалью,1
платил,1
могикан,1
помещаются,1
дженерал,1
электрик,1
передовой,1
выдумали,1
эдисон,1
ученые,1
десятом,1
безумие,1
федеральной,1
надвигаются,1
остановиться,1
замедлить,1
хочется…,1
остановки,1
двигались,1
отчаянной,1
длины,1
грузовики,1
обычной,1
горячая,1
погуляли,1
налетели,1
русского,1
заспорили,1
хорошем,1
русском,1
чернорабочий,1
культурные,1
чудеса,1
интересней,1
загроможден,1
девяносто,1
зависят,1
наложил,1
отпечаток,1
индейская,1
могаук,1
обгоняли,1
обогнали,1
закрытый,1
везли,1
лошадью,1
унижением,1
грузовике…,1
приобрели,1
рассрочку,1
отдадим,1
выгодно,1
иметь,1
имеются,1
обстоятельства,1
прекрасная,1
репутация,1
попало,1
журналы,1
впопыхах,1
напортить,1
прояснится,1
здешних,1
журналов,1
денежные,1
удовлетворительны,1
поедет,1
знающий,1
уговорили,1
порги,1
бесс,1
опера,1
негритянской,1
спектакль,1
негритянского,1
мистицизма,1
страхов,1
доброты,1
доверчивости,1
испытал,1
армянин,1
еврей,1
гершвин,1
судейкин,1
американского,1
концерте,1
смотришь,1
забываешь,1
труппе,1
заговорила,1
революции,1
выступала,1
губерния,1
откуда-то,1
смеялась…,1
жалел,1
выставке,1
живописей,1
почтальон,1
ярко-синем,1
мундире,1
актера,1
автопортрет,1
бородой,1
крестьяне,1
картофель,1
пейзажи,1
букет,1
небом,1
колоссальными,1
звездами,1
читали,1
мечтали,1
посмотреть…,1
подобрано,1
характеристики,1
сезаннов,1
гогена,1
ван-гог,1
изображен,1
пишущим,1
подсолнухи,1
дега,1
позволить,1
открыта,1
манэ,1
сорок,1
галереях,1
неслыханные,1
богатства,1
музыкальной,1
зиму,1
стоковского,1
клемперера,1
итальянских,1
певцов,1
театральный,1
деятель,1
тюрьму,1
синг-синг,1
ужасное,1
синг-синга,1
окончили,1
мраморным,1
полом,1
дивана,1
свидетелей,1
имеется,1
производят,1
вскрытие,1
потолка,1
навалены,1
гроба,1
дверью,1
распределительный,1
щит,1
включают,1
рубильник,1
включает,1
ток,1
полтораста,1
каждое,1
включение,1
остальном,1
культурная,1
высоким,1
уровнем,1
построенного,1
султанско-константинопольская,1
темница,1
тюрьмы,1
обещал,1
поместит,1
корпусе,1
боксе,1
медисон,1
сражался,1
карнера,1
немцем,1
избил,1
ужасающим,1
ревели,1
галдели,1
шумные,1
крикливые,1
забот,1
шваркают,1
держит,1
весом,1
фунта,1
шваркнет,1
уезжаем…,1
…у,1
парад,1
выехал,1
трехстах,1
замечательным,1
дорогам,1
завтракали,1
придорожном,1
отдельных,1
чистенькие,1
скучно,1
уровень,1
ночую,1
сдают,1
проезжающим,1
втором,1
шкаф-радио,1
оставили,1
одесс,1
неразборчиво,1
раскладывать,1
-го…,1
четырнадцать,1
форде,1
красивого,1
серого,1
цвет,1
пушечного,1
металла,1
трона,1
уверенно,1
умолку,1
рассказывает,1
хорошо…,1
описывать,1
стану,1
водопада,1
получу,1
восемнадцатого,1
покатим,1
ночлег,1
частном,1
стейт-стрит,1
штата,1
мейн-стрит,1
каждом,1
фонтан,1
ангелом,1
цветными,1
солдату,1
гражданской,1
протестантская,1
разнообразные,1
батавию,1
варшаву,1
каледонию,1
опрятные,1
помпеями,1
варшавой,1
разницы,1
никакой…,1
грешником,1
пламя,1
догоревшей,1
любви,1
флирт,1
женатых,1
позавтракать,1
книгу,1
поужинать,1
мелочь,1
одежды,1
бары,1
запиханы,1
аптека,1
поджаренный,1
апельсиновый,1
доктор…,1
…опять,1
женева,1
пенсильвения,1
краков,1
толедо,1
читается,1
задерживаясь,1
проехать,1
мешают,1
запружены,1
пробирались,1
детройте,1
дальше…,1
ливень,1
опрятном,1
домике,1
холодной,1
горячей,1
радиошкафом,1
картинками,1
стенах,1
тощей,1
подушкой,1
спят,1
подушках,1
плоских,1
ведет,1
выглядит,1
роскошно,1
электрическая,1
зажигалка,1
вытянуть,1
утомляет,1
дождя,1
километры,1
километров…,1
дирборн,1
форда,1
дирборне,1
заводов,1
соренсена,1
фордом,1
создали,1
современную,1
промышленность,1
музее,1
свалка,1
музей,1
экспонаты,1
расставляться,1
паровые,1
паровозы,1
вагоны,1
пишущие,1
машинки,1
лаборатории,1
перенесенной,1
единственный,1
оставшийся,1
сотрудник,1
первом,1
фонографе,1
оловянную,1
обо,1
напишу…,1
пасмурно,1
дирборнские,1
чикагские,1
виды,1
чернее,1
мглы,1
видение,1
металлургического,1
гэри,1
душе,1
пустынно,1
чувствительная,1
въезд,1
великолепен,1
сплошного,1
бриллиантового,1
отелями,1
банками,1
трущобы,1
испугать,1
итальянца…,1
двайт,1
поужинал,1
домах,1
откровенный,1
великолепный,1
фронт,1
горизонт,1
ими,1
здании,1
выставлен,1
кукольный,1
киноактрисе,1
фигуральных,1
мостовые,1
пустыри,1
отвратительные,1
дощатые,1
переломанный,1
кирпич,1
обломки,1
железа,1
мусор,1
всякий,1
серый,1
грязные,1
ржавая,1
жесть,1
расколотые,1
унитазы,1
надземная,1
закрывает,1
омраченной,1
душой,1
поверить,1
каменная,1
нищета,1
отойти,1
квартал,1
веришь,1
грандиозный,1
бульвар,1
студенческий,1
бал,1
объявления,1
независимости,1
филиппин,1
чикагского,1
филиппинцы,1
филилпинки,1
индуса,1
черноватыми,1
чалмах,1
смокингах,1
конрада,1
вейдта,1
индийской,1
гробницы,1
отрывочно,1
вылетает,1
дальнейший,1
канзас,1
верный,1
жрет,1
немного…,1
москвы…,1
фонари,1
редко,1
переменилась…,1
заряжать,1
кассеты,1
ложиться,1
второпях,1
оклахому,1
соед,1
останавливались,1
попавшееся,1
согреться,1
послушал,1
заорал,1
живешь,1
бессарабии,1
математическом,1
думай,1
рассказываю,1
порядку,1
собраться,1
могу…,1
миссури,1
безработных,1
получающих,1
пособие,1
сити-холл,1
ратуша,1
завтракают,1
знаете…,1
переночую,1
оклахома-сити,1
задержусь,1
суток,1
грэнд,1
кэньон,1
дикую,1
природу,1
гидростанцию,1
строится,1
с.-франциско,1
оклахоме,1
средний,1
запад,1
пшеница,1
элеваторы,1
фермеры,1
старинные,1
трогательные,1
форды,1
целыми,1
семьями,1
ведрами,1
деревянными,1
лестницами,1
еврейским,1
скарбом,1
стада,1
коровок,1
изменилась,1
ганнибала,1
сойеру,1
гекльберри,1
финну,1
бекки,1
тачер,1
мемориальная,1
доска,1
чем-то,1
склоны,1
подъемы,1
обрывы,1
тома,1
сойера,1
паршивые,1
героям,1
заодно,1
обойдется,1
безобразных,1
памятников,1
модель…,1
амарилло,1
длиннее,1
дни…,1
встаем,1
бреюсь,1
восьмого,1
вчетвером,1
кондитерской,1
газолин,1
уставлена,1
газолиновыми,1
станциями,1
организовано,1
лучшего,1
желать,1
едете,1
хлопковых,1
плантаций,1
разнятся,1
семи,1
проезжаем,1
бетонные,1
пыли,1
грязи,1
отъехал,1
оклахомой,1
окруженной,1
нефтяными,1
вышками,1
шакалов,1
газолиновые,1
лагери,1
нефтяные,1
вышки,1
нефть,1
нашли,1
сосут,1
аризону,1
здоровенные,1
деревенские,1
лошадках…,1
засыпаю…,1
галлоп,1
…санта-фе,1
мексиканским,1
кирпичных,1
домиков,1
глинобитные,1
жители,1
ковбойских,1
каблучках,1
всерьез,1
индейскую,1
хорошими,1
индейских,1
жилищ,1
завернувшись,1
одеяла,1
губернатор,1
разрешением,1
индеец,1
приступочке,1
выбеленной,1
глиняный,1
камин,1
пылало,1
болен,1
бледнолицые,1
пошляться,1
индейцев,1
возражает,1
снегу,1
представлял,1
красивы,1
замечательные,1
альбукерк,1
какого,1
обедали,1
назывался,1
испанец,1
швейцарец,1
слышала,1
увидеться,1
немолодая,1
нервная,1
художника,1
фешина,1
казани,1
фешиным,1
развелась,1
развелся,1
переехала,1
деревушку,1
мексиканцы,1
испания,1
жадно,1
дала,1
деревня,1
рио-чикито,1
стейтс,1
погода,1
дряннее,1
скалистые,1
перевалили,1
высоте,1
галлопе,1
звезды…,1
фриско,1
поселился,1
консулы,1
простой,1
приятный,1
национальный,1
секвойя-парк,1
природе,1
кэньоны,1
сиерра-невада,1
четырехтысячелетние,1
деревья,1
секвойя,1
секвойи,1
имеют,1
имена,1
генерал,1
шерман,1
сентинел,1
часовой,1
страж»…,1
пачками,1
быстроходные,1
пароходы,1
сдается,1
быстрые,1
роади,1
туман,1
резких,1
очертаний,1
мягко,1
неопределенно…,1
…ко,1
многому,1
незаметный,1
великой,1
живо,1
представил,1
полосы,1
тянутся,1
материк,1
нагоняет,1
поросшие,1
пыльными,1
букетиками,1
синие,1
пемзовые,1
замечательную,1
требуя,1
похвал,1
скромные,1
линкольнвэй,1
крошечный,1
невозможно…,1
…утром,1
кармел,1
альберту,1
вильямсу,1
бывавший,1
поджидала,1
чувашское,1
семилетний,1
завязывал,1
шнурки,1
ботинках,1
детина,1
седоватый,1
выносит,1
богатой,1
семьи,1
красивей,1
писателю,1
линкольну,1
стеффенсу,1
чудном,1
садом,1
больное,1
встает,1
сводится,1
фразе,1
честным,1
понимать,1
взяточником,1
надежды,1
умрет,1
советском,1
шорту,1
шорт,1
юрист,1
четверо,1
гостеприимства,1
статью,1
теленке,1
камине,1
пылали,1
бревна,1
препирались,1
искусстве,1
художником…,1
покончив,1
сложной,1
ситуацией,1
архитектора,1
грина,1
построен,1
испанских,1
миссий,1
стенами,1
некрасивые,1
обедневших,1
миллионеров,1
занимающиеся,1
изготовлением,1
дамских,1
сумочек,1
тошнотворно,1
интеллигентном,1
робкие,1
бывший,1
шарки,1
заработавший,1
миллионы,1
какими-то,1
делами,1
имеющими,1
боксу,1
отношения,1
наврал,1
пири,1
полюсе,1
линдберга,1
повез,1
расположен,1
прибой,1
влезает,1
окна…,1
спали,1
боксировать,1
ямайский,1
ром,1
счастлив,1
убежала,1
дворником,1
шьет,1
различные,1
странных,1
сочетаниях,1
вильямса,1
стеффенса,1
распрощались,1
двенадцатый,1
…ровно,1
миль…,1
…голливуд,1
обратного,1
ближе,1
атлантическому,1
проедем,1
возвратимся,1
заключается,1
торгующая,1
бананами,1
фрут,1
перевозит,1
собственных,1
пароходах,1
штук,1
называются,1
сболтнул,1
отнимет,1
разучился,1
рассчитываю,1
удастся,1
совершается,1
приближается,1
суматоха,1
главной,1
искусственные,1
каждой,1
встреч,1
приемы,1
встречи,1
молокан,1
чаепитие,1
баб,1
выезжали,1
удивительный,1
духовные,1
громче,1
христос,1
указал,1
молоканами,1
молоканин,1
боксерами,1
синг-синге,1
пиквик,1
смешно…,1
сенсация,1
вахтанговском,1
доносчик,1
удивительная,1
третью,1
мерзавец,1
расскажешь,1
стивенсону,1
толстовское,1
воскресенье,1
сделан,1
одессе,1
сухо,1
студиях,1
съемки,1
актеров,1
неинтересных,1
известных…,1
предложения,1
майльстона,1
сценария,1
видоизмененную,1
действие,1
замке,1
франции,1
перевез,1
родной,1
режиссеров,1
западном,1
фронте,1
перемен,1
сценарий…,1
ослепительный,1
летние,1
-ое,1
сидишь,1
открыты,1
теплота,1
летнего,1
написали,1
страницах,1
майльстону,1
добавлений,1
поездок,1
окрестностям,1
встретимся,1
томились,1
заслали,1
мексику,1
остановок,1
попадем,1
нью-йорк…,1
…написать,1
именно,1
сегодняшний,1
н,1
замужем,1
актером,1
тамировым,1
тамиров,1
снимается,1
студии,1
ролях,1
мексиканцев,1
испанцев,1
венгерцев,1
иностранные,1
иностранцев,1
экране,1
естествен,1
засиделся,1
уйти,1
потащился,1
голливуд-бульвар,1
итальянский,1
муссо,1
франк,1
томатный,1
сардинки,1
макароны,1
отдохнуть,1
кухни,1
дыни,1
вкуса,1
убей,1
подается,1
сладким,1
представитель,1
амкино…,1
…пассадена,1
тринадцати,1
отдельным,1
лос-анжелоса,1
сливается,1
разобраться,1
кончается,1
предместий,1
некоему,1
доктору,1
стадиона,1
стадионе,1
бейсбол,1
игра,1
кончалась,1
несвежем,1
фланелевом,1
дико,1
суковатой,1
палкой,1
кого-то,1
эптон,1
выставил,1
кандидатуру,1
губернаторы,1
собрал,1
девятьсот,1
голосов,1
противник,1
создателем,1
течения,1
покончим,1
нищетой,1
обрадовался,1
твердил,1
смеялся,1
читая,1
около,1
воскресенья,1
вкусный,1
похожий,1
столом,1
дочь,1
москве…,1
освещенным,1
невыносимо,1
скучным,1
забежал,1
придет,1
недалеко,1
собак,1
птиц,1
обезьян,1
обезьяна,1
воспитывает,1
крошечной,1
смотрит,1
трогательно,1
похоже,1
…устал,1
накарлякал,1
заболели,1
голливудского,1
голдвина,1
рассказывают,1
лепят,1
бюст»…,1
бенсон,1
…остановился,1
путеводителю,1
станций,1
проезжающих,1
автомобилях,1
продуктовый,1
готовое,1
нарезан,1
суп,1
сварен,1
сухарики,1
супу,1
завернуты,1
сходить,1
сходят,1
ест,1
ветчину,1
яйцами,1
помогает,1
хозяйничать,1
ходит,1
достоинства,1
котам,1
курам,1
галкам,1
обитатели,1
сердятся,1
выйдя,1
сложное,1
поля,1
сводил,1
молились,1
обнимались,1
третьи,1
нянчили,1
горделивом,1
спокойствии,1
кактусы,1
индейские,1
племена,1
племя,1
другому,1
смешиваются,1
растут,1
снимков,1
пожаловаться,1
увиделись,1
чаплиным,1
история,1
невезения,1
чаплин,1
картине,1
нынешние,1
времена,1
благозвучно,1
смыслу,1
подступиться,1
занялись,1
перестали,1
суматохе,1
свидании,1
освободились,1
подошло,1
энергичным,1
утешает,1
чаплинская,1
шестнадцатого,1
увижу,1
пожалуй,1
главнее,1
калифорнийский,1
разбаловал,1
морозов,1
холодов,1
дождей,1
инея,1
прохлады,1
пробуждение,1
наступает,1
сибирь,1
захода,1
географическая,1
выразиться,1
видна,1
обращать,1
рощи,1
знаменитой,1
долины,1
салатов,1
дынь,1
импириэл,1
валли,1
мима,1
нефтяных,1
вышек,1
заходило,1
помятое,1
комичное,1
потерявшее,1
достоинство,1
светила,1
заходах,1
особенный,1
заход,1
сан-антолио,1
расписание,1
соблюдается…,1
…техас,1
по-испански,1
отправил,1
мексики,1
примыкает,1
вплотную,1
приходить,1
государство,1
воспринимается,1
трюк,1
неимоверной,1
величине,1
одеваются,1
раскрашенные,1
следует,1
никакой,1
рио-гранде,1
непохожий,1
пахнет,1
жареной,1
чесноком,1
босяковатые,1
смуглые,1
гитарами,1
калеки,1
просят,1
милостыню,1
микроскопических,1
чистки,1
ботинок,1
молдаванку,1
остерегаясь,1
национальные,1
жжет,1
пожарной,1
каски,1
опасно,1
вообще-то,1
боя,1
остались,1
скажу,1
невыносимое,1
грубо,1
построенный,1
круглый,1
цирк,1
крыши,1
народное,1
характеру,1
здание,1
цементных,1
сиденьях,1
боялись,1
продавали,1
матрацные,1
подушечки,1
играл,1
одетых,1
штаны,1
лампасами,1
девушки-торреро,1
убивали,1
торреадорша,1
колола,1
выбилась,1
зарезали,1
кинжалом,1
девушка-торреро,1
досады,1
стыда,1
…с,1
другими,1
быками,1
подлое,1
издевательство,1
четвертым,1
шуточный,1
матадор,1
дурацкие,1
цирковые,1
клоунские,1
унизительнее,1
страшнее,1
спорта,1
бороться,1
хлев,1
мучить,1
разозлился…,1
прочим,1
канаде,1
побоялись,1
виза,1
потеряет,1
силу,1
покинем,1
разузнали,1
случится,1
посмотрели,1
границы,1
испанской,1
тропе,1
тропы,1
федеральная,1
экзотики,1
удобная,1
охотники,1
передке,1
убитых,1
оленей,1
год,1
населения,1
грохочут,1
хлопушки,1
полночи,1
карлсбадские,1
пещеры,1
плоской,1
скучной,1
пустыней,1
унылого,1
лифта,1
свезли,1
сталактитовым,1
пещерам,1
необычно,1
грандиозные,1
сказать…,1
конца…,1
совести,1
таоса,1
невероятная,1
гулял,1
настоящий,1
луизиане,1
мягкая,1
старое,1
пушистое,1
вырасти,1
литературной,1
текут,1
мелкие,1
речки,1
качаются,1
берегах,1
построенные,1
щепочек,1
старомодное,1
поломанное,1
старинное,1
высокими,1
шляпки,1
пожилых,1
негритянок,1
возраста,1
старое-престарое…,1
дойдет,1
отправлю,1
почтой,1
острова,1
соблазнительно,1
…надеюсь,1
крайнем,1
…очень,1
лопало,1
принимает,1
журналистов,1
отвык,1
понятие,1
вавилона,1
разонравился…,1
…за,1
отправляться,1
бежать,1
кафетерии,1
гостиницей,1
номере,1
тон,1
желтовского,1
пятая,1
билдинг,1
бормочу,1
вслушаться,1
ах,1
вслушиваться,1
противно,1
пустых,1
комнатах,1
ровный,1
недостоверным,1
свежо,1
высокие,1
открыткой,1
лондонский,1
удобном,1
старом,1
установили…,1
е.п,1
в.л,1
катаевой,1
…сижу,1
всего-навсего,1
shelton,1
hotel,1
феерическую,1
ночного,1
номера,1
центр,1
самыми,1
знаменитыми,1
двумя,1
мостами,1
подо,1
грохотом,1
проезжают,1
надземной,1
элевейтор,1
трамваи,1
шумная,1
собвея,1
догадываешься,1
проходишь,1
пар,1
вырывающийся,1
вентиляции,1
фешенебельном,1
парк-авеню,1
рейдио-сити,1
импайром,1
центральным,1
вокзалом,1
признаков,1
паровозов,1
семафоров,1
стрелочников,1
малюсенький,1
сорокаэтажный,1
ж.-д,1
издатель,1
некоторыми,1
писателями,1
представителями,1
прессы,1
гарвардского,1
деловую,1
приезде,1
огромной,1
таможенных,1
сравнению,1
сооружением,1
проверяли,1
попытки,1
отвезти,1
слез,1
вернее,1
светло,1
изумительно,1
освещен,1
рекламами,1
побродили,1
бродвею,1
подивились,1
сумасшедшую,1
беготню,1
кружение,1
теснящих,1
солнц,1
пяти,1
плавно,1
уходит,1
покачиваться,1
разумеется,1
болезненно,1
ощущал,1
гниль,1
парижского,1
впервые,1
испытываю,1
закоренелого,1
питсбург,1
две…,1
точный,1
план,1
канады,1
соленое,1
холливудом,1
территории,1
колоссальное,1
пятнадцати,1
возвращаемся,1
января…,1
двенадцать-четырнадцать,1
банановом,1
полагать,1
задержимся,1
все…,1
…десять,1
фордик,1
доставил,1
водворились,1
сознаться,1
занимаем,1
лучший,1
гаражом,1
сутки,1
печальный,1
факт,1
четвертом,1
чудным,1
стенку,1
небоскреба,1
вытянуться,1
достать,1
по-нью-йоркски,1
движемся,1
западу,1
выигрываем,1
тысячу,1
шестьсот,1
ночи…,1
сильный,1
стороной,1
дешевая,1
взглянешь,1
карту,1
увидишь,1
величиною,1
азовское,1
широчайшей,1
широчайших,1
бетонных,1
слепя,1
несутся,1
прохожих,1
типично,1
набережная,1
утыкана,1
буквально,1
ужасные,1
темные,1
предстают,1
глазам,1
надоела,1
добросовестное,1
умеренное,1
чистое,1
редкость,1
безвкусное,1
питаются,1
коровы,1
приготовляют,1
особое,1
пойло,1
благотворно,1
влияет,1
удой…,1
неисследованную,1
точку,1
земного,1
шара,1
вашего,1
брата-киноактрис,1
хочешь,1
сниматься,1
предел,1
мечтаний,1
брата-писателя,1
одноэтажный,1
кафе-шопами,1
аптеками,1
вплоть,1
замечательными,1
широкими,1
двуспальная,1
гладкими,1
танцевальная,1
дорогами,1
малых,1
приближения,1
рождества,1
украшены,1
искусственными,1
елками,1
надетыми,1
фонарные,1
усыпаны,1
лампочками,1
выходил,1
холливудской,1
асфальт,1
залитый,1
стекла,1
кирпично-красный,1
трамвая…,1
фактически,1
крайняя,1
точка,1
двигаться,1
настала,1
вторая,1
кончу,1
почту…,1
звонят,1
редакции,1
икру,1
семгу,1
обыкновенные,1
рубленые,1
сойти,1
щи,1
сметаной,1
беф-строганов,1
размечтался,1
холливуде,1
советски,1
настроенный,1
кинорежиссер,1
сюжету,1
рассказали,1
тяжелая,1
увеличить,1
сроков,1
звери…,1
окончании,1
намеченному,1
маршруту,1
пришлет,1
принят,1
принят…,1
обольщаем,1
надеждами,1
сатирическая,1
холливудские,1
зубры,1
испугаться,1
зверская,1
цензура,1
церковная,1
политическая,1
крупные,1
заработки,1
жалуются,1
вздохнуть,1
боятся,1
любую,1
оказаться,1
упадке,1
сотен,1
неслыханной,1
дряни,1
пошлятины,1
устраивают,1
частные,1
просмотры,1
показывают,1
лет…,1
…работаем,1
кончить,1
десятидневного,1
срока,1
опротивел,1
бесповоротно,1
опротиветь,1
чистенький,1
устойчивых,1
земном,1
шаре,1
климатов,1
неясно,1
неживое,1
резкое,1
резкие,1
обилие,1
придающих,1
городам,1
декоративность,1
полное,1
отсутствие,1
архитектуры,1
колонок,1
сбивающая,1
вонь,1
бензинового,1
перегара,1
ежедневно,1
головные,1
кинофильмы,1
немыслимо,1
невиданная,1
дождусь,1
отъезда,1
попутчиками,1
остановками,1
сан-антонно,1
открывается,1
сессия,1
конгресса,1
попасть…,1
отдых,1
мексикой,1
пообедали,1
отличающемуся,1
нормальных,1
оживлением,1
выяснилась,1
привлекательная,1
проложенный,1
речку,1
речка,1
граница,1
речкой,1
мексике,1
грязно,1
живописно,1
полно,1
праздного,1
этакие,1
бачками,1
широкополых,1
лимонными,1
торгуют,1
семечками,1
орешками,1
чистят,1
желающим,1
проч,1
баров,1
кабаре,1
сохранилось,1
сухого,1
закона,1
выпить,1
алкогольное,1
значение,1
великого,1
исчезло,1
достопримечательностей,1
рекомендуемых,1
населением,1
рынок,1
позавтракаем,1
тореадорши,1
убьют,1
…завтра,1
изменим,1
посмотри,1
карте,1
визу,1
переедем,1
пароме,1
гаванну,1
куба,1
покатаемся,1
пароходное,1
отпадает,1
европу…,1
пенсакола,1
…расстояние,1
уменьшаетcя,1
нью-орлеана,1
свыше,1
двухсот,1
застал,1
мокрой,1
рекомендуется,1
ненсакола,1
мексиканского,1
твоему,1
сведению,1
сегодняшнего,1
луизиана,1
заливу,1
барашки,1
замечательных,1
сооружений,1
борьбе,1
мостов,1
дамб,1
набережных,1
переезд,1
полтинник,1
вздохнули,1
заплатили,1
расходов,1
экономична,1
минимум,1
масла,1
бодрой,1
монашеской,1
позволяя,1
роскошей,1
излишеств,1
кроватях,1
тупо,1
поражаемся,1
сократить,1
вспоминаем,1
советы,1
докторов,1
голодом,1
сожалеем,1
изобрели,1
способа,1
гостиницу,1
пора,1
любопытство,1
истощилось,1
нервы,1
притупились,1
набит,1
впечатлениями,1
чихнуть,1
выскочило,1
уборные,1
отделения,1
трамваях,1
паршиво,1
известно,1
большего,1
путешественник,1
райское,1
бесплатное,1
беспрерывной,1
двухмесячной,1
ямайку—,1
уголков,1
земле,1
колеблемся,1
последними,1
дураками,1
решить,1
ум,1
нащокинский,1
кривой,1
переулок,1
решим,1
стремительностью,1
мчимся,1
небезызвестный,1
оставляем,1
краси…,1
уголко…,1
попутчики,1
шестнадцать,1
заняла,1
вернулись,1
мало-мальски,1
серьезного,1
эксидента,1
печальных,1
аварий,1
зверски,1
устали,1
особенности,1
тропическое,1
заманчиво,1
дому,1
перевесила,1
плыть,1
интурист,1
договоримся,1
точном,1
отъезда…,1
англии,1
европейский,1
решен,1
ленинград…,1
удачно,1
президента,1
представлены,1
министру,1
иностранных,1
присутствовали,1
конгрессе,1
голосования,1
сенсационного,1
вопроса,1
премиях,1
ветеранов,1
старика,1
допроса,1
сенатской,1
комиссией,1
сенатором,1
бора,1
возможных,1
кандидатов,1
удачными,1
предыдущие…,1
