IP_shakhieriezada.txt,9970
и,392
—,385
в,270
не,174
он,135
на,123
что,123
с,103
а,76
но,71
его,71
я,68
по,61
к,61
товарищ,57
все,52
шахерезада,51
день,50
из,49
за,48
о,47
как,43
же,41
фанатюк,40
от,37
уже,36
это,31
сказал,29
вы,28
был,28
когда,26
было,25
ему,25
то,24
у,24
служебный,24
один,20
портищев,20
бы,19
федоровна,19
они,19
со,18
ее,18
ни,18
вот,18
товарища,17
она,17
так,17
индюков,17
трепетов,17
еще,16
их,16
до,16
начальник,15
комиссии,15
меня,15
подумал,14
два,14
чем,14
где,14
были,13
рассказ,13
этого,13
заметила,13
наступил,13
часов,13
под,13
если,12
сатанюка,12
который,12
во,12
сказала,12
своей,12
борис,12
для,11
человек,11
члены,11
скромно,11
этот,11
начала,11
вам,11
тут,11
даже,11
бумаги,11
него,11
заготовке,10
учреждения,10
конторы,10
всех,10
ничего,10
потому,10
пока,10
двух,10
только,10
ливреинов,10
себя,10
после,10
через,10
чистке,10
этом,10
перед,10
эта,10
история,10
билет,10
была,10
геня,10
черепенников,10
мисаил,10
больше,9
того,9
дня,9
при,9
мы,9
воскликнул,9
им,9
час,9
умолкла,9
нем,9
три,9
окончился,9
своего,9
алладинов,9
работы,9
две,9
трикартов,9
когтей,8
хвостов,8
своим,8
фанатюка,8
спросил,8
глаза,8
вас,8
тоже,8
ним,8
щелока,8
знайте,8
дела,8
себе,8
глазами,8
очень,8
чего,8
алладинова,8
них,8
лето,8
ведь,8
яков,8
,7
или,7
между,7
чтобы,7
десять,7
ну,7
свои,7
сейчас,7
москве,7
высокочтимый,7
одна,7
клянусь,7
госпланом,7
уволю,7
горчицы,7
выдвиженец,7
службу,7
свой,7
есть,7
об,7
совершенно,7
свою,7
жизнь,7
елисей,7
сердца,7
лишь,7
может,7
тем,7
однажды,7
время,7
женералов,7
решил,7
водопой,7
золотое,7
культработник,7
мне,7
архипов,7
шайтанова,6
всем,6
служащие,6
служащих,6
контору,6
обычно,6
сидел,6
без,6
делопроизводительница,6
там,6
здесь,6
первый,6
будет,6
ровно,6
кабинет,6
которые,6
можно,6
работе,6
другой,6
ничто,6
никогда,6
максимович,6
собрание,6
тогда,6
дурак,6
хотел,6
милиционер,6
ли,6
газонов,6
такие,6
оба,6
книга,6
хорошо,6
модест,6
однако,6
быть,6
лечиться,6
контора,5
борьба,5
давно,5
работу,5
павел,5
венедиктович,5
лет,5
ливреинова,5
года,5
никто,5
узнаю,5
нет,5
секретари,5
нам,5
иногда,5
глупые,5
каждый,5
любого,5
аппарата,5
ответил,5
которую,5
эти,5
потом,5
действительно,5
ушел,5
таким,5
образом,5
сравнении,5
жизни,5
раньше,5
которой,5
говорил,5
кричал,5
дней,5
снова,5
том,5
комнату,5
раз,5
времени,5
сразу,5
часто,5
абукирова,5
вазонов,5
абукиров,5
конце,5
дело,5
литгико,5
романы,5
новый,5
понимаете,5
автор,5
книги,5
ночь,5
пришлось,5
коля,5
прошу,5
порок,5
итак,5
сказки,5
среди,4
тень,4
которого,4
кажется,4
теперь,4
уволить,4
сделал,4
этим,4
почему,4
расскажу,4
историю,4
всегда,4
рассказывают,4
начальника,4
человека,4
эту,4
случилось,4
трех,4
папанькин,4
столом,4
таком,4
сорок,4
которых,4
выдвиженца,4
третий,4
рублей,4
немедленно,4
всю,4
зато,4
руки,4
продолжала,4
угодно,4
рассказывайте,4
делать,4
вел,4
названием,4
тысяча,4
двадцать,4
равно,4
хотя,4
такой,4
всего,4
станции,4
восемь,4
большой,4
ночи,4
б,4
плохо,4
город,4
шесть,4
товарище,4
человеком,4
партийный,4
ладонью,4
получить,4
именно,4
хочет,4
заявил,4
людей,4
вечера,4
попал,4
человеке,4
этой,4
гелиотроп,4
гелиотропа,4
женералова,4
тьма,4
начал,4
пришел,4
собой,4
бараньими,4
мусин-гоголь,4
отдел,4
индюкова,4
издательство,4
строки,4
название,4
нужна,4
лучше,4
худ,4
власть,4
старого,4
кто,4
хамяков,4
закричал,4
считал,4
клуб,4
дедушка,4
смерти,4
моей,4
винить,4
архипова,4
процедуры,4
солнце,4
александрович,4
хочу,4
профессор,4
свете,4
глуп,4
рассказывать,4
дни,3
конторе,3
товарищем,3
спора,3
друг,3
коридоров,3
четыре,3
лапшин,3
всеми,3
знал,3
такое,3
коридоре,3
успел,3
одного,3
другого,3
министерства,3
рукой,3
здравствуйте,3
подошла,3
заметил,3
пришла,3
ответила,3
выходил,3
воды,3
привел,3
минуту,3
стрелка,3
четырем,3
второй,3
вошла,3
весьма,3
ибо,3
нужно,3
прямо,3
начальнику,3
глядя,3
решительно,3
способ,3
месяц,3
увольнения,3
план,3
утра,3
приказы,3
тридцать,3
золотом,3
секретарей,3
папанькина,3
раскрыл,3
провел,3
никому,3
половину,3
касается,3
закончила,3
портищева,3
девятьсот,3
работал,3
одном,3
губотдел,3
стола,3
яйца,3
столе,3
рот,3
вид,3
бумажку,3
подходил,3
тому,3
туда,3
против,3
восклицал,3
надо,3
часа,3
самым,3
лица,3
деревню,3
дороге,3
отвечал,3
ты,3
говорят,3
собою,3
цып,3
быстро,3
взять,3
выявления,3
сердцем,3
лицо,3
часть,3
добавила,3
более,3
коричневом,3
переплетике,3
месте,3
кому,3
комнаты,3
таких,3
дал,3
комнате,3
стало,3
тех,3
пор,3
молодая,3
домой,3
оскорбления,3
новые,3
позор,3
истории,3
учету,3
работа,3
увидел,3
сердце,3
что-то,3
чрезвычайно,3
девять,3
радостно,3
пальто,3
вами,3
борьбе,3
чиновников,3
рассказом,3
главпрофобр,3
понял,3
необходимо,3
экспрессии,3
роман,3
одно,3
автора,3
написал,3
писать,3
утром,3
новой,3
сказать,3
страниц,3
форме,3
№,3
писателя,3
индио,3
книг,3
услышу,3
рассказа,3
социальной,3
грусти,3
наук,3
режима,3
авторов,3
советскую,3
мира,3
обоих,3
делали,3
златопой,3
золотолетовцы,3
меньше,3
авторы,3
кормушки,3
сочинений,3
молодой,3
собраньица,3
удалось,3
срок,3
якова,3
трепетова,3
умрихин,3
вечером,3
знаете,3
знаю,3
одним,3
голос,3
должен,3
старичков,3
ночам,3
верь,3
грудь,3
поэма,3
майские,3
грезы,3
жоржей,3
братишек,3
дуэли,3
никого,3
катар,3
источнику,3
горное,3
четырнадцать,3
продолжаю,3
сатанюк,3
пробка,3
новая,2
москвы,2
шла,2
сатанюком,2
победил,2
титан,2
бродили,2
друга,2
слышали,2
бросают,2
жаром,2
самые,2
кончилась,2
полным,2
поражением,2
умань,2
ведения,2
культработы,2
извозопромышленников,2
грозная,2
победившего,2
упала,2
помертвевшую,2
нужд,2
широкого,2
потребления,2
приступил,2
противника,2
главе,2
кабинете,2
бронеподросток,2
ваня,2
голосом,2
нами,2
бывший,2
патриарх,2
идите,2
сослуживцы,2
крича,2
имеет,2
имел,2
засим,2
кабинета,2
клевреткой,2
поверженного,2
собирался,2
членов,2
шахерезады,2
большие,2
серьги,2
столу,2
враз,2
головы,2
хотят,2
незаменимых,2
ж,2
третьего,2
назад,2
жил,2
мог,2
казалось,2
про,2
начальником,2
пройдя,2
мимо,2
произошло,2
гордый,2
кроме,2
полагал,2
деле,2
переход,2
двери,2
подметать,2
чай,2
секретарь,2
производство,2
занятия,2
испытаннейший,2
ящики,2
выходного,2
поступления,2
универсальный,2
гарантирует,2
изжитие,2
стенных,2
комиссия,2
стала,2
поспешно,2
слушайте,2
делают,2
руку,2
шкафы,2
печати,2
включая,2
сюда,2
сургучную,2
восьмиугольную,2
резиновую,2
квадратную,2
проведу,2
комнатам,2
каковы,2
мой,2
заместитель,2
италии,2
пять,2
тысяч,2
всячески,2
обласкав,2
сложнейшие,2
большого,2
столько,2
бед,2
направился,2
тебя,2
товарища…,2
уехал,2
отъездом,2
четвертый,2
…и,2
нашел,2
других,2
вторую,2
посвятил,2
впервые,2
учреждение,2
какой,2
сидят,2
своими,2
конец,2
приступить,2
служебных,2
вели,2
собственной,2
историей,2
двойной,2
просим,2
двойная,2
пятый,2
занятий,2
ожидавшие,2
очереди,2
находился,2
линии,2
занимал,2
любил,2
привычные,2
чаю,2
зубами,2
зубы,2
работяга,2
всмятку,2
товарищу,2
ел,2
крошки,2
нечего,2
принимал,2
степени,2
гирю,2
ячейки,2
продолжение,2
заседания,2
смотрел,2
платил,2
доходы,2
четыреста,2
куда,2
городские,2
самом,2
одну,2
сослуживцев…,2
покидал,2
самая,2
родную,2
столицы,2
гордым,2
работника,2
какую-то,2
работать,2
головой,2
хозяйственные,2
десятка,2
шел,2
двор,2
громко,2
профработника,2
поздней,2
жена,2
денег,2
целью,2
легче,2
обязательно,2
городского,2
вместе,2
считали,2
захочет,2
видно,2
рассвете,2
стесненным,2
становилось,2
половине,2
алладинове,2
волшебном,2
билете,2
мастер,2
тихон,2
взволнованный,2
электростанции,2
шумом,2
старый,2
рабочий,2
блюдоедов,2
получил,2
свойствами,2
желаешь,2
избавиться,2
нельзя,2
узнав,2
билета,2
экстренное,2
жильцов,2
случаях,2
бывает,2
папирос,2
прений,2
морде,2
часу,2
особенно,2
домовой,2
книге,2
чему,2
председатель,2
душе,2
председателя,2
сам,2
делает,2
вынул,2
похлопал,2
тихо,2
другим,2
право,2
зря,2
безбоязненно,2
раскрывал,2
научился,2
люди,2
шапка,2
возвращаясь,2
столице,2
ссору,2
утренние,2
часы,2
перебранку,2
едва,2
оскорбил,2
также,2
действием,2
удивление,2
милиционера,2
вдоволь,2
остался,2
большей,2
быстротой,2
этих,2
людях,2
всей,2
гелиотропе,2
неторопливо,2
союза,2
улицы,2
двумя,2
львами,2
представительство,2
никаких,2
общества,2
уполномоченного,2
зная,2
убедился,2
абсолютно,2
пресс-папье,2
бюро,2
наконец,2
впереди,2
лицом,2
бросал,2
ой,2
вышло,2
неприятностей,2
схватил,2
бумажки,2
заняться,2
поэтому,2
уйти,2
позже,2
придя,2
показать,2
своему,2
сослуживцу,2
концов,2
гораздо,2
осмеливаясь,2
рылись,2
принес,2
ими,2
проводил,2
десяти,2
быстром,2
рассвета,2
сидели,2
случайно,2
настолько,2
велика,2
я-то,2
сколько,2
душой,2
специальными,2
полномочиями,2
предмет,2
побежал,2
котором,2
видел,2
кинулись,2
госплан,2
сих,2
свет,2
правдивая,2
прежде,2
рассказе,2
обучался,2
литературных,2
институт,2
фразы,2
ставить,2
точку,2
одновременно,2
идиэ,2
динамики,2
артели,2
гр,2
конкурировать,2
ученики,2
закрыл,2
плату,2
магазина,2
окно,2
деньги,2
читал,2
студентов,2
последний,2
месяца,2
пни,2
гублита,2
дружелюбиво,2
узнал,2
голову,2
замечательная,2
мысль,2
тысячами,2
советских,2
писателей,2
зачем,2
принялся,2
редактор,2
индюкову,2
совсем,2
каждая,2
утрем,2
рецензии,2
писались,2
из-во,2
цена,2
такого-то,2
подписывался,2
стараясь,2
просто,2
тактику,2
некоторых,2
менее,2
лете,2
издавал,2
изящную,2
литературу,2
налетом,2
академии,2
книжки,2
переплетах,2
идет,2
суперобложка,2
карточной,2
авторам,2
примесью,2
социального,2
негодования,2
устраивало,2
писательскую,2
ценности,2
царского,2
современных,2
несколько,2
издательства,2
почему-то,2
необыкновенным,2
центробуква,2
правильно,2
новому,2
видом,2
старались,2
водопоевцы,2
мгле,2
восклицали,2
бывшие,2
вестибюле,2
ту,2
году,2
хамякове,2
кстати,2
оказалось,2
портфеле,2
неделю,2
мексики,2
сочиненьиц,2
собраньице,2
засел,2
включили,2
насчет,2
академика,2
преступление,2
глава,2
культотдела,2
украдет,2
копейки,2
города,2
кражу,2
толпа,2
пошутил,2
шутки,2
ведите,2
темницу,2
потерпевший,2
вести,2
кодекса,2
кражи,2
могу,2
свидетели,2
недели,2
настоящим,2
вовлечение,2
писал,2
родимая,2
тебе,2
отдыха,2
перенести,2
клейким,2
лепесткам,2
стекает,2
сок,2
уж,2
весной,2
шумят…,2
вдохновения,2
решился,2
радостью,2
отвращением,2
записку,2
культработу,2
побольше,2
хранитель,2
традиций,2
различить,2
порвали,2
старым,2
миром,2
носят,2
чистят,2
жоржи,2
финансов,2
совершают,2
лагеря,2
черепенникова,2
присутствии,2
бердникова,2
удара,2
витала,2
дедушки,2
кровью,2
требую,2
жребий,2
крестом,2
пожалуйста,2
вкус,2
интересно,2
знать,2
потянули,2
почтовой,2
твердым,2
почерком,2
хотелось,2
все-таки,2
самого,2
оскорбление,2
нарсуд,2
мисаиле,2
трикартове,2
трикартова,2
горше,2
санатории,2
спрашивали,2
колит,2
чувствую,2
профессору,2
трикартову,2
профессора,2
здоровы,2
рассердился,2
тамошних,2
больных,2
шарко,2
четырнадцатый,2
флигелек,2
саду,2
искры,2
мои,2
кузница,2
здоровья,2
покажу,2
пугающий,2
пятнадцатый,2
вскричал,2
впрочем,2
самокритики,2
начальников,2
возмущайтесь,2
глупый,2
слушал,2
желаю,2
вон,2
–––––––––––––––,1
илья,1
ильф,1
евгений,1
петров,1
известная,1
деловых,1
кругах,1
переживала,1
смутные,1
титанов,1
боролся,1
заместителем,1
сторонникам,1
грозило,1
увольнение,1
победа,1
титана,1
вызвала,1
немедленное,1
изгнание,1
последователей,1
причины,1
забыты,1
отношения,1
титанами,1
обострялись,1
момент,1
трагической,1
развязки,1
близился,1
коридорам,1
задирая,1
минусинск,1
литературную,1
усть-сысольск,1
заготовку,1
коровьего,1
кирпича,1
вконец,1
разложившегося,1
раскаленных,1
страстями,1
несло,1
невероятные,1
слухи,1
будоражили,1
фанатики,1
сатанатики,1
ликовали,1
огорчались,1
попеременно,1
бросили,1
местных,1
забыл,1
помнил,1
апреля,1
т.е,1
знаменуется,1
веселыми,1
обманами,1
шутками,1
разгрому,1
остатков,1
атласной,1
толстовке,1
усыпанной,1
рубиновыми,1
значками,1
различных,1
филантропических,1
организаций,1
целой,1
своем,1
потолка,1
спускались,1
резные,1
деревянные,1
сталактиты,1
заготовка,1
перебоев,1
расправу,1
решено,1
провести,1
по-военному,1
начать,1
кончить,1
неосмотрительные,1
последователи,1
жестяными,1
лицами,1
толпились,1
входа,1
чистилище,1
первым,1
чистился,1
звонким,1
служили,1
курьером,1
уважаемого,1
служил,1
управлении,1
делами,1
молодостью,1
промолчал,1
уволены,1
лапшину,1
подступили,1
любопытствующие,1
волнуясь,1
доказывал,1
общего,1
связь,1
мистическими,1
элементами,1
времена,1
керенщины,1
ходил,1
кино,1
контрамаркам,1
получаемым,1
земледелия,1
порог,1
переступила,1
общей,1
канцелярии,1
увидав,1
оживился,1
слыла,1
изгнать,1
пределов,1
закругленный,1
жест,1
приглашая,1
отведать,1
необыкновенного,1
блюда,1
страстным,1
ушах,1
федоровны,1
колокола,1
раскачивались,1
выгибаясь,1
подняла,1
павла,1
венедиктовича,1
прекрасные,1
персидские,1
уволим,1
наклонили,1
показывая,1
вполне,1
одобряют,1
линию,1
взятую,1
фанатюком,1
хотите,1
спросила,1
ркк,1
позво…,1
какая,1
ре-ке-ке,1
незаменим,1
промолвила,1
опуская,1
керосиновая,1
лампа,1
фаянсовым,1
резервуаром,1
медным,1
рефлектором,1
думала,1
незаменима,1
электрическая,1
лампочка,1
осколки,1
фаянсовых,1
резервуаров,1
валяются,1
мусорном,1
ящике,1
товарищи,1
замечательную,1
кем,1
любопытством,1
незаменимейшим,1
успею,1
покороче,1
половина,1
выдвиженце,1
счастливый,1
обширного,1
ведавшего,1
снабжением,1
граждан,1
горчицей,1
щелоком,1
горяч,1
соперничать,1
наложении,1
резолюций,1
удачливее,1
холодным,1
огня,1
сухим,1
чистка,1
повредила,1
да,1
продлит,1
цкк,1
путь,1
усыпан,1
служебными,1
розами,1
произошел,1
случай,1
великого,1
ничтожеству…,1
часовая,1
пододвинулась,1
желая,1
дольше,1
злоупотреблять,1
разрешением,1
прибыла,1
ожидавших,1
чистки,1
готический,1
нетерпеливо,1
спеша,1
уселась,1
подождав,1
покуда,1
курьерша,1
обнесет,1
чаем,1
заговорила,1
характер,1
связи,1
преуспевал,1
бодрому,1
хозяйственнику,1
связей,1
гордости,1
убежден,1
плановой,1
заготовки,1
равных,1
безоблачного,1
правления,1
прислан,1
совершил,1
станка,1
появление,1
вызвало,1
переполох,1
вестники,1
несчастья,1
вбежали,1
плотно,1
прикрыв,1
сообщили,1
пришельце,1
выслушал,1
завидным,1
спокойствием,1
голубые,1
коверкотовые,1
брюки,1
молвил,1
поступают,1
выдвиженцами,1
соседних,1
родственных,1
учреждениях,1
заставляют,1
коридоры,1
разносить,1
полугода,1
выдерживает,1
плачем,1
удаляется,1
дают,1
никакого,1
томится,1
пустым,1
заглядывает,1
пустые,1
одолеваемый,1
стыдом,1
убегает,1
навсегда,1
смолкли,1
способы,1
известны,1
насмешкой,1
ответили,1
поникая,1
главами,1
случае,1
гневно,1
достойны,1
немедленного,1
выдачи,1
пособия,1
права,1
другие,1
прощаю,1
способов,1
вариантов,1
вариант,1
тонкостей,1
помощи,1
изжить,1
неделю…,1
выработан,1
идеальный,1
план…,1
подбирать,1
портфели,1
вычищу,1
замечательном,1
плане,1
явившись,1
…этот,1
неопытные,1
учитесь,1
заставлю,1
полы,1
пижоны,1
стану,1
морить,1
бездельем,1
практикуется,1
отпетыми,1
дураками,1
поступлю,1
иначе,1
введу,1
дружески,1
пожав,1
раскрою,1
вручу,1
представлю,1
скажу,1
выполняйте,1
гараж,1
доверю,1
лучшую,1
машину,1
недавно,1
выписал,1
уеду,1
поручив,1
выдвиженцу,1
моего,1
имеющий,1
понятия,1
наделает,1
ошибок,1
вышвырнут,1
пустят,1
сделаю,1
калифом,1
несчастным,1
изумлённых,1
прихожую,1
деревянной,1
скамье,1
томился,1
застенчивый,1
бобриковом,1
кондукторском,1
полупальто,1
здорово,1
товарищек,1
наши,1
бюрократы,1
ждать,1
заставили,1
пойдем,1
обняв,1
оторопевшего,1
неожиданной,1
ласки,1
ввел,1
вручил,1
затем,1
представил,1
исполняйте,1
помог,1
поручил,1
папанькину,1
незаменимостью,1
уменьем,1
выходить,1
самых,1
сложных,1
положений,1
наделал,1
множество,1
сел,1
автомобиль,1
легкомысленно,1
доверенный,1
ливреиновым,1
объехал,1
склады,1
грамма,1
унции,1
вернувшись,1
обнаружил,1
тонны,1
отношений,1
нужных,1
отвратительных,1
бумаженций,1
выгнал,1
ближайших,1
родственников,1
числом,1
созидательной,1
расторг,1
договоры,1
частниками,1
ободряя,1
достойных,1
ободрения,1
порицая,1
заслуживающих,1
порицания,1
работало,1
нормально,1
понимали,1
цели,1
конторками,1
составление,1
прокурору,1
просьбой,1
следствию,1
деяниях,1
папанькине,1
направлению,1
исправдому,1
незаменимейший,1
пал,1
выслушать,1
закричали,1
лучшая,1
делопроизводительниц,1
явилась,1
аккуратно,1
началу,1
заседала,1
чистке…,1
подлиннее,1
шептали,1
ей,1
вдогонку,1
затягивайте,1
сама,1
знала,1
усевшись,1
судилищем,1
опустила,1
портищевым,1
двойную,1
высокочтимые,1
рядах,1
партии,1
праведный,1
коммунист,1
профессиональной,1
покойное,1
место,1
мощных,1
московских,1
губотделов,1
слыл,1
работягой,1
выражаться,1
деревенской,1
бедноты,1
рано,1
приходили,1
зампредседателя,1
подавали,1
стакан,1
кипятку,1
потреблял,1
охраняя,1
бесперебойную,1
полдень,1
вынимал,1
ящика,1
письменного,1
желтую,1
репку,1
заботливо,1
очистив,1
плод,1
перочинным,1
ножиком,1
разгрызал,1
жемчужными,1
замечательные,1
красивее,1
вставные,1
съедал,1
холодных,1
холодные,1
вещь,1
невкусная,1
портищеву,1
питался,1
жиры,1
углеводы,1
витамины,1
вслед,1
появлялась,1
краюха,1
хлеба,1
пакетик,1
пергаментной,1
бумаге,1
пакетика,1
вынимался,1
брусочек,1
свиного,1
сала,1
разрезывался,1
ломтики,1
накалывал,1
ломтик,1
острие,1
перочинного,1
ножа,1
отправлял,1
принятия,1
пищи,1
сметал,1
озабоченный,1
перегруженного,1
работой,1
привык,1
притворяться,1
ничуть,1
скучал,1
целыми,1
часами,1
ненужную,1
концу,1
рабочего,1
подымался,1
богатырски,1
разминал,1
плечи,1
стенным,1
часам-ходикам,1
подтянуть,1
делал,1
собственноручно,1
горе,1
партийному,1
беспартийному,1
сотруднику,1
осмелился,1
прикоснуться,1
медной,1
цепочке,1
назначалось,1
заседание,1
прибывал,1
старался,1
сесть,1
секретаря,1
преданными,1
выступал,1
ограничиваясь,1
внимательным,1
выслушиванием,1
ораторов,1
планомерным,1
голосованием,1
тщательно,1
следил,1
директивами,1
мнение,1
поразительной,1
точностью,1
совпадало,1
мнением,1
вышестоящих,1
товарищей,1
членские,1
взносы,1
своевременно,1
задолженности,1
бывало,1
получать,1
жалование,1
новенькими,1
бумажками,1
командировочными,1
суточными,1
составляли,1
расходовал,1
скупо,1
беднейшим,1
слоям,1
крестьянства,1
шикарить,1
облигации,1
покупать,1
шестой,1
…жизнь,1
субботам,1
устремлялся,1
вокзал,1
поезде,1
преображался,1
странным,1
чинное,1
железопартийное,1
выражение,1
разом,1
слетало,1
толстовочка,1
приобретала,1
неуловимо,1
вольный,1
обывательский,1
оттенок,1
зевая,1
наслаждением,1
крестил,1
позволил,1
губотделе,1
отстоявшую,1
шестьдесят,1
километров,1
приезжал,1
мощный,1
профработник,1
борец,1
идею,1
ожидала,1
пароконная,1
рессорная,1
телега,1
встречные,1
мужики,1
прочувствованно,1
кланялись,1
наклонением,1
покинув,1
лошадей,1
губотделец,1
спецодежду,1
требуешь,1
хочешь,1
городской,1
лодырь,1
поучив,1
окунался,1
осматривал,1
конюшню,1
шестью,1
лошадьми,1
жеребенком,1
светлый,1
коровник,1
свинарню,1
замиранием,1
благообразных,1
свиней,1
производили,1
слитный,1
шум,1
напоминающий,1
лесопильного,1
завода,1
сверкающий,1
потемневший,1
рассыпая,1
газетной,1
привезенные,1
властно,1
домашняя,1
птица,1
кланяясь,1
внимала,1
гласу,1
струганым,1
беседовал,1
женой,1
темы,1
обуревала,1
страсть,1
накоплению,1
казалась,1
мала,1
усадьба,1
жалким,1
казался,1
дом,1
недостаточным,1
количество,1
скота,1
мельницу,1
аренду,1
стонала,1
хватит,1
вздохом,1
разве,1
командировку,1
внеочередную,1
недочетов,1
союзного,1
периферии,1
придется,1
эх,1
партию,1
платить,1
воскресенье,1
заходил,1
визитом,1
сельскую,1
ячейку,1
ячейке,1
коммуниста,1
боялись,1
прочими,1
крестьянами,1
упразднит,1
культработа,1
подвигается,1
тягуче,1
дорожного,1
строительства,1
проработать,1
мешало,1
понедельник,1
уезжал,1
вез,1
платочке,1
репок,1
двенадцать,1
яиц,1
небольшой,1
окорочок,1
ближе,1
поезд,1
строже,1
елисея,1
максимовича,1
перрон,1
хозяйственный,1
мужичок,1
стопроцентный,1
праведник,1
десятого,1
входил,1
пустой,1
подтягивал,1
ходиков,1
толкал,1
остановившийся,1
воскресный,1
маятник,1
начинал,1
казенную,1
обманщике,1
разрешит,1
высокочтимой,1
удивительную,1
комиссий,1
скромным,1
деятельным,1
горячность,1
смелость,1
трудолюбие,1
тихона,1
оценены,1
достоинству,1
прекраснейших,1
открытом,1
собрании,1
алладинову,1
вручили,1
вышел,1
присел,1
крылечке,1
дивная,1
радостная,1
картина,1
представилась,1
глазам,1
рекой,1
елочных,1
огнях,1
лежал,1
звездами,1
засыпано,1
небо,1
ногами,1
тряслась,1
земля,1
внизу,1
бежала,1
темную,1
реку,1
отработанная,1
вода,1
счастливое,1
раздумье,1
прервал,1
знай,1
наделен,1
удивительнейшими,1
достаточно,1
раскрыть,1
похлопать,1
соблазнительно,1
прекратила,1
седьмой,1
прибежали,1
спозаранку,1
аккуратная,1
встретили,1
нетерпеливыми,1
криками,1
волшебных,1
свойствах,1
вежливо,1
улыбнувшись,1
течение,1
примерной,1
скромностью,1
доме,1
назначили,1
разбирался,1
животрепещущий,1
вопрос,1
дать,1
освободившиеся,1
разногласий,1
жилец,1
продолжалось,1
перерыва,1
выкурено,1
тысячи,1
пли,1
около,1
восьмисот,1
козьих,1
ножек,1
председателю,1
дали,1
шести,1
сдачи,1
семнадцатом,1
уволокли,1
ноги,1
кипятившихся,1
старушек,1
четвертом,1
упал,1
обморок,1
сильнейший,1
волжский,1
лурих,1
записанный,1
фамилией,1
ночлежников,1
обмен,1
мнениями,1
носило,1
кровавые,1
следы,1
распределит,1
властью,1
этому,1
созрело,1
желание,1
какими-то,1
средствами,1
увел,1
уголок,1
прижал,1
спиной,1
стенгазете,1
вьюшка,1
сознавая,1
кармана,1
волшебную,1
перемену,1
председателе,1
покрылись,1
подхалимской,1
влажностью,1
вдруг,1
переменил,1
пестрыми,1
обоями,1
большую,1
удобную,1
квартиру,1
ущерб,1
имевшим,1
большее,1
отговаривал,1
билетик,1
хорошая,1
штука,1
изменился,1
и…,1
закончился,1
восьмой,1
выбирал,1
потрусливее,1
ними,1
привычно,1
хлопал,1
получал,1
избавлялся,1
постепенно,1
переменился,1
занял,1
явно,1
способностям,1
ответственный,1
пост,1
доходными,1
командировками,1
производства,1
отделила,1
глухая,1
стена,1
подписывать,1
вникая,1
содержание,1
выводя,1
забавнейшие,1
росчерки,1
говорить,1
зловещими,1
интонациями,1
голосе,1
глядеть,1
просителей,1
невидящими,1
цинковыми,1
приходилось,1
раскрывать,1
пользоваться,1
волшебными,1
чаще,1
потребности,1
увеличивались,1
желания,1
имеют,1
границ,1
нина,1
балтазаровна,1
одевалась,1
непонятной,1
роскошью,1
носила,1
меховое,1
манто,1
усеянное,1
белыми,1
лапками,1
леопардовую,1
шапочку,1
твердила,1
мужу,1
умные,1
покупают,1
бриллианты,1
улицу,1
одетый,1
богаче,1
годунов,1
бытность,1
царем,1
богатая,1
тяжелая,1
мономаха,1
длинная,1
шуба,1
переполненный,1
трамвай,1
беду,1
зараженных,1
ссорою,1
вагонов,1
циркулируют,1
начинает,1
какая-нибудь,1
мстительная,1
старушка,1
предслужебной,1
давки,1
мало-помалу,1
втягиваются,1
пассажиры,1
вагона,1
те,1
попали,1
полчаса,1
инцидента,1
зачинщики,1
сошли,1
утеряна,1
причина,1
крики,1
взаимные,1
продолжаются,1
вступают,1
кадры,1
пассажиров,1
вагоне,1
затихает,1
ругань,1
зараженный,1
драчливой,1
бациллой,1
вагон,1
нетрезвом,1
состоянии,1
трамвае,1
ездил,1
пользовался,1
автомобилем,1
площадку,1
мирного,1
пассажира,1
словом,1
дожидаясь,1
ответной,1
реплики,1
проделал,1
весело,1
улыбаясь,1
представляя,1
виде,1
волшебного,1
насладившись,1
трепет,1
бравый,1
заломив,1
пьяного,1
японским,1
приемом,1
джиу-джитсу,1
свел,1
отделение,1
отделении,1
возвращался,1
обладателю,1
пухлая,1
звезда,1
померкла,1
взошла,1
обнаружились,1
нечистые,1
позорном,1
интересна,1
далеко,1
уступает,1
рассказу,1
друзьях,1
абукирове,1
женералове,1
слыхал,1
вероятности,1
замечательной,1
музыкально,1
позвякивая,1
чайной,1
ложечкой,1
повествование,1
городе,1
найти,1
такого,1
количества,1
представительств,1
помещаются,1
опрятных,1
особнячках,1
зеркальными,1
стеклами,1
мерещится,1
яичная,1
желтизна,1
шведских,1
столов,1
зелень,1
абажуров,1
особнячки,1
отделены,1
садиками,1
цветет,1
сирень,1
хрипло,1
поет,1
скворец,1
подъезда,1
блестящими,1
утренней,1
росы,1
висит,1
черная,1
стеклянная,1
досточка,1
золотым,1
учреждении,1
приятно,1
побывать,1
ходит,1
посетителей,1
принимают,1
ведет,1
дел,1
существует,1
вящего,1
украшения,1
котофеевом,1
переулке,1
издавна,1
помещалось,1
тяжелой,1
цветочной,1
промышленности,1
занявшее,1
помещение,1
изгнанного,1
плутни,1
представительства,1
узбекнектар,1
штат,1
состоял,1
присланы,1
разных,1
городов,1
приступили,1
уселся,1
стол,1
передвигал,1
подымал,1
опускал,1
шторки,1
принимался,1
убедившись,1
увеличилась,1
предстоят,1
тихие,1
поднял,1
ласково,1
посмотрел,1
поразило,1
страхом,1
уполномоченный,1
каменным,1
костяшки,1
счетов,1
записывая,1
больших,1
листах,1
лодырничаю,1
семейным,1
дорожил,1
привольной,1
службой,1
счеты,1
отщелкивать,1
несуществующие,1
сотни,1
миллионы,1
выводил,1
каракули,1
узеньком,1
листе,1
показался,1
тяжелым,1
начало,1
установленное,1
собрал,1
исписанные,1
портфель,1
облегченным,1
покинул,1
удивлен,1
поведением,1
открывал,1
усиленно,1
которому,1
нечем,1
испугался,1
бездельничаю,1
миновать,1
холостым,1
боялся,1
потерять,1
покойную,1
бросился,1
счетам,1
отсчитывать,1
арифметическую,1
чепуху,1
боязнь,1
дошла,1
деятельного,1
коллеги,1
слегка,1
расстроился,1
минута,1
застал,1
газонами,1
вазонами,1
службы,1
истекло,1
девятый,1
обменяться,1
взглядами,1
просидели,1
весь,1
гремели,1
счетами,1
рисовали,1
зайчиков,1
блокнотах,1
формата,1
повода,1
ящиках,1
нервы,1
оказались,1
сильнее,1
томимый,1
голодом,1
жаждой,1
седьмого,1
победой,1
убежал,1
перевес,1
бутерброды,1
напитавшись,1
свободно,1
легко,1
просидел,1
восьми,1
левой,1
запихивал,1
колбасу,1
правой,1
рисовал,1
обезьяну,1
притворяясь,1
работает,1
минут,1
выдержал,1
надевая,1
ходу,1
кинулся,1
общественную,1
столовую,1
победитель,1
тихим,1
смешком,1
симулировали,1
дальше,1
развивалось,1
продолженном,1
обоими,1
темпе,1
полуночи,1
наступило,1
засиделись,1
желтые,1
похудевшие,1
табачных,1
тучах,1
уткнув,1
трупные,1
липовые,1
бумажонки,1
трепетали,1
потухшие,1
встретились,1
слабость,1
овладевшая,1
признались,1
стонал,1
прощу,1
потеряли,1
жаловался,1
начальники,1
обнялись,1
решили,1
вовсе,1
приходить,1
радикально,1
отдохнуть,1
глупого,1
соревнования,1
дальнейшем,1
кривя,1
играть,1
службе,1
шахматы,1
обмениваясь,1
последними,1
анекдотами,1
мудрого,1
решения,1
проснулся,1
квартире,1
ужасной,1
мысли,1
облечен,1
бездельников,1
мной,1
адскую,1
игру,1
натянув,1
отощавшие,1
ножки,1
москвошвейные,1
штаны,1
бумажного,1
бостона,1
дворники,1
подметали,1
фиолетовые,1
молодые,1
собаки,1
мусорных,1
холмиках,1
сжато,1
предчувствием,1
недоброго,1
мокрыми,1
стоял,1
сморщенным,1
бессонных,1
ночей,1
пиджаком,1
жалко,1
глядел,1
подходящего,1
ясно,1
облеченное,1
нерадивых,1
дворник,1
открыл,1
ворота,1
столам,1
бессвязно,1
бормоча,1
срочное,1
требование,1
вазоны,1
газоны,1
всемогущий,1
знает,1
продолжают,1
симулировать,1
желтыми,1
шведскими,1
сильный,1
штепсельных,1
ламп,1
озаряет,1
костяные,1
вся,1
молодом,1
слышал,1
буду,1
описана,1
головокружительная,1
карьера,1
сызмальства,1
университетах,1
академиях,1
пантеонах,1
поставил,1
стать,1
великим,1
писателем,1
советской,1
земли,1
стихотворных,1
эмоций,1
прихлопнул,1
оставались,1
избушки,1
молодых,1
посвящали,1
таинства,1
слова,1
освобождая,1
воинской,1
повинности,1
поварской,1
улице,1
литкурсы,1
лжеинвалидов,1
гахне,1
шли,1
ректор,1
беллетристического,1
предприятия,1
сматывать,1
удочки,1
силу,1
институтом,1
пустовало,1
валом,1
валили,1
поступил,1
решить,1
динамикой,1
посвятить,1
литизбушку,1
печальным,1
воем,1
уцелевшее,1
бежал,1
бараньи,1
блистали,1
вдохновением,1
прекрасно,1
учел,1
конъюнктуру,1
создавшуюся,1
литературной,1
бирже,1
взимал,1
новых,1
учеников,1
вперед,1
занимало,1
-й,1
тверской-ямской,1
арендовал,1
часовой,1
глазиус-шенкер,1
окруженный,1
колесиками,1
пенсне,1
пружинами,1
магазине,1
резко,1
звонили,1
будильники,1
глубине,1
помещения,1
торжествующий,1
выдавал,1
квитанции,1
рядом,1
помещался,1
отсрочек,1
предъявителям,1
квитанций,1
выдавались,1
нужные,1
темном,1
углу,1
часовщик,1
свалил,1
неликвидные,1
товары,1
профессор-вундеркинд,1
тринадцатилетний,1
декан,1
факультета,1
ритмической,1
прозы,1
стихи,1
веры,1
инбер,1
зачисления,1
ряды,1
угрюмый,1
литературный,1
оазис,1
ученикам,1
возвратили,1
спастись,1
увозя,1
обучения,1
точно,1
тяга,1
изящной,1
литературе,1
творческой,1
сочинил,1
дровосеков,1
дровосечек,1
первенца,1
предусмотрительность,1
привела,1
согласилось,1
напечатать,1
катастрофически,1
ладилось,1
сказуемым,1
дружелюбивом,1
посвящении,1
романов,1
перепутье,1
пути,1
овраги,1
шагай,1
фабзаяц,1
серп,1
молот,1
ногу,1
дуня-активистка,1
напечатан,1
отчаиваться,1
десятый,1
…в,1
сообразив,1
пятьюдесятью,1
задача,1
нелегкая,1
требующая,1
некоторого,1
дарования,1
мыслил,1
самому,1
выгоднее,1
спокойнее,1
ругать,1
чужие,1
сопутствовал,1
начинаниях,1
жанр,1
счастье,1
неопытная,1
газета,1
задумала,1
библиографический,1
системе,1
оказался,1
строим,1
библиографии,1
по-новому,1
рецензия,1
гениально,1
называться,1
понимаю,1
отлично,1
ликовал,1
нос,1
толстым,1
журналам,1
тоном,1
каким,1
суворовские,1
солдаты,1
кричали,1
умрем,1
поглотила,1
бориса,1
строчках,1
вмещалось,1
толстой,1
отечественные,1
год,1
числе,1
рекомендовали,1
писателю,1
такому-то,1
осветить,1
быт,1
мороженщиков,1
никем,1
затронутый,1
иностранные,1
число,1
французского,1
написана,1
свойственным,1
иностранцам,1
мастерством,1
но…,1
впечатляет,1
самыми,1
разнообразными,1
инициалами,1
сбить,1
следа,1
индус,1
инус,1
иус,1
ов,1
несмотря,1
предосторожности,1
выслеживали,1
поколачивали,1
спасаясь,1
побоев,1
вошел,1
охрану,1
труда,1
ходатайством,1
выдаче,1
панциря,1
отказ,1
параграфа,1
панцирях,1
колдоговоре,1
нашли,1
великие,1
маленьких,1
рецензий,1
сшил,1
толстую,1
шубу,1
вате,1
хорьках,1
били,1
улыбался,1
писатели,1
изнуренные,1
борьбой,1
-овым,1
переменили,1
малодушные,1
перестали,1
сильные,1
духом,1
принялись,1
заискивать,1
всесильным,1
положение,1
упрочилось,1
комната,1
завалена,1
тюками,1
автографами,1
удовольствием,1
печатные,1
посвящения,1
тов,1
отныне,1
омрачает,1
благополучия,1
кто-нибудь,1
написать,1
пусть,1
выругает,1
строках,1
занимательная,1
„золотом,1
лете“,1
оттянуть,1
нашей,1
существовали,1
губернское,1
издательское,1
общество,1
предисловиями,1
чинов,1
государственной,1
художественных,1
толстенькие,1
водопоевские,1
выходили,1
крытых,1
сатином,1
косоворотки,1
подкладку,1
демисезонным,1
сверх,1
переплета,1
заключена,1
бумажную,1
обертку,1
обороте,1
титульного,1
листа,1
водопоевской,1
красовались,1
важные,1
переплет,1
форзац,1
э,1
рыцарева,1
отпечатана,1
гос,1
фабрике,1
водопоевская,1
тяжеловесной,1
пышностью,1
напоминала,1
даму,1
треф,1
вообще,1
славился,1
тонкими,1
манерами,1
посылал,1
новогодние,1
поздравления,1
издательского,1
диапазона,1
издавало,1
оно,1
предисловия,1
золотолетовским,1
книгам,1
принадлежали,1
чинам,1
обложки,1
сделаны,1
благородного,1
сатина,1
обыкновенной,1
независимо,1
содержания,1
изображены,1
двутавровые,1
балки,1
хорошенькие,1
дамские,1
мордочки,1
делалось,1
интересах,1
распространения,1
поздравлений,1
посылало,1
чашку,1
полбутылки,1
вина,1
душу,1
говоря,1
короче,1
культурные,1
оставшиеся,1
печатало,1
сочинения,1
признавших,1
немного,1
греции,1
естественно,1
враждовали,1
грабит,1
захватив,1
исключительное,1
пользование,1
очередь,1
облизывалось,1
уцелевших,1
междоусобие,1
усиливаясь,1
привело,1
главы,1
учреждений,1
беспрерывно,1
визиты,1
центробукву,1
интриговали,1
пылом,1
хлопоты,1
водопоя,1
сводились,1
подчинить,1
стремилось,1
поглотить,1
рассудив,1
постановила,1
слить,1
присвоив,1
организму,1
сделано,1
дипломатично,1
сторон,1
могла,1
понять,1
верховодить,1
златопоем,1
учреждению,1
хозяева,1
почтенные,1
поблескивая,1
лысинами,1
праздновали,1
победу,1
считая,1
взяла,1
верх,1
группа,1
главным,1
обстоятельство,1
финансовая,1
волновало,1
одиннадцатый,1
конкуренция,1
замыслила,1
искоренить,1
слиянием,1
издательств,1
разгорелась,1
силой,1
современные,1
перешедшие,1
начале,1
реформы,1
сильно,1
опечалились,1
визгливо,1
кормушка,1
шло,1
убедились,1
особах,1
изменений,1
визгливее,1
остались,1
златопоевских,1
продолжались,1
дикие,1
схватки,1
обладание,1
авторами,1
высшей,1
доблестью,1
перехватить,1
подписать,1
договор,1
той,1
никак,1
заседали,1
применяли,1
объединенном,1
издательстве,1
точками,1
ежедневно,1
проводились,1
прямые,1
времен,1
эвклида,1
считалось,1
невозможным,1
странных,1
пору,1
писатель,1
коих,1
бураны,1
издана,1
одиннадцатом,1
другая,1
буруны,1
пятом,1
заключению,1
читатель,1
соскучился,1
ждет,1
третьей,1
позондировать,1
почву,1
остановил,1
благообразный,1
старичок,1
признавший,1
уцелевшего,1
львович,1
подкинули,1
полное,1
своих,1
согласился,1
подкинуть,1
договорившись,1
бывшими,1
водопоевцами,1
выходу,1
обнаружен,1
молодым,1
признавшего,1
подкиньте,1
подкинул,1
простодушный,1
горечью,1
современный,1
следовательно,1
подведомственны,1
бывшему,1
лету,1
давайте,1
простодушного,1
модеста,1
сданные,1
водопоевцам,1
строгий,1
обещал,1
отобрать,1
тихий,1
собачьей,1
площадке,1
грозовую,1
повесть,1
златопое,1
из-за,1
началась,1
свалка,1
молодому,1
человеку,1
победить,1
благообразного,1
старичка,1
старичку,1
одолеть,1
молодого,1
упрямо,1
бормотал,1
водопойный,1
старик,1
хамякова,1
типичный,1
уцелевший,1
надсаживался,1
золотолетовский,1
молодец,1
неизвестно,1
известно,1
признал,1
де-юре,1
де-факто,1
рекордный,1
объединенное,1
выпустило,1
продажу,1
хамяковых,1
издано,1
косовороточных,1
суперобложке,1
предисловие,1
принадлежало,1
перу,1
имело,1
налет,1
самое,1
появилось,1
желтой,1
обложке,1
изображением,1
балок,1
мордочек,1
предисловием,1
удивлению,1
читателей,1
собраниях,1
стояла,1
издательская,1
марка,1
златопоя,1
преступлении,1
возглавлявший,1
комиссию,1
людям,1
свойственно,1
недовольными,1
профессией,1
недоволен,1
испытанный,1
местного,1
транспорта,1
блестяще,1
украшал,1
честен,1
умен,1
работоспособен,1
зовут,1
бессребрениками,1
говаривал,1
бернардов,1
бернгардов,1
украсть,1
украду,1
яшка,1
чужой,1
тронет,1
тронул,1
чужую,1
копейку,1
невероятно,1
неслыханно,1
неправдоподобно,1
светлым,1
майским,1
общественность,1
прогуливалась,1
бульвару,1
бессребреник,1
подкрался,1
глазах,1
умрихину,1
залез,1
нему,1
карман,1
пиджака,1
вытащил,1
кошелек,1
стал,1
удаляться,1
бульвара,1
заметивший,1
сопротивлялся,1
собралась,1
подоспевший,1
пустите,1
поддержала,1
знавшая,1
приготовился,1
отпустить,1
шутника,1
свободу,1
шутил,1
обокрал,1
почтенного,1
гражданина,1
вор,1
вяжите,1
вязал,1
вспылил,1
обратился,1
милиционеру,1
исполняете,1
возложенных,1
обязанностей,1
сконфузился,1
робко,1
претензий,1
уличенного,1
надобности,1
уголовно-процессуального,1
завизжал,1
обводя,1
притихшую,1
толпу,1
злыми,1
досконально,1
изучил,1
заявление,1
потерпевшего,1
предусмотренное,1
сто,1
восьмидесятой,1
статьей,1
уголовного,1
совершено,1
обязаны,1
передать,1
правонарушителя,1
правосудия,1
неуверенно,1
будьте,1
граждане,1
свидетелями,1
повел,1
судиться,1
суде,1
разыгрались,1
драматические,1
сцены,1
подтверждая,1
факт,1
кошелька,1
девятью,1
рублями,1
сорока,1
четырьмя,1
копейками,1
выигрышным,1
билетом,1
кругосветной,1
лотереи,1
стоимостью,1
пятьдесят,1
копеек,1
говорили,1
выше,1
понимания,1
умолял,1
обвиняемого,1
оставить,1
обвиняемый,1
непоколебим,1
делайте,1
ваше,1
судьям,1
важны,1
важен,1
принцип,1
преступил,1
закон,1
понести,1
соответствующую,1
кару,1
федороввз,1
двенадцатый,1
суд,1
вынужден,1
заключить,1
бессребреника,1
исправдом,1
просияв,1
спасибо,1
судьи,1
судили,1
активный,1
общественник,1
призванием,1
организацию,1
библиотек,1
большим,1
умением,1
оживление,1
кружковой,1
сочинение,1
стихов,1
прятал,1
написанное,1
сундук,1
вздыхая,1
невыспавшийся,1
хмурый,1
повторяя,1
сочиненные,1
строфы,1
наветам,1
устрашусь,1
вотще,1
моя,1
дулом,1
пистолета,1
вздыхает,1
молю,1
люблю,1
зверь,1
тратил,1
ценные,1
расширение,1
сети,1
кружков,1
отнимало,1
строфу,1
строфой,1
требовало,1
отпуск,1
осень,1
зрела,1
весенняя,1
проработано,1
выявились,1
начальные,1
доведенный,1
крайности,1
потными,1
валами,1
тюрьме,1
помешает,1
горькой,1
думал,1
напишу,1
„майские,1
грезы“,1
показались,1
достаточным,1
сроком,1
встретил,1
приговор,1
аппетитом,1
пообедав,1
передачей,1
тюрьму,1
безутешный,1
выбросив,1
парашу,1
найденную,1
булке,1
яша,1
брось,1
глупости,1
поэму,1
мерные,1
шаги,1
часового,1
тихую,1
соседей,1
думалось,1
потные,1
валы,1
окатили,1
узника,1
почувствовал,1
привычный,1
грохот,1
висках,1
дверь,1
камеры,1
отворилась,1
надзиратель,1
поэт,1
отрываясь,1
любимого,1
зовет,1
узник,1
поставить,1
библиотеку,1
должную,1
высоту,1
оживить,1
кружковую,1
вовлечь,1
рецидивистов,1
побрел,1
кавалерийский,1
конь,1
заслышавши,1
звуки,1
трубы,1
прорабатывать,1
вовлекать,1
налаживать,1
опомнился,1
заключения,1
прошел,1
закончена,1
отсидев,1
запущенной,1
плохим,1
поэтом,1
молодости,1
таковой,1
трагическую,1
нынешней,1
молодежи,1
нетрудно,1
юношей,1
типов,1
братишки,1
окончательно,1
рубашки,1
апаш,1
редко,1
болеют,1
футбольную,1
команду,1
летом,1
занимаются,1
пешеходством,1
зимой,1
прохладных,1
аудиториях,1
копят,1
духовные,1
преувеличенно,1
широкие,1
панталоны,1
зубов,1
силах,1
забыть,1
бабушке-фрейлине,1
чиновником,1
вечерам,1
предаются,1
танцам,1
составляют,1
любимое,1
занятие,1
смешанные,1
фигуры,1
жоржобратишки,1
братишкожоржи,1
первые,1
медленную,1
эволюцию,1
тонкого,1
аристократизма,1
детской,1
непосредственности,1
вторые,1
солнечному,1
быту,1
нашем,1
участвуют,1
породы,1
чистых,1
кровей,1
типичным,1
братишкой,1
гени,1
указывал,1
чистопородный,1
жорж,1
электротехникума,1
учились,1
множества,1
ударил,1
геню,1
бледному,1
одухотворенному,1
лицу,1
политграмоту,1
светлова,1
нанесения,1
намекнуть,1
черепенникову,1
нехорошо,1
заматывать,1
такую,1
полезную,1
книгу,1
ждали,1
обратного,1
закипели,1
благородные,1
чувства,1
двинулся,1
обидчика,1
вовремя,1
оценив,1
атлетическую,1
фигуру,1
повернулся,1
полпути,1
взывала,1
мщении,1
подошел,1
братишке,1
архипову,1
конечно,1
порицание,1
которое,1
вынесло,1
исполбюро,1
удовлетворяет,1
смываются,1
сатисфакции,1
хладнокровно,1
паясничайте,1
хоть,1
решительный,1
достойно,1
обдумал,1
сожалению,1
условиях,1
возможна,1
тайная,1
американская,1
дуэль,1
тянем,1
тот,1
вытянет,1
умереть,1
покончить,1
самоубийством,1
предварительно,1
оставив,1
самоубийства,1
любой,1
устраивает,1
колю,1
шаркнул,1
ножкой,1
обутой,1
яловочный,1
сапог,1
жаждал,1
американской,1
смотрите,1
отрезав,1
отмечая,1
серьезное,1
живете,1
угодливо,1
замотали,1
как-то,1
потерял,1
запоете,1
вытащите,1
роковую,1
злостью,1
враги,1
уверен,1
победе,1
зашатался,1
бумажке,1
крест,1
шахереэада,1
тринадцатый,1
жалобно,1
любителю,1
дуэлей,1
самоубийство,1
должно,1
доставить,1
живейшее,1
удовольствие,1
пойдете,1
опрыскав,1
одеколоном,1
тэжэ,1
листок,1
напишете,1
широкий,1
выбор,1
разнообразия,1
советую,1
бросаться,1
дачные,1
поезда,1
пошло,1
умрите,1
честью,1
красиво,1
сибирским,1
экспрессом,1
лосиноостровской,1
позеленевшим,1
поболтал,1
ложкой,1
супе,1
перешел,1
письменному,1
финансового,1
незримо,1
над,1
листке,1
одобрительно,1
закивал,1
всхлипнул,1
перечеркнул,1
страничку,1
новую,1
надпись,1
николая,1
токмаков,1
переулок,1
комн,1
застать,1
подстрекал,1
самоубийству,1
презрительно,1
усмехнулся,1
гене,1
дадут,1
кольке,1
строгой,1
подстрекательство,1
злорадно,1
воображаю,1
умирать,1
мучительно,1
старорежимный,1
самурай,1
строгим,1
показывал,1
медлить,1
неудобно,1
приступать,1
харакири,1
лезет,1
отмахиваясь,1
навязчивой,1
тени,1
небось,1
хлестали,1
дожил,1
восьмидесяти,1
лорд-мэр,1
парижа,1
выискался,1
смыть,1
типичного,1
самоубийцы,1
пил,1
кипяченую,1
воду,1
пол,1
листки,1
стене,1
слово,1
люба,1
выкурил,1
ау,1
пробудился,1
ощущением,1
безысходности,1
тяжесть,1
несмытого,1
давила,1
тонн,1
взял,1
чистый,1
лист,1
бауманского,1
района,1
привлечь,1
ответственности,1
н,1
приговорил,1
пятнадцати,1
рублям,1
штрафа,1
составляло,1
полуторамесячную,1
стипендию,1
сконфужен,1
торжествовал,1
следующая,1
удивительном,1
больном,1
весною,1
служилым,1
людом,1
овладевает,1
лечебная,1
лихорадка,1
пышнее,1
светит,1
пронзительнее,1
поют,1
птицы,1
хуже,1
чувствуют,1
служивые,1
трава,1
вырастает,1
вершок,1
ртутная,1
палочка,1
термометра,1
подымается,1
кверху,1
словно,1
добраться,1
второго,1
этажа,1
служивым,1
делается,1
хочется,1
возможности,1
юге,1
пожилой,1
прыткий,1
подвержен,1
лечебной,1
лихорадке,1
сильной,1
лечатся,1
держась,1
обеими,1
руками,1
пухлую,1
погибать,1
участливо,1
откуда,1
визжал,1
доктор,1
профессоров,1
долго,1
прикладывал,1
ухо,1
голому,1
прислушивался,1
органов,1
тою,1
внимательностью,1
какою,1
кошка,1
прислушивается,1
движениям,1
мыши,1
осмотра,1
трусливый,1
мохнатую,1
демисезонное,1
полными,1
слез,1
выговорил,1
спину,1
мыл,1
спросить,1
надежда,1
губы,1
задрожали,1
надежды,1
вызывающе,1
визит,1
уплатил,1
семь,1
стучит,1
невроз,1
сначала,1
лечить,1
болезни,1
счет,1
государства,1
государство,1
захотело,1
врачебных,1
комиссиях,1
жулики,1
занимающиеся,1
частной,1
практикой,1
знакомых,1
разузнал,1
кисловодске,1
лечат,1
купил,1
койку,1
санаториев,1
погода,1
благоприятствовала,1
поездке,1
поселился,1
роз,1
чудную,1
радовало,1
завидовал,1
начиналась,1
хлопотливая,1
стадо,1
антилоп,1
направлялась,1
упивалась,1
нарзаном,1
грязевым,1
ваннам,1
пытали,1
душами,1
заворачивали,1
мохнатые,1
простыни,1
заставляли,1
потеть,1
трикартовым,1
страдал,1
нечто,1
смог,1
гуляя,1
санаторию,1
забрел,1
посреди,1
возвышении,1
волос,1
бойко,1
выскакивали,1
синие,1
электрические,1
гудели,1
какие-то,1
машины,1
санитара,1
списке,1
равнодушно,1
санитар,1
процедура,1
дорогая,1
нарочно,1
скрывают,1
террасе,1
гостей,1
учинил,1
главврачу,1
скандал,1
дайте,1
прыгая,1
сконфуженно,1
главврач,1
нужны,1
отдыхайте,1
старайтесь,1
поменьше,1
волноваться,1
спал,1
своею,1
пугливо,1
озираясь,1
сторонам,1
поскакал,1
напился,1
нарзану,1
санаторий,1
днем,1
бегал,1
опрятным,1
аллейкам,1
добившись,1
солнца,1
забрался,1
электрический,1
приложив,1
груди,1
цинковую,1
пластинку,1
шнурами,1
включил,1
ток,1
содрогался,1
сдерживаемой,1
радости,1
медный,1
рту,1
создавал,1
уверенность,1
выздоровлении,1
ночью,1
луны,1
пробрался,1
отрыгиваясь,1
выпил,1
шестнадцать,1
стаканов,1
газового,1
напитка,1
шептал,1
пробираясь,1
остаток,1
пользой,1
вынув,1
из-под,1
кровати,1
выкраденную,1
синюю,1
лампу,1
возлег,1
постель,1
озарив,1
гробовым,1
светом,1
лечился,1
здоровье,1
мисаила,1
заметно,1
улучшилось,1
пропал,1
аппетит,1
души,1
нарзанные,1
грязевые,1
ванны,1
принимать,1
конспиративно,1
частью,1
выглядите,1
врач,1
яичек,1
ели,1
знаем,1
опытный,1
сплавить,1
дешевые,1
яички,1
дорогое,1
прячет,1
забраться,1
заветному,1
солнцу,1
наслаждаться,1
спугнула,1
няня,1
москву,1
скотоватая,1
мисаилу,1
сделалось,1
вызвать,1
врача,1
установил,1
желудка,1
общее,1
отравление,1
неизвестными,1
газами,1
предстал,1
сослуживцами,1
друзья,1
залечили,1
сукины,1
дети,1
кварцевой,1
лампы,1
пожалели,1
давали,1
недостаточном,1
количестве,1
наркомов,1
берегли,1
гигантов,1
четырех,1
рассказывала,1
фанатюку,1
членам,1
всякого,1
рода,1
завлекательные,1
басни,1
лишенная,1
разумного,1
руководства,1
бездействовала,1
светились,1
оживлением,1
поведаю,1
гласит,1
наша,1
перебивайте,1
шеф,1
тряся,1
серьгами,1
такая,1
всеведущ,1
всемудр,1
звали,1
фанатюк…,1
раздражением,1
речь,1
обо,1
возможно,1
уклончиво,1
адресном,1
литером,1
ф,1
значится,1
фанатюков,1
носил,1
мелодичную,1
фамилию,1
имени,1
врага,1
вскочил,1
багровея,1
переходит,1
границы,1
совпадений,1
бывают,1
совпадения,1
сурово,1
прекратить,1
обещает,1
интересным,1
прерываемая,1
возгласами,1
удивления,1
возмущения,1
двое,1
вместо,1
помогать,1
другу,1
боролись,1
жарких,1
схватках,1
разделились,1
фанатюковцев,1
сатанюковцев,1
глупой,1
бессмысленной,1
борьбы,1
решающую,1
роль,1
играли,1
интересы,1
самолюбие,1
интригами,1
снят,1
поста,1
брошен,1
намек,1
молчать,1
простите,1
хватают,1
неба,1
звезды,1
злопамятен,1
скудным,1
умишком,1
выжить,1
сторонниками,1
обеда,1
трудно,1
рассказать,1
вижу,1
неприятно,1
перестану,1
продолжайте,1
прохрипел,1
губах,1
появилась,1
мыльная,1
пена,1
смотреть,1
сторону,1
обвести,1
вокруг,1
пальца,1
ничтожнейшей,1
делопроизводительнице,1
делопроизводительницу,1
главной,1
принялась,1
наивный,1
благословляли,1
слушает,1
сегодня,1
пошел,1
занимался,1
чепухой,1
враг,1
уважаемый,1
сатанюк…,1
довольно,1
говорите,1
раздался,1
умоляющий,1
противно,1
предчувствуя,1
недоброе,1
полагается,1
колдоговору,1
обязана,1
увольняю,1
запишите,1
протокол,1
увольняется,1
дочь…,1
дочь,1
английской,1
королевы,1
виктории,1
встала,1
издали,1
звон,1
осел,1
узнать,1
судьбу,1
дремал,1
нажал,1
пружины,1
добился,1
восстановления,1
запищал,1
побледневшая,1
торжества,1
прислушайтесь,1
откуда-то,1
снизу,1
очевидно,1
швейцарской,1
послышался,1
ропот,1
голосов,1
увеличивался,1
рос,1
приближался,1
вскоре,1
явственное,1
ура,1
распахнулись,1
портале,1
показалась,1
мощная,1
фигура,1
портфеля,1
нашейный,1
крокодиловый,1
свиной,1
кожи,1
руках,1
морской,1
прибой,1
шестибалльный,1
ветер,1
сидит,1
моим,1
потряхивая,1
какой-то,1
бумажонкой,1
назначается,1
колоколамск,1
должность,1
фотографа,1
мире,1
сдавал,1
окончились,1
