IP_Tonia.txt,10733
и,402
в,340
—,338
не,183
на,176
с,144
что,124
тоня,92
как,77
а,76
он,73
все,68
это,67
костя,65
у,62
но,61
она,56
к,55
они,50
я,50
было,49
так,49
уже,47
очень,42
еще,41
за,39
только,38
по,36
вы,33
даже,33
мы,32
бы,32
из,31
тут,30
его,29
от,29
ее,28
были,27
то,26
же,26
сказал,26
время,24
когда,24
здесь,23
был,23
ей,22
была,22
нет,22
тоне,21
о,21
для,21
надо,21
ничего,20
нас,19
раз,18
или,18
тоню,17
ему,17
где,17
ну,17
тоже,16
их,16
мисс,16
джефи,16
ведмедев,16
ни,15
да,15
два,14
жизни,14
ты,14
там,14
будет,14
этого,14
потом,14
если,14
москве,14
вот,13
них,13
молодые,13
наталья,13
павловна,13
вам,13
чтобы,12
день,12
через,12
жизнь,12
этой,12
много,12
вдруг,12
кино,12
марья,12
власьевна,12
сказала,12
все-таки,12
нью-йорк,11
наверно,11
говорков,11
говорил,11
сейчас,11
во,11
теперь,11
после,11
вообще,11
всю,11
конечно,11
мне,11
вашингтон,10
со,10
киля,10
себе,10
долго,10
совсем,10
до,10
вечером,10
который,10
этом,10
себя,10
весь,10
него,10
хорошо,10
товарищи,10
всегда,10
больше,10
просто,10
никогда,9
людей,9
эта,9
нее,9
тонечка,9
вас,9
быстро,9
своего,9
доктор,9
своей,9
один,9
вовка,9
клава,8
говорила,8
которой,8
этот,8
дня,8
которые,8
люди,8
инженеры,8
что-то,8
человек,8
хотя,8
над,8
дома,8
домой,8
снова,8
долларов,8
вместе,7
подруги,7
ним,7
видно,7
уж,7
быть,7
костю,7
без,7
того,7
по-английски,7
всех,7
внезапно,7
говорковы,7
косте,7
им,7
сразу,7
утром,7
нового,7
про,7
говорковых,7
одного,7
сам,7
лет,7
друг,7
которая,7
может,7
двадцать,7
дело,7
ведь,7
мальчик,7
,6
говоркова,6
город,6
америку,6
среди,6
интересно,6
часто,6
как-то,6
этим,6
лучше,6
всем,6
тогда,6
кроме,6
чемоданы,6
стоял,6
стал,6
пассажиры,6
своих,6
под,6
собой,6
заметил,6
практиканты,6
есть,6
можно,6
прямо,6
времени,6
сегодня,6
почему,6
танцевать,6
вся,6
танцевала,6
стали,6
сказать,6
большой,6
кили,6
такое,6
об,6
театр,6
когда-то,6
детей,6
улица,6
своими,6
меня,6
несколько,6
москву,6
рожать,6
серьезно,6
нему,6
счет,6
дорого,6
пичинелли,6
мог,6
разлагаться,6
тони,5
две,5
тебе,5
нью-йорке,5
вашингтоне,5
свое,5
слишком,5
немножко,5
свою,5
первый,5
денег,5
ушел,5
пароход,5
шесть,5
буду,5
говорить,5
назад,5
маджестика,5
немного,5
пароходе,5
минуту,5
обед,5
какие-то,5
кто,5
радостно,5
чем,5
сидели,5
стало,5
началась,5
дом,5
могу,5
зал,5
автомобилей,5
старый,5
которую,5
москвы,5
атташе,5
знаю,5
какой-нибудь,5
женщина,5
ходить,5
мало,5
маленькие,5
чтоб,5
кажется,5
живем,5
пять,5
ли,5
десять,5
картина,5
блондинка,5
конце,5
вечер,5
улицы,5
улицу,5
ней,5
двести,5
советник,5
америка,5
витя,5
значит,4
счастливая,4
жить,4
будем,4
молодой,4
фабрику,4
каждый,4
громко,4
ехать,4
увидела,4
толстый,4
кости,4
знала,4
нон,4
удовольствием,4
языке,4
фразу,4
пожалуйста,4
дней,4
сами,4
час,4
салоне,4
новых,4
супруги,4
говорили,4
по-русски,4
пришлось,4
колония,4
учиться,4
рядом,4
ними,4
одна,4
эту,4
оно,4
левую,4
сторону,4
дорогу,4
отвечал,4
компания,4
старик,4
тоней,4
перед,4
открытку,4
села,4
весело,4
жалко,4
города,4
страшно,4
американские,4
головы,4
смотрела,4
всего,4
руках,4
честное,4
слово,4
оказалось,4
попали,4
клавы,4
поехали,4
приехали,4
какой,4
одно,4
вашингтона,4
тем,4
секретарь,4
негр,4
белой,4
захотелось,4
человеком,4
чувствовал,4
нравится,4
стояли,4
целый,4
другу,4
приехал,4
комнате,4
стороны,4
произошло,4
самая,4
мистер,4
америке,4
ходила,4
три,4
письмо,4
зале,4
хуже,4
брюнетка,4
замуж,4
понимала,4
концов,4
какая-то,4
угол,4
хоть,4
театра,4
иногда,4
скоро,4
патефон,4
где-нибудь,4
доктора,4
знаете,4
знали,4
пусть,4
вовкой,4
спал,4
слова,4
тебя,4
которого,4
потому,4
-й,4
амторга,4
речь,4
самого,4
спросила,4
семен,4
больших,3
почти,3
успела,3
костей,3
поехала,3
веселые,3
девочки,3
столице,3
купил,3
большую,3
шляпу,3
тов,3
руке,3
жене,3
самом,3
свои,3
боялась,3
полагается,3
казалось,3
английского,3
знал,3
голосом,3
неожиданно,3
маджестик,3
объяснил,3
английском,3
английскую,3
котором,3
океан,3
танцы,3
молодых,3
совершенно,3
синих,3
посредине,3
советская,3
трое,3
ехали,3
говорковым,3
новые,3
ю,3
пор,3
закуски,3
неизвестно,3
нахально,3
левая,3
беспрерывно,3
тот,3
неудобно,3
хотелось,3
ужасно,3
однажды,3
пока,3
танцевал,3
дни,3
опять,3
писать,3
громадный,3
фабрике,3
привет,3
америки,3
столько,3
здания,3
мундирах,3
класса,3
вперед,3
закричал,3
вниз,3
медленно,3
чиновник,3
сердито,3
думала,3
руки,3
дети,3
платья,3
такси,3
крикнул,3
полчаса,3
сидя,3
самый,3
куда,3
поезд,3
доллара,3
женой,3
жена,3
картину,3
советской,3
будто,3
натальей,3
павловной,3
военный,3
полковник,3
гости,3
говоря,3
обязательно,3
нам,3
большая,3
дороге,3
шли,3
обычно,3
вокруг,3
чисто,3
отсюда,3
скучать,3
ответила,3
тонина,3
соединенных,3
легко,3
комнату,3
знаешь,3
канцелярии,3
писали,3
живут,3
лица,3
большом,3
программа,3
чечетку,3
более,3
фотографии,3
вместо,3
почему-то,3
б,3
назвали,3
какую-нибудь,3
остальные,3
нужно,3
пойдем,3
удивлением,3
совестно,3
почувствовала,3
английские,3
жили,3
ребенок,3
решили,3
отказаться,3
аккуратно,3
подарок,3
том,3
никуда,3
уговаривал,3
видом,3
хватало,3
простуды,3
гланд,3
гланды,3
голос,3
усиками,3
гландами,3
пришел,3
понимаю,3
четыре,3
придется,3
заплатить,3
платить,3
привыкли,3
главное,3
людям,3
можем,3
при,3
восемь,3
американской,3
ребенка,3
настоящей,3
молодая,3
ду,3
минут,3
целые,3
ужас,3
вышла,3
женщины,3
такой,3
взрослые,3
вернулся,3
сделать,3
любят,3
охватить,3
могут,3
страна,3
отлично,3
эти,3
гуленьки,3
веселой,3
вид,3
филадельфии,3
тониа,3
торжественное,3
ведмедевы,3
школы,3
папа,3
заведующий,3
школой,3
коньки,3
танцевали,3
авеню,3
компанию,3
досконально,3
проститутки,3
столику,3
официанты,3
илья,2
ильф,2
евгений,2
петров,2
событие,2
константина,2
степановича,2
послали,2
пришли,2
девушки,2
стеснялись,2
спрашивали,2
пишите,2
отвечала,2
муж,2
забегал,2
купе,2
мучило,2
голове,2
уши,2
поэтому,2
держал,2
заметили,2
строго,2
уедет,2
расфасовочную,2
перец,2
шафран,2
думать,2
счастье,2
молодожены,2
польские,2
жандармы,2
мире,2
специально,2
куда-то,2
деньгами,2
английский,2
язык,2
шоколад,2
сигареты,2
ответил,2
взглянув,2
самое,2
толстыми,2
кюнард,2
лайн,2
вышли,2
пятьдесят,2
тысяч,2
практиковаться,2
уме,2
скажите,2
часу,2
матрос,2
сил,2
успел,2
часов,2
толпились,2
океане,2
вечерам,2
кинокартины,2
стояла,2
палубы,2
трех,2
шляпах,2
костюмах,2
галстуки,2
узкие,2
между,2
тотчас,2
знакомство,2
заводе,2
бада,2
друзья,2
раза,2
ту,2
сих,2
еду,2
пальцем,2
меню,2
выходило,2
неловко,2
требовать,2
мясо,2
тому,2
называется,2
практикантам,2
стороне,2
блюда,2
сладкие,2
далее,2
полный,2
стол,2
берем,2
обеда,2
смутно,2
чего,2
знает,2
школе,2
танцев,2
сидела,2
танцами,2
господин,2
смокинге,2
фарфоровые,2
зубы,2
жалобно,2
посмотрела,2
стариком,2
банкиром,2
танца,2
танец,2
пригласил,2
какую-то,2
американскую,2
равно,2
кем,2
скорее,2
ели,2
концу,2
второй,2
прощаясь,2
здравствуйте,2
знакомых,2
одним,2
делается,2
ваша,2
т,2
головой,2
пятого,2
тумане,2
близость,2
взволнованно,2
собирались,2
первого,2
очередь,2
двинулся,2
низко,2
походил,2
незаметно,2
небоскребов,2
сто,2
молчала,2
руками,2
морской,2
минуты,2
прежде,2
иммиграционный,2
держа,2
правильно,2
сошли,2
таможенный,2
крик,2
которое,2
пенсильвения-стейшен,2
ярлыки,2
кричали,2
кто-то,2
поезда,2
грохот,2
сели,2
дать,2
билеты,2
вращающихся,2
кресел,2
впоследствии,2
во-первых,2
парохода,2
консульства,2
взять,2
полпредства,2
повезли,2
прекрасные,2
волнения,2
пристани,2
чистая,2
белая,2
маленькой,2
красивая,2
таким,2
привлекательным,2
заняться,2
зала,2
оказался,2
комнаты,2
спрашивая,2
тройка,2
рукой,2
полпред,2
вечеринке,2
устроил,2
маджестике,2
советника,2
марьей,2
власьевной,2
американкой,2
зашел,2
минутку,2
тридцать,2
настоящая,2
бутылки,2
передней,2
ночью,2
тонечкой,2
работу,2
сидел,2
лишь,2
маунт-вернон,2
смотреть,2
широкую,2
потомак,2
обе,2
дороги,2
бетона,2
английских,2
особенно,2
слышно,2
ветер,2
узнала,2
работала,2
любила,2
стать,2
рассказать,2
плохо,2
делала,2
туристы,2
наверх,2
увидели,2
миссис,2
парк,2
вели,2
колледж,2
что-нибудь,2
будете,2
улыбнулась,2
шла,2
заранее,2
показать,2
резиновом,2
по-американски,2
беда,2
языка,2
работал,2
дверь,2
неделю,2
книги,2
друзей,2
говоришь,2
ответ,2
далеко,2
заплакала,2
скучная,2
отправились,2
бегали,2
электрическими,2
стоящих,2
бросали,2
зрителей,2
улице,2
улицах,2
вашингтонский,2
побывали,2
понравилась,2
других,2
красавица,2
характером,2
лихо,2
танцует,2
приезжает,2
картины,2
красавицы,2
голоском,2
американка,2
видела,2
начала,2
танцуют,2
замечательно,2
самые,2
алгебра,2
веселее,2
например,2
ф,2
номер,2
такого,2
хочу,2
настроение,2
позавчера,2
неделе,2
серьезную,2
пьесу,2
зимой,2
гастроли,2
штатов,2
ясно,2
другие,2
написать,2
осенью,2
уроки,2
стала,2
другое,2
девочка,2
запальчиво,2
вырастет,2
будут,2
ухаживать,2
большие,2
расходы,2
купить,2
младенца,2
кроватку,2
коляску,2
пальто,2
жалованья,2
перестала,2
пешком,2
кстати,2
музыкального,2
магазина,2
красивом,2
сначала,2
объяснял,2
снег,2
таял,2
клуб,2
кухмистерова,2
собираются,2
клавой,2
союза,2
композиторов,2
открылся,2
однодневный,2
отдыха,2
сделалась,2
октябрьскую,2
годовщину,2
посмотреть,2
постели,2
миллиона,2
читал,2
пост,2
несчастье,2
разговор,2
американцем,2
довольно,2
свободно,2
говорит,2
собственно,2
жаловаться,2
американец,2
удалить,2
опытный,2
приятно,2
другом,2
канцелярию,2
мистера,2
саммерфильда,2
вчера,2
имели,2
удаление,2
операция,2
мистеру,2
автомобиль,2
невероятно,2
посмотрел,2
появились,2
саммерфильд,2
прекрасно,2
лежал,2
читала,2
понял,2
стоит,2
позвольте,2
кого,2
вошел,2
слушайте,2
дурак,2
друга,2
пустяки,2
лечит,2
богатых,2
пробормотал,2
воскликнул,2
получается,2
поверят,2
бесплатно,2
капитализм,2
страшные,2
кроватки,2
присмотрела,2
магазине,2
грустно,2
обыкновенная,2
младенцев,2
происходило,2
рожаешь,2
воскликнула,2
сохранением,2
содержания,2
прогулки,2
отдельно,2
морган,2
представьте,2
нравилось,2
недавно,2
превосходные,2
автомобили,2
бедных,2
постоянным,2
таких,2
равняется,2
русским,2
принес,2
такие,2
вошла,2
подошла,2
тоненьким,2
гау,2
беби,2
кроваткой,2
вовку,2
стоять,2
веселая,2
клетке,2
дачу,2
воздух,2
проведут,2
лето,2
городе,2
белых,2
вырезка,2
народного,2
творчества,2
коллектив,2
театре,2
передышкиным,2
сильно,2
происходит,2
экскурсией,2
крым,2
ай-петри,2
действительно,2
переводят,2
тех,2
прошла,2
киле,2
этому,2
жаль,2
видели,2
твои,2
синим,2
расфасовочной,2
блеснул,2
виртуозно,2
шумный,2
шума,2
тоскливом,2
некуда,2
вспомнила,2
прочел,2
тонечку,2
охватили,2
привыкла,2
нью-йорка,2
хороший,2
рассматривать,2
года,2
никто,2
родине,2
уедем,2
пели,2
аптеку,2
мороженое,2
пилотке,2
беседы,2
бумажные,2
взгляды,2
олл,2
райт,2
выяснив,2
американцы,2
часа,2
рассказала,2
крыму,2
ж,2
туда,2
линии,2
откуда,2
удивлению,2
поехать,2
месте,2
найт,2
такая,2
праздник,2
школу,2
заседание,2
шестого,2
словно,2
акцентом,2
пулеметы,2
винтовки,2
мальчики,2
ленька,2
дэвид,2
сын,2
ведмедева,2
шепотом,2
шло,2
председатель,2
выступил,2
консул,2
кричал,2
срочно,2
выйти,2
веселью,2
король,2
течение,2
леня,2
учился,2
поднесли,2
подарки,2
мальчику,2
порядке,2
костлявые,2
усики,2
другой,2
курил,2
сигару,2
слов,2
рассказывали,2
очереди,2
вышел,2
опыт,2
вечера,2
полтора,2
завтра,2
филадельфию,2
коля,2
златоуст,2
мраке,2
гарлем,2
негритянский,2
сядем,2
навстречу,2
старая,2
семья,2
мама,2
златоуста,2
смейтесь,2
дальше,2
негры,2
наконец,2
глаза,2
всюду,2
человека,2
небольшой,2
столиков,2
пианино,2
хотел,2
негра,2
разлагайтесь,2
выйду,2
самых,1
события,1
произошли,1
одновременно,1
свыкнуться,1
замужеством,1
надвинулось,1
новое,1
мужа,1
службу,1
своим,1
белорусско-балтийский,1
вокзал,1
провожать,1
насмешливые,1
интуристов,1
носильщиков,1
едешь,1
уныло,1
повторяла,1
завидую,1
будешь,1
поправляла,1
столица,1
повторяли,1
думаю,1
скромно,1
смотрелся,1
зеркало,1
шляпа,1
налезала,1
обидно,1
подчеркивала,1
юность,1
возвращаясь,1
перрон,1
смущения,1
иди,1
простудишься,1
деле,1
завидовали,1
подруга,1
далекую,1
таинственную,1
пойдут,1
упаковывать,1
соду,1
картонную,1
тару,1
тоня…,1
тонином,1
пиши,1
тонька,1
тоскливо,1
крикнули,1
вслед,1
уходящему,1
поезду,1
донеслось,1
сырого,1
железнодорожного,1
мрака,1
европу,1
жутко,1
польше,1
окна,1
вагона,1
помещика,1
ехал,1
бегунках,1
усач,1
брезентовом,1
плаще,1
обозревал,1
тощие,1
овсы,1
видел,1
помещиков,1
следили,1
странной,1
фигурой,1
возникшей,1
учебников,1
политграмоты,1
менялись,1
страны,1
вагон,1
входили,1
таможенники,1
немецкие,1
бельгийские,1
французские,1
этих,1
грубоваты,1
торопливы,1
какими,1
таможенным,1
чиновникам,1
суровость,1
направлена,1
против,1
схватят,1
милого,1
потащут,1
паспортами,1
билетами,1
делать,1
паспорта,1
билета,1
польского,1
немецкого,1
французского,1
прокричал,1
французский,1
таможенник,1
ужасным,1
француз,1
страшное,1
впереди,1
шербурге,1
высокий,1
черный,1
желтыми,1
трубами,1
уайт,1
стар,1
устроившись,1
каюте,1
палубу,1
тонн,1
английское,1
пароходство,1
собирался,1
обратиться,1
матросу,1
отойдет,1
занимался,1
матросским,1
делом,1
раздавал,1
пассажирам,1
подкрепления,1
чашки,1
горячим,1
бульоном,1
составить,1
вежливо,1
подал,1
чашку,1
практика,1
ограничилась,1
путешествие,1
длилось,1
каждую,1
полночь,1
стрелки,1
пароходных,1
отскакивали,1
полдень,1
карты,1
указывалось,1
местонахождение,1
столовой,1
показывали,1
происходили,1
свежая,1
погодка,1
покачивался,1
залегли,1
каютах,1
третий,1
стих,1
влажные,1
заблестели,1
солнцем,1
появилось,1
пассажиров,1
налезали,1
одинаковых,1
коротковатыми,1
брюками,1
одинаковые,1
вязаные,1
веселенькой,1
черной,1
полоской,1
состоялось,1
небольшая,1
расставалась,1
работать,1
филадельфийском,1
обрадовались,1
переменили,1
столик,1
обедать,1
заказав,1
беспомощно,1
смотрят,1
обеденную,1
карточку,1
подходил,1
официант,1
уходил,1
дождавшись,1
заказа,1
сознались,1
известна,1
английская,1
фраза,1
айм,1
вери,1
глэд,1
си,1
рад,1
видеть,1
могли,1
применить,1
пользой,1
заказывают,1
наугад,1
ткнут,1
ждут,1
выйдет,1
хорошего,1
странные,1
получались,1
обеды,1
одни,1
супа,1
сладкое,1
наевшись,1
сладкого,1
согласитесь,1
правой,1
напечатаны,1
какие,1
супы,1
вторые,1
левой,1
рекомендованный,1
завтрак,1
заказать,1
напечатано,1
слева,1
получится,1
недоразумений,1
заказывать,1
переспросили,1
подтвердил,1
сделали,1
съели,1
правильный,1
чередовались,1
естественной,1
освященной,1
веками,1
последовательности,1
садясь,1
сговаривались,1
подходяще,1
сплоховала,1
наелся,1
механики,1
уверовали,1
кинозале,1
расспрашивали,1
действующих,1
лицах,1
любовник,1
добивается,1
разберу,1
звук,1
громкий,1
вечерних,1
балах,1
принимали,1
участия,1
учились,1
западных,1
банкиры,1
пляшут,1
фабриканты,1
произошел,1
неприятный,1
случай,1
пересмеиваясь,1
следила,1
подошел,1
седой,1
брюках,1
узким,1
черным,1
лампасом,1
оскалил,1
ужаснулась,1
пошла,1
страшным,1
всей,1
вероятности,1
кружилась,1
вихре,1
западного,1
поддразнивали,1
следующий,1
старуху,1
голой,1
костистой,1
спиной,1
гимнастическими,1
целями,1
удовольствия,1
проходили,1
завтраком,1
обедом,1
путешествия,1
неугомонным,1
подготовил,1
неожиданный,1
эффект,1
обнажил,1
трасите,1
означало,1
подшучивали,1
утверждая,1
влюбился,1
самым,1
приходом,1
взяла,1
почтовом,1
цветную,1
изображением,1
рассекающего,1
океанские,1
волны,1
подругам,1
дорогие,1
проехали,1
атлантический,1
приезжаем,1
появилась,1
масса,1
танцую,1
иностранцем,1
смотрю,1
заграничные,1
открытка,1
пойдет,1
наклеила,1
марку,1
короля,1
георга,1
килю,1
клаву,1
по-прежнему,1
упаковывают,1
еле,1
различим,1
сияющем,1
солнечного,1
утра,1
земли,1
ощущалась,1
стюарды,1
вытаскивали,1
кожаные,1
сундуки,1
чайки,1
пищали,1
сопровождая,1
взволнованы,1
менее,1
чаек,1
кучками,1
пытаясь,1
разглядеть,1
далекие,1
знаменитого,1
разговорчивыми,1
заговорили,1
те,1
сурово,1
молчали,1
подножия,1
остановился,1
пароходик,1
иммиграционными,1
властями,1
трапу,1
взбежали,1
чиновники,1
зеленых,1
высоком,1
золотом,1
проверка,1
паспортов,1
длинную,1
малым,1
ходом,1
пролетел,1
белый,1
спортивный,1
гидроплан,1
чае,1
скалистую,1
горную,1
цепь,1
приблизился,1
отвесные,1
скалы,1
превратились,1
считать,1
этажи,1
стаде,1
отыскали,1
этажей,1
сдернул,1
крепко,1
держалась,1
некрашеный,1
деревянный,1
сырой,1
поручень,1
пристань,1
тысячи,1
махали,1
платками,1
надвигавшейся,1
громадине,1
последние,1
прошли,1
лихорадке,1
потерялись,1
друзья-практиканты,1
паспорт,1
пустят,1
поеду,1
нисколько,1
паспорте,1
всеми,1
разговаривает,1
держась,1
сходням,1
галдеж,1
тарахтенье,1
багажных,1
тележек,1
толчее,1
найти,1
багажа,1
париже,1
семьдесят,1
франков,1
фотографий,1
собственноручными,1
надписями,1
растерянно,1
бормотал,1
возьмем,1
автомашину,1
поедем,1
нашлись,1
наклеил,1
делалось,1
само,1
конвейер,1
вестибюль,1
внизу,1
носильщики,1
продавцы,1
газет,1
шоферы,1
таксомоторов,1
высовывая,1
окошек,1
втолкнул,1
багажом,1
ошеломленный,1
потерявший,1
присутствия,1
духа,1
шоферу,1
пульмановском,1
вагоне,1
сообразила,1
проехала,1
смогла,1
памяти,1
остался,1
ветхий,1
таксомотор,1
играло,1
радио,1
мрак,1
блеск,1
каких-то,1
неизвестных,1
улиц,1
доволен,1
как-никак,1
сесть,1
сколько,1
чай,1
кондуктору-негру,1
любезно,1
уложил,1
говорковские,1
багажную,1
сетку,1
приколол,1
проездные,1
спинкам,1
выяснилось,1
сделал,1
ошибок,1
сошел,1
подождал,1
курьера,1
приехавшего,1
встречать,1
во-вторых,1
дорогой,1
пульмановский,1
билет,1
достаткам,1
следовало,1
кош,1
отличающийся,1
пульмана,1
сидят,1
креслах,1
неподвижных,1
кожаных,1
диванчиках,1
в-третьих,1
долгой,1
душевной,1
борьбы,1
дал,1
негру,1
доллар,1
четверть,1
вашингтонском,1
вокзале,1
встретил,1
страхи,1
кончились,1
приехавших,1
усадили,1
полпредскую,1
машину,1
широким,1
улицам,1
обсаженным,1
деревьями,1
вдоль,1
нескончаемого,1
ряда,1
стоявших,1
обочин,1
тротуаров,1
асфальтовым,1
проспектам,1
прорезавшим,1
сады,1
парки,1
секретаря,1
показывала,1
правительственные,1
называла,1
тониной,1
сумбур,1
гремящий,1
поезде,1
приготовлена,1
комната,1
мебелью,1
ванной,1
собственной,1
кухней,1
газовая,1
плита,1
электрический,1
холодильный,1
шкаф,1
хозяйством,1
тянули,1
показывать,1
парадные,1
апартаменты,1
переходили,1
вспыхивали,1
хрустальные,1
люстры,1
шаги,1
неслышны,1
толстых,1
коврах,1
позолоченное,1
кресло,1
ноги,1
несли,1
железным,1
усталости,1
обошел,1
добросовестно,1
помещается,1
блаженно,1
отдыхая,1
кресле,1
снежном,1
облаке,1
неслась,1
русская,1
ямщик,1
поднявшись,1
рост,1
нахлестывал,1
лошадей,1
показал,1
потолок,1
наверху,1
живет,1
наш,1
уважением,1
помолчал,1
честь,1
прибытия,1
членов,1
колонии,1
железный,1
бойко,1
вознаграждая,1
пароходный,1
аскетизм,1
выезжал,1
конторщицей,1
хорошенькой,1
несмотря,1
усталость,1
чудесно,1
принялись,1
дразнить,1
какое,1
звание,1
присвоено,1
жду,1
комбриги,1
метите,1
полковника,1
дадут,1
усмешкой,1
представляете,1
чин,1
моим,1
годам,1
вечеринка,1
московская,1
выложено,1
нашлось,1
доме,1
по-московски,1
нарзаном,1
перерыве,1
томно,1
опустившись,1
диван,1
раздавил,1
граммофонных,1
пластинки,1
захаживайте,1
смотрите,1
рвота,1
беременна,1
вчерашней,1
называли,1
распространилось,1
известие,1
беременности,1
окончательно,1
полюбили,1
начавший,1
шифровальщика,1
шифровальной,1
целым,1
дням,1
изредка,1
поцеловать,1
наговорить,1
ласковой,1
чепухи,1
скучала,1
вашингтонской,1
грустная,1
повезла,1
домик,1
джорджа,1
проехав,1
мосту,1
тихую,1
реку,1
очутились,1
многополосной,1
бетонной,1
проходила,1
мимо,1
выхоленных,1
парков,1
светилась,1
подстриженная,1
трава,1
лужаек,1
землей,1
барьеры,1
волнистых,1
необработанных,1
древесных,1
стволов,1
поразило,1
нарочитое,1
элегантное,1
сочетание,1
предельно,1
гладкой,1
поверхности,1
грубыми,1
покрытыми,1
корой,1
сучковатыми,1
барьерами,1
напоминавшими,1
первых,1
пионеров,1
девственной,1
стране,1
поражала,1
тишина,1
скоростью,1
неслись,1
колонны,1
сигналов,1
тарахтенья,1
моторов,1
влетал,1
открытое,1
окно,1
доносилось,1
граммофонное,1
шипенье,1
терлись,1
шины,1
шероховатую,1
поверхность,1
расспрашивала,1
подруг,1
выезжала,1
играла,1
роли,1
драматическом,1
кружке,1
хотела,1
актрисой,1
окончила,1
школу-семилетку,1
любит,1
художественную,1
литературу,1
закалялась,1
сталь,1
прочесть,1
событий,1
езды,1
усадьбы,1
скрытым,1
равнодушием,1
кто-нибудь,1
приезжал,1
один-два,1
возили,1
добрая,1
прославленного,1
цветников,1
кодаками,1
животах,1
опустив,1
щелкали,1
затворами,1
обошли,1
навощенными,1
полами,1
тускло,1
блестела,1
старинная,1
мебель,1
поднялись,1
спальню,1
кровать,1
ситцевым,1
пологом,1
почивал,1
великий,1
было-тихо,1
давно,1
отлетела,1
бурная,1
двор,1
влетали,1
гонцы,1
запаренных,1
лошадях,1
сколачивались,1
соединенные,1
штаты,1
осталась,1
идиллия,1
старосветской,1
помещичьей,1
жил,1
страстный,1
джордж,1
афанасий,1
иванович,1
пульхерия,1
ивановна,1
энд,1
товстогуб,1
домом,1
старинный,1
спускавшийся,1
реке,1
бревенчатой,1
пользовался,1
дорожки,1
выложенные,1
плитами,1
фотографировали,1
жен,1
обратном,1
пути,1
чем-нибудь,1
учить,1
поступить,1
роде,1
меньше,1
хозяйства,1
хватит,1
заполнить,1
досуг,1
заскучаю,1
восторженно,1
произнесла,1
грустноватая,1
штатах,1
лавку,1
покупала,1
зелени,1
нарезанные,1
бифштексы,1
упакованные,1
прозрачную,1
бумагу,1
хлебцы,1
приказчик,1
лицо,1
называл,1
леди,1
достаточно,1
догадывался,1
желаниях,1
кухне,1
тонком,1
фартуке,1
резиновой,1
оборкой,1
подарила,1
новоселье,1
светская,1
стряпала,1
рефрижераторе,1
лежали,1
грейпфрута,1
яйца,1
молоком,1
масло,1
стряпать,1
изготовление,1
уходило,1
урок,1
сожалению,1
отнимал,1
пообедав,1
устремлялся,1
шифровальную,1
выходила,1
общий,1
коридор,1
стучалась,1
кому-нибудь,1
просилась,1
прочла,1
русские,1
достала,1
селились,1
библиотеки,1
ленинграде,1
харькове,1
мужем,1
удивленно,1
целых,1
двенадцать,1
удивлялся,1
прошло,1
принесли,1
давнишнюю,1
поняла,1
заехала,1
восторгались,1
фотографией,1
посылали,1
горячий,1
отчего,1
радости,1
печали,1
задумчивая,1
громаден,1
тяжеловесно,1
богат,1
сумрака,1
просвечивало,1
алтарное,1
золото,1
украшений,1
темному,1
залу,1
неслышно,1
худенькие,1
франтоватые,1
капельдинерши,1
фонариками,1
указывая,1
вновь,1
вошедшим,1
свободные,1
места,1
ножкам,1
проходов,1
прикреплены,1
лампочки,1
пол,1
слабый,1
желтый,1
свет,1
сделано,1
удобства,1
входящих,1
выходящих,1
кресла,1
мягкие,1
разрешалось,1
курить,1
медленные,1
прохладные,1
ветерки,1
веяли,1
температура,1
воздуха,1
регулировалась,1
автоматически,1
удушающая,1
жара,1
воняло,1
асфальтом,1
бензином,1
тяжелый,1
август,1
апрель,1
пахло,1
фиалками,1
ничуть,1
картин,1
музыкальная,1
комедия,1
сюжет,1
заключался,1
следующем,1
мюзик-холле,1
готовится,1
новая,1
соперницы,1
претендуют,1
главную,1
роль,1
программе,1
отталкивающим,1
директор,1
комик,1
кому,1
отдать,1
предпочтение,1
начинается,1
соревнование,1
откаблучивает,1
выступает,1
выбивает,1
превосходно,1
побить,1
положительной,1
блондинки,1
вырывается,1
сцену,1
поражает,1
директора,1
невиданной,1
чечеткой,1
подавленный,1
подписывает,1
контракт,1
блондинкой,1
противная,1
посрамлена,1
выходит,1
богатого,1
красавца,1
подобную,1
бедная,1
провинциальная,1
телефонистка,1
всякой,1
подготовки,1
начинает,1
балерин,1
свете,1
очарована,1
исходившим,1
сиянием,1
великолепной,1
техники,1
чистотой,1
звука,1
бешеными,1
чечетками,1
выбивали,1
длинноногие,1
запоминались,1
мотивчики,1
повторять,1
приготовляя,1
брекфест,1
мурлыкала,1
слабеньким,1
куплеты,1
своем,1
фартучке,1
десятая,1
добавляла,1
раздражать,1
вышло,1
музыка,1
мелодичная,1
актрисы,1
подобраны,1
красивые,1
веселить,1
душу,1
омрачало,1
многое,1
понравилось,1
лишены,1
названий,1
продольные,1
обозначались,1
буквами,1
алфавита,1
поперечные,1
цифрами,1
м,1
-ой,1
-я,1
углу,1
плюс,1
квадрате,1
гипотенузой,1
площадь,1
пифагоровых,1
штанов,1
говорите,1
гадостей,1
считаю,1
вмешалась,1
гадость,1
живете,1
живу,1
спешите,1
выводами,1
алгеброй,1
самой,1
алгебре,1
стоят,1
удобные,1
неважное,1
е,1
давайте,1
будущей,1
посмотрим,1
какая-нибудь,1
труппа,1
даст,1
спектаклей,1
постоянного,1
переспросила,1
кинематографы,1
чьей,1
спокойная,1
детка,1
ясное,1
выгоден,1
существовал,1
прибыльное,1
нету,1
медном,1
тазу,1
буркнул,1
вернемся,1
художественный,1
дописывать,1
пришла,1
заграничную,1
кинокартину,1
„так,1
думают,1
девушки“,1
фокстроты,1
чарльстоны,1
западные,1
печально,1
гордо,1
приписала,1
обхохотаться,1
иначе,1
ожидали,1
заграничной,1
поверили,1
подумали,1
ломается,1
се,1
прекрасных,1
прочих,1
падать,1
деревьев,1
листья,1
развлекают,1
сияющая,1
кухня,1
приставать,1
смущенно,1
маленький,1
штат,1
устроилась,1
амторге,1
потерпи,1
мальчик…,1
вставила,1
станет,1
предстояли,1
приданое,1
ванночку,1
нужны,1
экономить,1
задумали,1
пластинками,1
ездить,1
автобусе,1
совершала,1
путь,1
полезно,1
останавливалась,1
витрины,1
рассматривала,1
приглянувшийся,1
голубом,1
чехле,1
мнения,1
терял,1
веселости,1
огорчало,1
простуживаться,1
привык,1
московскому,1
морозу,1
тепло,1
январе,1
выпадал,1
продолжали,1
короткие,1
письма,1
которых,1
сообщали,1
ходят,1
каток,1
шестидневку,1
вечеринки,1
член,1
командированный,1
ведения,1
кружка,1
зимний,1
хочет,1
лыжах,1
лена,1
бачкова,1
стахановкой,1
перекрыла,1
нормы,1
получила,1
ленинградский,1
пластинок,1
числе,1
спасибо,1
сердце,1
гопак,1
оперы,1
сорочинская,1
ярмарка,1
исполнении,1
симфонического,1
оркестра,1
неинтересно,1
веселишься,1
забыла,1
композитор,1
ухаживает,1
узкий,1
непомерно,1
длинный,1
пролежала,1
звать,1
развлечь,1
пойду,1
знаменитый,1
фильм,1
стоил,1
отстань,1
января,1
говорковыми,1
стряслось,1
громадное,1
непоправимое,1
полпредских,1
приемов,1
приглашались,1
представители,1
искусства,1
науки,1
промышленности,1
непривычки,1
стесненным,1
подальше,1
напряженным,1
отпивая,1
коктейль,1
бокала,1
тошноты,1
накуриваясь,1
сигаретами,1
последний,1
осмелел,1
вступил,1
толстым,1
симпатичным,1
темы,1
посчастливилось,1
вспомнил,1
вечные,1
климат,1
должно,1
происходят,1
немедленно,1
поверьте,1
моему,1
опыту,1
мистер…,1
…мистер,1
позволю,1
рекомендовать,1
врача,1
вырежет,1
ваши,1
почувствуете,1
поблагодарил,1
обязательного,1
толстяка,1
вытащил,1
блокнот,1
записал,1
беседа,1
потекла,1
сама,1
выпили,1
несколькой,1
коктейлей,1
расстались,1
довольные,1
придя,1
хвастался,1
успехами,1
светском,1
обращении,1
всему,1
понемножку,1
научаемся,1
осваиваем,1
область,1
позвали,1
телефону,1
незнакомый,1
сообщил,1
слушаю,1
беседу,1
мистером,1
саммерфильдом,1
относительно,1
маленькая,1
просит,1
заехать,1
американская,1
аккуратность,1
просил,1
передать,1
саммерфильду,1
чувство,1
живейшей,1
благодарности,1
половине,1
никому,1
сказавшись,1
попросив,1
шика,1
завхоза,1
полпредский,1
поехал,1
записанному,1
адресу,1
понравился,1
абсолютно,1
элегантно,1
одетый,1
модными,1
черными,1
пробором,1
длинные,1
худые,1
нервные,1
пальцы,1
крупье,1
круглым,1
зеркалом,1
лбу,1
красив,1
обаятелен,1
благожелательно,1
похлопав,1
плечу,1
надел,1
халат,1
перламутровыми,1
пуговицами,1
костино,1
горло,1
горячностью,1
ожидал,1
заявил,1
согласен,1
расстаться,1
надоели,1
ассистент,1
сестра,1
милосердия,1
молниеносно,1
вырезал,1
говоркову,1
щипцами,1
утверждал,1
всяком,1
случае,1
больно,1
жалела,1
пролежал,1
питался,1
мороженым,1
вслух,1
газеты,1
оба,1
счастливы,1
имя,1
пакет,1
ошибка,1
пошел,1
марье,1
власьевне,1
узнать,1
могло,1
значить,1
чепуха,1
написано,1
лишний,1
нуль,1
попал,1
ошибке,1
возмущался,1
громадная,1
сумма,1
надевая,1
пенсне,1
рассматривая,1
направил,1
алексей,1
дмитриевич,1
зайди,1
случилась,1
товарищем,1
взял,1
недоумением,1
послал,1
вовсе,1
обиделся,1
спросили,1
кого-нибудь,1
посоветовались,1
советоваться,1
гланда,1
гланда-то,1
важно,1
рекомендации,1
миллионера,1
естественно,1
считает,1
миллионером,1
кадиллаке,1
ройсе,1
возможно,1
берет,1
абсурд,1
поганое,1
никаких,1
разговоров,1
грабеж,1
простонал,1
лечиться,1
власти,1
знать,1
практике,1
произвел,1
бюджете,1
разрушения,1
зимних,1
коляски,1
чудной,1
детском,1
авансом,1
восемьдесят,1
катастрофа,1
утешала,1
сознание,1
совершил,1
непоправимую,1
глупость,1
заставляло,1
страдать,1
светлой,1
комнатке,1
сделалось,1
замечательной,1
люлька,1
какую,1
покупают,1
бедные,1
негритянки,1
копейки,1
надвигалось,1
готовилась,1
непохоже,1
хватался,1
голову,1
подходит,1
представлении,1
роды,1
болезнь,1
связаны,1
болеешь,1
платит,1
соцстрах,1
думал,1
отказываюсь,1
подобной,1
обстановке,1
службе,1
рожала,1
сотрудница,1
месяца,1
гуляла,1
засмеялся,1
понравились,1
молоденькие,1
притаившись,1
вспоминали,1
раньше,1
ценили,1
думали,1
замечая,1
принимая,1
должное,1
естественное,1
полагаться,1
трагической,1
истории,1
сделался,1
осторожным,1
узнавал,1
наперед,1
легче,1
выбрали,1
недорогую,1
лечебницу,1
ставили,1
предварительную,1
консультацию,1
сиделку,1
сестру,1
лекарства,1
словом,1
тревожившийся,1
заикнулся,1
пригласить,1
профессора,1
такую,1
сумму,1
злобно,1
нос,1
профессор,1
моргана,1
рожает,1
вижу,1
удовольствие,1
пролетариата,1
пионерских,1
нем,1
докладики,1
столкнулась,1
рассердилась,1
капиталистическая,1
система,1
мешала,1
вредно,1
волноваться,1
ругала,1
систему,1
сердитесь,1
границей,1
ничто,1
удобным,1
красивым,1
нравились,1
магазины,1
страстностью,1
докладах,1
политкружке,1
обеспеченные,1
заработком,1
трудом,1
свести,1
концы,1
концами,1
условиях,1
подтверждал,1
уеду,1
слезами,1
увидите,1
родился,1
разоренные,1
погрязшие,1
долгах,1
безмерно,1
радовались,1
крупный,1
весил,1
фунтов,1
докладывал,1
девяти,1
старым,1
фунтам,1
родившийся,1
почве,1
законам,1
американским,1
гражданином,1
имел,1
право,1
избранным,1
президенты,1
возможный,1
президент,1
юный,1
советский,1
гражданин,1
торжестве,1
приняла,1
участие,1
первой,1
явилась,1
катя,1
лакированную,1
напоминавшую,1
обтекаемыми,1
формами,1
междупланетный,1
снаряд,1
принявшая,1
мук,1
томная,1
удержалась,1
коляска,1
та,1
раздался,1
уронила,1
купила,1
вскладчину,1
атташихой,1
воплощенная,1
мечта,1
прекрасную,1
дорогую,1
игрушку,1
шести,1
лошадку,1
волосатой,1
шкурой,1
хвостом,1
челкой,1
удивленными,1
стеклянными,1
глазами,1
холостяком,1
разбирался,1
детских,1
делах,1
каждому,1
входящему,1
годится,1
растрогался,1
знакомая,1
американочка,1
стенографисткой,1
машинисткой,1
коляске,1
развел,1
поднесла,1
младенцу,1
резиновую,1
погремушку,1
улыбаясь,1
отступила,1
внесли,1
цветы,1
полпреда,1
торопился,1
дипломатический,1
прием,1
фраке,1
цилиндр,1
элегантный,1
простым,1
лицом,1
седыми,1
висками,1
постоял,1
новорожденного,1
поздравил,1
любительский,1
ребеночек,1
нельзя,1
развлекать,1
маленького,1
джентльмена,1
первое,1
развлекал,1
пошло,1
постепенно,1
затянулись,1
бюджетные,1
раны,1
нанесенные,1
доктором,1
администрацией,1
родильного,1
месяцев,1
выучился,1
обезьянка,1
тряс,1
прутья,1
усовершенствованной,1
колыбели,1
бюджет,1
равновесие,1
летом,1
выехать,1
удалось,1
уверял,1
дача,1
начинал,1
бормотать,1
мол,1
едет,1
нюхает,1
чистый,1
как-нибудь,1
душное,1
симпатичном,1
перерыва,1
наполняют,1
бензиновыми,1
испарениями,1
тяжелое,1
увозила,1
междупланетном,1
снаряде,1
прекрасный,1
другую,1
реки,1
негритянских,1
нянь,1
баюкали,1
пришло,1
толстое,1
конверта,1
выпали,1
газетная,1
любительская,1
фотография,1
размером,1
изображена,1
ситцевом,1
сарафане,1
исполняющая,1
русскую,1
народную,1
пляску,1
поднятой,1
кокетливо,1
держала,1
платочек,1
сапогах,1
косоворотке,1
красавец,1
петра,1
передышкина,1
соседнего,1
завода,1
судя,1
остолбенелым,1
взглядам,1
танцоров,1
фотограф-любитель,1
заставил,1
двигаясь,1
крайней,1
мере,1
секунд,1
здравствуй,1
забудешь,1
вспомнили,1
особенных,1
интересов,1
наверное,1
американских,1
газетах,1
весной,1
образовался,1
самодеятельный,1
прошлой,1
выступал,1
исполнили,1
„русскую“,1
бис,1
„казачок“,1
соло,1
узнаешь,1
композитора,1
руководит,1
музыкальным,1
кружком,1
фамилия,1
миша,1
григорьев,1
подписывается,1
произведениями,1
иван,1
лесной,1
кандидат,1
члены,1
примут,1
пишет,1
симфонию,1
моей,1
представляю,1
тип,1
новой,1
веселый,1
разыгрывает,1
люблю,1
общем,1
видишь,1
особенного,1
августе,1
вдвоем,1
оптэ,1
облазили,1
южный,1
берег,1
подымались,1
вершине,1
восход,1
солнца,1
мировой,1
довольны,1
нашу,1
новый,1
корпус,1
сносится,1
грязь,1
приедешь,1
найдешь,1
мест,1
наша,1
молодость,1
девятнадцать,1
исполнится,1
восемнадцать,1
случаю,1
намечается,1
вечорка,1
твоего,1
вову,1
красивый,1
шлем,1
сердечный,1
веселись-веселись,1
забывай,1
вырезку,1
верни,1
экземпляр,1
истрепана,1
побывала,1
многих,1
карандашом,1
обведены,1
строчки,1
фабрики,1
исполненной,1
русской,1
пляской,1
стахановка,1
калерия,1
коршунова,1
совместно,1
обнаружили,1
яркий,1
красочный,1
талант,1
заслуженный,1
успех,1
недрах,1
народа,1
выковываются,1
свежие,1
яркие,1
красочные,1
таланты,1
выдержала,1
зарыдала,1
густо,1
страстно,1
цыганка,1
сказалось,1
утомление,1
матери,1
отлучиться,1
одиночество,1
блеска,1
большого,1
здоровая,1
зависть,1
фабрика,1
могла,1
выступать,1
сидеть,1
провинциальном,1
пойти,1
множество,1
дел,1
торопилась,1
опоздать,1
дела,1
интересные,1
нужные,1
значительные,1
жила,1
больнице,1
благоустроенно,1
безумно,1
хочется,1
свободу,1
рыдала,1
горько,1
безнадежно,1
испугался,1
сдержанным,1
терпеливым,1
жаловалась,1
несчастна,1
встревожена,1
крошечная,1
заботы,1
людях,1
охватили…,1
возразила,1
прикована,1
ребенку,1
няньку,1
нанять,1
бесплатных,1
ясель,1
взрослый,1
виноват,1
товарищ,1
уделять,1
внимания,1
оправдывался,1
простая,1
серьезным,1
пьесам,1
разбираются,1
всякие,1
актуальные,1
вопросы,1
приедет,1
скучает,1
закалки,1
понимает,1
зимовку,1
острове,1
врангеля,1
работай,1
сиди,1
полярной,1
ночи,1
работа,1
том-то,1
работы,1
занимается,1
учится,1
оставьте,1
кончите,1
скрывала,1
отчаяния,1
заплаканная,1
бравым,1
специальное,1
название,1
ностальгия,1
тоска,1
больны,1
когда-нибудь,1
сказали,1
должен,1
остаться,1
воевал,1
сентиментальный,1
заплакал,1
хотите,1
тонечки,1
советским,1
условиям,1
трудно,1
всячески,1
старался,1
проводить,1
выгонял,1
оставался,1
навострился,1
купал,1
ловкостью,1
старой,1
няньки,1
убаюкивал,1
песней,1
долинам,1
взгорьям,1
дивизия,1
воинственные,1
звуки,1
засыпал,1
прилетели,1
милой,1
приветливой,1
дружбу,1
наладил,1
умный,1
сообразив,1
развлекаться,1
подружилась,1
заходили,1
усаживались,1
высокую,1
стойку,1
подавал,1
рыжий,1
продавец,1
полотняной,1
кантом,1
аптеке,1
стойкой,1
высоких,1
рояльных,1
табуретках,1
задушевные,1
аптечный,1
бармэн,1
проворно,1
выжимал,1
машинкой,1
сок,1
апельсинов,1
накладывал,1
стаканы,1
покупателей,1
вынос,1
жарил,1
блины,1
раскаленной,1
электричеством,1
металлической,1
доске,1
приготовлял,1
шипящий,1
напиток,1
головной,1
боли,1
звоном,1
вытаскивал,1
чеки,1
автоматической,1
кассы,1
успевал,1
бросить,1
посетительницам,1
поощрительные,1
терять,1
жизнерадостности,1
расстелив,1
коленях,1
салфетки,1
облокотясь,1
прилавок,1
подолгу,1
болтали,1
понимали,1
ошибку,1
сердечно,1
смеялись,1
аптечные,1
выглядели,1
засиживаться,1
едой,1
рассказывала,1
подругах,1
клаве,1
краймиа,1
рассудительно,1
отпуску,1
автомобиле,1
засмеялась,1
дорог,1
которым,1
едут,1
поездом,1
удобно,1
туристов,1
автобусы,1
специальные,1
туристские,1
базы,1
объездили,1
замешательству,1
объездила,1
разу,1
гостях,1
тетки,1
провела,1
рождество,1
так-то,1
калифорнию,1
флориду,1
путешествовать,1
богатые,1
безработные,1
странствующие,1
поисках,1
заработка,1
иностранцы,1
считают,1
путешествуем,1
большинстве,1
случаев,1
сидим,1
одном,1
видим,1
контор,1
деньги,1
трачу,1
квартиру,1
прилично,1
одеваться,1
лишних,1
наговорившись,1
вдоволь,1
провожала,1
подымалась,1
заставали,1
одну,1
серьезный,1
наклонялась,1
голосочком,1
гуд,1
уходила,1
опрятная,1
завитая,1
нежно,1
улыбалась,1
представлялась,1
чистенькой,1
деловитой,1
певчей,1
птичкой,1
обитающей,1
налита,1
вода,1
цинковую,1
чашечку,1
рассыпана,1
блестящая,1
конопля,1
приготовлен,1
сюрприз,1
обсуждала,1
судьбу,1
единогласно,1
младенец,1
останется,1
попечении,1
марьи,1
власьевны,1
поедут,1
многочисленных,1
сотрудников,1
интересная,1
седьмого,1
ноября,1
отправятся,1
детский,1
советскую,1
днем,1
осматривать,1
состоится,1
генеральном,1
консульстве,1
триста,1
советских,1
вашингтонского,1
затворничества,1
поездка,1
казалась,1
поездкой,1
родину,1
числа,1
ночевали,1
натальи,1
павловны,1
пожилые,1
обрадовалась,1
дядя,1
тетя,1
потащили,1
женщин,1
бродвей,1
бродвейского,1
света,1
затихла,1
гуляли,1
посматривали,1
зажгли,1
бродвеем,1
миллиарды,1
электрических,1
огней,1
построили,1
небоскребы,1
ужинали,1
гостеприимных,1
хозяев,1
идти,1
спать,1
румяный,1
одиннадцатилетний,1
легким,1
английским,1
можете,1
осмотреть,1
мои,1
игрушки,1
терпеливо,1
ждал,1
конца,1
ужина,1
игрушек,1
представляли,1
огнестрельное,1
оружие,1
револьверы,1
ручные,1
трещавшие,1
извергавшие,1
огонь,1
закряхтел,1
стреляет,1
занимаются,1
игр,1
ума,1
бегают,1
гангстерские,1
изображают,1
бандитов,1
мой,1
свободное,1
школьных,1
занятий,1
устроили,1
хорошую,1
продолжал,1
пожалели,1
запрешь,1
парикмахера,1
обучает,1
моего,1
типа,1
ошибаешься,1
виноваты,1
условия,1
капиталистического,1
общества,1
слышали,1
влияние,1
нашей,1
игрушечные,1
ох,1
простонала,1
скорей,1
харьков,1
бруклин,1
коридорам,1
лестницам,1
красными,1
пионерскими,1
галстуками,1
запыхавшиеся,1
озабоченные,1
мамы,1
раскутывали,1
маленьких,1
дошкольников,1
приглашенных,1
отвести,1
уборную,1
никакого,1
торжество,1
сивцевом,1
вражке,1
усачевке,1
малыши,1
нулевого,1
скверно,1
говорившие,1
лепетавшие,1
настоящим,1
нью-йоркским,1
свидетельствовали,1
собрание,1
началось,1
классе,1
короткую,1
детям,1
празднуют,1
генеральный,1
прерывал,1
двухлетний,1
бурное,1
дитя,1
пушистом,1
шерстяном,1
костюме,1
увидев,1
папу,1
стоявшего,1
аудиторией,1
взмахивавшего,1
взволновался,1
покамест,1
понадобилось,1
обстоятельство,1
дало,1
консулу,1
возможность,1
закончить,1
необходимой,1
плавностью,1
приступим,1
начались,1
выступления,1
декламировали,1
стихи,1
хором,1
партизанские,1
песни,1
разыграли,1
крохотную,1
сочиненную,1
школьником,1
пьесе,1
участвовали,1
воины,1
рабочие,1
бумажной,1
золотой,1
короне,1
действия,1
душил,1
смех,1
актеры,1
сердитые,1
затем,1
раздача,1
подарков,1
отличившимся,1
школьникам,1
получил,1
способностям,1
джека,1
лондона,1
обещаю,1
хорошие,1
способности,1
рассмешило,1
леню,1
получив,1
принимались,1
распаковывать,1
одному,1
роликовые,1
мальчика,1
напали,1
отобрали,1
страдал,1
дарим,1
однако,1
осчастливленному,1
предстояло,1
испытание,1
возвращался,1
место,1
сжимая,1
напал,1
шерстяной,1
крича,1
дребезжащим,1
дай,1
выдирать,1
счастью,1
маленьким,1
гостям,1
раздавать,1
выпустив,1
ролики,1
бросился,1
получать,1
резинового,1
микки,1
мауса,1
приступили,1
открылось,1
явиться,1
сотрудники,1
находящиеся,1
командировке,1
различным,1
техническим,1
делам,1
команда,1
советского,1
грузился,1
нью-йоркском,1
порту,1
мешал,1
чувствовали,1
связанными,1
экипаж,1
корабля,1
справляющего,1
праздники,1
далеком,1
официальной,1
части,1
водится,1
неофициальная,1
шумно,1
веселилась,1
поняли,1
удивились,1
вашингтонские,1
пользовались,1
несомненным,1
успехом,1
соседнем,1
длинных,1
столах,1
водка,1
родимый,1
нарзан,1
ела,1
пила,1
приглашали,1
увидит,1
живых,1
таком,1
количестве,1
заметила,1
толпе,1
старых,1
неразлучных,1
практикантов,1
которыми,1
познакомились,1
узнали,1
хохоча,1
троица,1
полнейшем,1
застенчивые,1
юнцы,1
мешковатых,1
впрочем,1
костлявее,1
выросли,1
сделались,1
старше,1
нахальные,1
сшитые,1
дешевые,1
костюмы,1
готового,1
тесные,1
воротнички,1
прочные,1
ботинки,1
покрыты,1
мозолями,1
царапинами,1
казались,1
настоящими,1
американскими,1
механиками,1
лайк,1
ожидала,1
услышать,1
знакомое,1
бог,1
америкой,1
добраться,1
закричали,1
замечательная,1
чертовская,1
техника,1
работают,1
посмотришь,1
завод,1
простотой,1
организация,1
производства,1
уверяю,1
кое-чему,1
подучились,1
чему,1
встреча,1
вызвала,1
дикий,1
восторг,1
наперебой,1
острили,1
работе,1
поездках,1
вставляли,1
фразы,1
мешали,1
соседний,1
поспешно,1
боялся,1
пропустить,1
выпил,1
рюмок,1
водки,1
хохотал,1
смешило,1
практиканта,1
увлечением,1
технический,1
получили,1
заводах,1
использовать,1
союзе,1
засыпали,1
техническими,1
выражениями,1
удивительное,1
восхищалась,1
оказалась,1
-м,1
стритом,1
пятой,1
пятницкой,1
москва-реки,1
кремль,1
проводили,1
наталью,1
павловну,1
ведмедевых,1
манхэттен,1
горланили,1
подножий,1
подвели,1
радио-сити,1
разъясняли,1
женщинам,1
методы,1
возведения,1
столь,1
громадных,1
зданий,1
главным,1
оратором,1
подвыпивший,1
хохотун,1
сигарой,1
никак,1
докурить,1
виде,1
вершина,1
терялась,1
утреннем,1
протрезвел,1
настоящую,1
лекцию,1
механизации,1
строительных,1
работ,1
американизировавшиеся,1
явились,1
ведмедевым,1
потребовали,1
деловито,1
твердили,1
разложившись,1
безобразие,1
работали,1
звери,1
уезжаем,1
какая,1
филадельфия,1
практикант,1
нахальными,1
свердловск,1
вытащили,1
карманов,1
комплекты,1
проездных,1
документов,1
билетные,1
листы,1
величиной,1
платежную,1
ведомость,1
зеленые,1
анкеты,1
свидетельства,1
таможни,1
разноцветные,1
багажные,1
шпагатиками,1
привязывать,1
ручкам,1
чемоданов,1
садимся,1
иль,1
де-франс,1
сбрею,1
знаменитые,1
мировые,1
девять,1
перебирала,1
похолодевшими,1
пальцами,1
реальность,1
ощущать,1
москва,1
овладела,1
мыслями,1
мучилась,1
нашлась,1
обыкновеннейшую,1
счастливые,1
прокричали,1
прощанье,1
сыром,1
железнодорожном,1
инженерам,1
помочь,1
взялся,1
бормоча,1
анюта,1
оделся,1
вывел,1
слава,1
богу,1
едем,1
район,1
зайдем,1
клаб,1
вертепчик,1
райончике,1
разберемся,1
инженер,1
допустил,1
старого,1
ныо-йоркца,1
находитесь,1
миллион,1
следовательно,1
пользоваться,1
автомобилем,1
бессмысленно,1
отсталый,1
медленный,1
транспорта,1
собвей,1
гарлеме,1
пятнадцать,1
безнадежно-прямыми,1
грязноватыми,1
слабо,1
освещенными,1
улицами,1
создал,1
экскурсантов,1
впечатление,1
тайны,1
изо,1
раздувал,1
бандиты,1
убийцы,1
подходим,1
внимание,1
ждала,1
случая,1
завизжать,1
ужасом,1
схватила,1
руку,1
страх,1
выпрямились,1
стараясь,1
придать,1
бывалых,1
шкиперов,1
рыба,1
воде,1
свернули,1
обстроенную,1
старомодными,1
двухэтажными,1
домами,1
каждая,1
квартира,1
имела,1
собственное,1
высокое,1
каменное,1
крыльцо,1
десятком,1
ступеней,1
спускавшихся,1
тротуару,1
зашептал,1
проститутка,1
взволнованным,1
туристам,1
негритянка,1
корзиной,1
почтенная,1
содом,1
гоморра,1
щелкнула,1
крылец,1
негритянская,1
бабушка,1
язвительно,1
задерживаться,1
заторопился,1
убить,1
иронически,1
спросил,1
любитель,1
сигар,1
хихикнула,1
обидчиво,1
случайность,1
притон,1
идем,1
попадаться,1
старые,1
ручку,1
женами,1
подозрительно,1
постного,1
вида,1
обнаружилось,1
идут,1
церкви,1
кончилась,1
страшная,1
седьмую,1
спутал,1
произнес,1
неважно,1
ездили,1
глядят,1
атмосфера,1
порока,1
седьмой,1
светились,1
электрические,1
рекламы,1
ночных,1
ресторанов,1
бродили,1
дерзким,1
выражением,1
светлых,1
набекрень,1
углах,1
черные,1
тени,1
домов,1
блестели,1
металлические,1
гербы,1
пуговицы,1
полисменов,1
ночное,1
заведение,1
названием,1
черная,1
кошка,1
шампанского,1
обязательный,1
заказ,1
двум,1
долларам,1
войти,1
мулаты,1
красных,1
приняли,1
шляпы,1
макинтоши,1
гостей,1
помещалась,1
площадка,1
отделенная,1
барьером,1
заняты,1
пустовали,1
любезный,1
подносом,1
пританцовывая,1
отвел,1
барьера,1
скользком,1
паркете,1
танцевальной,1
площадки,1
стояло,1
красное,1
колесиках,1
подвозили,1
ко,1
столикам,1
тучный,1
крючковатым,1
носом,1
заглядывая,1
посетителям,1
чудесной,1
легкостью,1
наигрывал,1
синкопированные,1
мелодии,1
пританцовывали,1
опираясь,1
локтями,1
дошла,1
ведмедевской,1
компании,1
пианист,1
склонившись,1
корпусом,1
самому,1
закатив,1
желтоватые,1
белки,1
глаз,1
тихо,1
проникновенно,1
запел,1
негритянскую,1
песню,1
умереть,1
каролине,1
подпевали,1
покачивая,1
подносами,1
важный,1
поет,1
следующему,1
свободнее,1
заказал,1
джин-фис,1
крепкую,1
смесь,1
джина,1
лимонным,1
соком,1
закажете,1
содовую,1
воду,1
возьмут,1
стесняться,1
нечего,1
тесной,1
эстраде,1
расселся,1
джаз,1
площадку,1
выбежал,1
мулат,1
цилиндре,1
застучал,1
ногами,1
лаковых,1
туфлях,1
выскочили,1
десятка,1
голых,1
мулаток,1
перьями,1
поясе,1
стучали,1
каблуками,1
вращали,1
бедрами,1
настучавшись,1
навращавшись,1
убежали,1
вернуться,1
цилиндрах,1
отбивали,1
потребовал,1
вторую,1
порцию,1
джин-фиса,1
смирно,1
подмигивали,1
здорово,1
разлагаемся,1
выбегали,1
наступил,1
антракт,1
публика,1
инженерами,1
овладел,1
рецидив,1
застенчивости,1
мокрую,1
темную,1
бодро,1
выполнена,1
полностью,1
спросят,1
ответить,1
нетолько,1
копались,1
кое-что,1
прощались,1
задушевно,1
съездить,1
якобы,1
необыкновенный,1
сидите,1
доказывал,1
зачем,1
дикая,1
скука,1
повернули,1
отеля,1
затихшими,1
стритами,1
слышался,1
вернувшись,1
нашла,1
вырос,1
изменилось,1
труднее,1
нью-йоркских,1
отвыкла,1
заточения,1
парке,1
привыкать,1
чувствовала,1
привыкнет,1
завидовала,1
энергичной,1
работящей,1
посторонним,1
разбирать,1
дипломатическую,1
почту,1
сдержалась,1
тоске,1
обычная,1
улыбка,1
сошла,1
дорогая,1
уедете,1
моя,1
родина,1
проживу,1
мужчины,1
жениться,1
поражена,1
вечно,1
улыбающаяся,1
бывает,1
человеку,1
заключен,1
срок,1
заключенным,1
зажигая,1
огня,1
жалуясь,1
попудрились,1
пошли,1
напротив,1
покушать,1
мороженого,1
веселого,1
рыжего,1
парня,1
теплая,1
мокрая,1
зима,1
подходила,1
темным,1
окну,1
идет,1
крышах,1
позавтракал,1
мыться,1
плакал,1
предстоял,1
обыкновеннейший,1
вряд,1
дойти,1
оглушительную,1
новость,1
возбужденно,1
решилась,1
судьба,1
понять,1
привалило,1
неслыханное,1
помыла,1
утро,1
бродил,1
немытой,1
физиономией,1
спотыкаясь,1
разложенные,1
полу,1
таща,1
мамины,1
папины,1
недели,1
париж,1
негорелое,1
польской,1
станции,1
столбцы,1
границе,1
полустанке,1
колосово,1
задержался,1
ходу,1
соскакивать,1
щеголеватых,1
шубках,1
серо-собачьими,1
воротниками,1
прошел,1
метров,1
замиранием,1
сердца,1
протирать,1
стекло,1
зимнего,1
деревянную,1
вышку,1
красноармеец,1
длинном,1
сторожевом,1
тулупе,1
шлеме,1
осветили,1
огни,1
ствол,1
вышка,1
часового,1
заваливало,1
снегом,1
отряхивался,1
неподвижный,1
суровый,1
величественный,1
памятник,1
